1001,1001,added,2009-03-03 16:51:36.81817,"",,clerk
1002,1001,workflow,2009-03-03 16:51:36.978096,Create :  [ transition from new to draft bill ],,clerk
1003,1001,modified,2009-03-03 16:51:36.980685,"",,clerk
1004,1002,added,2009-03-03 16:57:24.730773,"",,clerk
1005,1002,workflow,2009-03-03 16:57:24.766665,Create :  [ transition from new to draft bill ],,clerk
1006,1002,modified,2009-03-03 16:57:24.768322,"",,clerk
1007,1001,modified,2009-03-03 16:57:51.087265,Identifer,,clerk
1008,1003,added,2009-03-03 17:06:44.179316,"",,clerk
1009,1003,workflow,2009-03-03 17:06:44.255347,Create :  [ transition from new to draft bill ],,clerk
1010,1003,modified,2009-03-03 17:06:44.257086,"",,clerk
1011,1004,added,2009-03-03 17:10:41.662561,"",,clerk
1012,1004,workflow,2009-03-03 17:10:41.700477,Create :  [ transition from new to draft bill ],,clerk
1013,1004,modified,2009-03-03 17:10:41.702259,"",,clerk
1014,1005,added,2009-03-03 17:16:18.243826,"",,clerk
1015,1005,workflow,2009-03-03 17:16:18.322943,Create :  [ transition from new to draft bill ],,clerk
1016,1005,modified,2009-03-03 17:16:18.325122,"",,clerk
1017,1006,added,2009-03-03 17:20:13.029341,"",,clerk
1018,1006,workflow,2009-03-03 17:20:13.377827,Create :  [ transition from new to draft bill ],,clerk
1019,1006,modified,2009-03-03 17:20:13.379724,"",,clerk
1020,1007,added,2009-03-04 11:58:55.824826,"",,zope.anybody
1021,1007,workflow,2009-03-04 11:58:55.956962,Create :  [ transition from new to draft bill ],,zope.anybody
1022,1007,modified,2009-03-04 11:58:55.959161,"",,zope.anybody
1023,1008,added,2009-03-04 12:07:16.071181,"",,zope.anybody
1024,1008,workflow,2009-03-04 12:07:16.13729,Create :  [ transition from new to draft bill ],,zope.anybody
1025,1008,modified,2009-03-04 12:07:16.138983,"",,zope.anybody
1026,1009,added,2009-03-04 12:16:54.069048,"",,zope.anybody
1027,1009,workflow,2009-03-04 12:16:54.120327,Create :  [ transition from new to draft bill ],,zope.anybody
1028,1009,modified,2009-03-04 12:16:54.121976,"",,zope.anybody
1029,1010,added,2009-03-04 12:21:42.717835,"",,zope.anybody
1030,1010,workflow,2009-03-04 12:21:42.757853,Create :  [ transition from new to draft bill ],,zope.anybody
1031,1010,modified,2009-03-04 12:21:42.759514,"",,zope.anybody
