1001,1011,added,2009-03-05 12:23:46.818894,"",,clerk
1002,1011,workflow,2009-03-05 12:23:46.977989,Create :  [ transition from new to draft question ],,clerk
1003,1011,modified,2009-03-05 12:23:46.981255,"",,clerk
1004,1012,added,2009-03-05 12:26:05.747442,"",,clerk
1005,1012,workflow,2009-03-05 12:26:05.784417,Create :  [ transition from new to draft question ],,clerk
1006,1012,modified,2009-03-05 12:26:05.786031,"",,clerk
1007,1013,added,2009-03-05 12:27:19.863655,"",,clerk
1008,1013,workflow,2009-03-05 12:27:19.898716,Create :  [ transition from new to draft question ],,clerk
1009,1013,modified,2009-03-05 12:27:19.900581,"",,clerk
1010,1014,added,2009-03-05 12:28:57.0691,"",,clerk
1011,1014,workflow,2009-03-05 12:28:57.093522,Create :  [ transition from new to draft question ],,clerk
1012,1014,modified,2009-03-05 12:28:57.11688,"",,clerk
1013,1015,added,2009-03-05 12:37:34.396964,"",,clerk
1014,1015,workflow,2009-03-05 12:37:34.437579,Create :  [ transition from new to draft question ],,clerk
1015,1015,modified,2009-03-05 12:37:34.439289,"",,clerk
1016,1016,added,2009-03-05 12:47:01.410952,"",,clerk
1017,1016,workflow,2009-03-05 12:47:01.448065,Create :  [ transition from new to draft question ],,clerk
1018,1016,modified,2009-03-05 12:47:01.449812,"",,clerk
1019,1017,added,2009-03-05 12:48:30.29326,"",,clerk
1020,1017,workflow,2009-03-05 12:48:30.310643,Create :  [ transition from new to draft question ],,clerk
1021,1017,modified,2009-03-05 12:48:30.312644,"",,clerk
1022,1018,added,2009-03-05 12:51:05.356224,"",,clerk
1023,1018,workflow,2009-03-05 12:51:05.483751,Create :  [ transition from new to draft question ],,clerk
1024,1018,modified,2009-03-05 12:51:05.48568,"",,clerk
1025,1019,added,2009-03-05 12:52:12.624251,"",,clerk
1026,1019,workflow,2009-03-05 12:52:12.658546,Create :  [ transition from new to draft question ],,clerk
1027,1019,modified,2009-03-05 12:52:12.660211,"",,clerk
1028,1020,added,2009-03-05 12:54:05.685959,"",,clerk
1029,1020,workflow,2009-03-05 12:54:05.704541,Create :  [ transition from new to draft question ],,clerk
1030,1020,modified,2009-03-05 12:54:05.724208,"",,clerk
1031,1021,added,2009-03-05 12:56:01.245746,"",,clerk
1032,1021,workflow,2009-03-05 12:56:01.264511,Create :  [ transition from new to draft question ],,clerk
1033,1021,modified,2009-03-05 12:56:01.266117,"",,clerk
