1,16,6,01/23/88 12:00 AM,12/12/91 12:00 AM,"resignation"
2,31,6,01/23/88 12:00 AM,11/05/92 12:00 AM,"end mandate"
3,41,6,01/23/88 12:00 AM,11/05/92 12:00 AM,"end mandate"
4,62,6,01/23/88 12:00 AM,11/05/92 12:00 AM,"end mandate"
5,78,6,01/23/88 12:00 AM,11/05/92 12:00 AM,"end mandate"
6,92,6,01/23/88 12:00 AM,11/05/92 12:00 AM,"end mandate"
7,101,6,01/23/88 12:00 AM,11/05/92 12:00 AM,"end mandate"
8,113,6,01/23/88 12:00 AM,11/05/92 12:00 AM,"end mandate"
9,129,6,01/23/88 12:00 AM,11/05/92 12:00 AM,"end mandate"
10,130,6,01/23/88 12:00 AM,11/05/92 12:00 AM,"end mandate"
11,146,6,01/23/88 12:00 AM,11/05/92 12:00 AM,"end mandate"
12,156,6,01/23/88 12:00 AM,11/05/92 12:00 AM,"end mandate"
13,176,6,01/23/88 12:00 AM,11/05/92 12:00 AM,"end mandate"
14,189,6,01/23/88 12:00 AM,11/05/92 12:00 AM,"end mandate"
15,190,6,01/23/88 12:00 AM,11/05/92 12:00 AM,"end mandate"
16,209,6,01/23/88 12:00 AM,11/05/92 12:00 AM,"end mandate"
17,219,6,01/23/88 12:00 AM,11/05/92 12:00 AM,"end mandate"
18,225,6,01/23/88 12:00 AM,11/05/92 12:00 AM,"end mandate"
19,100,6,01/23/88 12:00 AM,11/05/92 12:00 AM,"end mandate"
20,220,6,01/23/88 12:00 AM,11/05/92 12:00 AM,"end mandate"
21,167,6,01/23/88 12:00 AM,11/05/92 12:00 AM,"end mandate"
22,185,6,01/23/88 12:00 AM,11/05/92 12:00 AM,"end mandate"
23,173,6,01/23/88 12:00 AM,10/10/90 12:00 AM,"death"
24,93,6,01/23/88 12:00 AM,11/05/92 12:00 AM,"end mandate"
25,54,6,01/23/88 12:00 AM,11/05/92 12:00 AM,"end mandate"
26,52,6,01/23/88 12:00 AM,11/05/92 12:00 AM,"end mandate"
27,170,6,01/23/88 12:00 AM,11/05/92 12:00 AM,"end mandate"
28,40,6,01/23/88 12:00 AM,11/05/92 12:00 AM,"end mandate"
29,202,6,01/23/88 12:00 AM,11/05/92 12:00 AM,"end mandate"
30,174,6,01/23/88 12:00 AM,11/05/92 12:00 AM,"end mandate"
31,121,6,01/23/88 12:00 AM,11/05/92 12:00 AM,"end mandate"
32,195,6,01/23/88 12:00 AM,11/05/92 12:00 AM,"end mandate"
33,221,6,01/23/88 12:00 AM,06/12/92 12:00 AM,"death"
34,61,6,01/23/88 12:00 AM,11/05/92 12:00 AM,"end mandate"
35,133,6,01/23/88 12:00 AM,11/05/92 12:00 AM,"end mandate"
36,88,6,01/23/88 12:00 AM,11/05/92 12:00 AM,"end mandate"
37,203,6,01/23/88 12:00 AM,11/05/92 12:00 AM,"end mandate"
38,58,6,01/23/88 12:00 AM,11/05/92 12:00 AM,"end mandate"
39,13,6,01/23/88 12:00 AM,11/05/92 12:00 AM,"end mandate"
40,193,6,01/23/88 12:00 AM,11/05/92 12:00 AM,"end mandate"
41,117,6,01/23/88 12:00 AM,11/05/92 12:00 AM,"end mandate"
42,187,6,01/23/88 12:00 AM,11/05/92 12:00 AM,"end mandate"
43,127,6,01/23/88 12:00 AM,11/05/92 12:00 AM,"end mandate"
44,118,6,01/23/88 12:00 AM,06/16/92 12:00 AM,"death"
45,204,6,01/23/88 12:00 AM,11/05/92 12:00 AM,"end mandate"
46,22,6,01/23/88 12:00 AM,11/05/92 12:00 AM,"end mandate"
47,35,6,01/23/88 12:00 AM,11/05/92 12:00 AM,"end mandate"
48,74,6,01/23/88 12:00 AM,11/05/92 12:00 AM,"end mandate"
49,144,6,01/23/88 12:00 AM,11/05/92 12:00 AM,"end mandate"
50,95,6,01/23/88 12:00 AM,11/05/92 12:00 AM,"end mandate"
51,86,6,01/23/88 12:00 AM,11/05/92 12:00 AM,"end mandate"
52,14,6,01/23/88 12:00 AM,11/05/92 12:00 AM,"end mandate"
53,17,6,01/23/88 12:00 AM,11/05/92 12:00 AM,"end mandate"
54,154,6,01/23/88 12:00 AM,11/05/92 12:00 AM,"end mandate"
55,143,6,01/23/88 12:00 AM,11/05/92 12:00 AM,"end mandate"
56,169,6,01/23/88 12:00 AM,11/05/92 12:00 AM,"end mandate"
57,158,6,01/23/88 12:00 AM,11/05/92 12:00 AM,"end mandate"
58,153,6,01/23/88 12:00 AM,11/05/92 12:00 AM,"end mandate"
59,26,6,01/23/88 12:00 AM,11/05/92 12:00 AM,"end mandate"
60,49,6,01/23/88 12:00 AM,11/05/92 12:00 AM,"end mandate"
61,132,6,01/23/88 12:00 AM,11/05/92 12:00 AM,"end mandate"
62,68,6,01/23/88 12:00 AM,11/05/92 12:00 AM,"end mandate"
63,198,6,01/23/88 12:00 AM,11/05/92 12:00 AM,"end mandate"
64,126,6,01/23/88 12:00 AM,11/05/92 12:00 AM,"end mandate"
65,82,6,01/23/88 12:00 AM,11/05/92 12:00 AM,"end mandate"
66,180,6,01/23/88 12:00 AM,11/05/92 12:00 AM,"end mandate"
67,147,6,01/23/88 12:00 AM,11/05/92 12:00 AM,"end mandate"
68,2,6,01/23/88 12:00 AM,11/05/92 12:00 AM,"end mandate"
69,1,6,01/23/88 12:00 AM,11/05/92 12:00 AM,"end mandate"
70,161,6,01/23/88 12:00 AM,11/05/92 12:00 AM,"end mandate"
71,140,6,01/23/88 12:00 AM,11/05/92 12:00 AM,"end mandate"
72,217,6,01/23/88 12:00 AM,11/05/92 12:00 AM,"end mandate"
73,42,6,01/23/88 12:00 AM,05/30/89 12:00 AM,"resignation"
74,155,6,01/23/88 12:00 AM,11/05/92 12:00 AM,"end mandate"
75,87,6,01/23/88 12:00 AM,11/05/92 12:00 AM,"end mandate"
76,165,6,01/23/88 12:00 AM,11/05/92 12:00 AM,"end mandate"
77,115,6,01/23/88 12:00 AM,11/05/92 12:00 AM,"end mandate"
78,5,6,01/23/88 12:00 AM,11/05/92 12:00 AM,"end mandate"
79,164,6,01/23/88 12:00 AM,11/05/92 12:00 AM,"end mandate"
80,194,6,01/23/88 12:00 AM,11/05/92 12:00 AM,"end mandate"
81,119,6,01/23/88 12:00 AM,11/05/92 12:00 AM,"end mandate"
82,109,6,01/23/88 12:00 AM,11/05/92 12:00 AM,"end mandate"
83,213,6,01/23/88 12:00 AM,11/05/92 12:00 AM,"end mandate"
84,32,6,01/23/88 12:00 AM,11/05/92 12:00 AM,"end mandate"
85,200,6,01/23/88 12:00 AM,11/05/92 12:00 AM,"end mandate"
86,3,6,01/23/88 12:00 AM,11/05/92 12:00 AM,"end mandate"
87,124,6,01/23/88 12:00 AM,11/05/92 12:00 AM,"end mandate"
88,192,6,01/23/88 12:00 AM,11/05/92 12:00 AM,"end mandate"
89,11,6,01/23/88 12:00 AM,11/05/92 12:00 AM,"end mandate"
90,168,6,01/23/88 12:00 AM,11/05/92 12:00 AM,"end mandate"
91,175,6,01/23/88 12:00 AM,11/05/92 12:00 AM,"end mandate"
92,181,6,01/23/88 12:00 AM,11/05/92 12:00 AM,"end mandate"
93,38,6,01/23/88 12:00 AM,11/05/92 12:00 AM,"end mandate"
94,75,6,01/23/88 12:00 AM,11/05/92 12:00 AM,"end mandate"
95,145,6,01/23/88 12:00 AM,11/05/92 12:00 AM,"end mandate"
96,34,6,01/23/88 12:00 AM,05/25/90 12:00 AM,"death"
97,24,6,01/23/88 12:00 AM,11/05/92 12:00 AM,"end mandate"
98,77,6,01/23/88 12:00 AM,11/05/92 12:00 AM,"end mandate"
99,81,6,01/23/88 12:00 AM,11/05/92 12:00 AM,"end mandate"
100,18,6,01/23/88 12:00 AM,11/05/92 12:00 AM,"end mandate"
101,111,6,01/23/88 12:00 AM,11/05/92 12:00 AM,"end mandate"
102,43,6,01/23/88 12:00 AM,11/05/92 12:00 AM,"end mandate"
103,96,6,01/23/88 12:00 AM,11/05/92 12:00 AM,"end mandate"
104,107,6,01/23/88 12:00 AM,11/05/92 12:00 AM,"end mandate"
105,71,6,01/23/88 12:00 AM,02/06/91 12:00 AM,"death"
106,151,6,01/23/88 12:00 AM,11/05/92 12:00 AM,"end mandate"
107,55,6,01/23/88 12:00 AM,11/05/92 12:00 AM,"end mandate"
108,223,6,01/23/88 12:00 AM,11/05/92 12:00 AM,"end mandate"
109,149,6,01/23/88 12:00 AM,11/05/92 12:00 AM,"end mandate"
110,33,6,01/23/88 12:00 AM,11/05/92 12:00 AM,"end mandate"
111,66,6,01/23/88 12:00 AM,11/05/92 12:00 AM,"end mandate"
112,8,6,01/23/88 12:00 AM,11/05/92 12:00 AM,"end mandate"
113,4,6,01/23/88 12:00 AM,11/05/92 12:00 AM,"end mandate"
114,63,6,01/23/88 12:00 AM,11/05/92 12:00 AM,"end mandate"
115,98,6,01/23/88 12:00 AM,11/05/92 12:00 AM,"end mandate"
116,228,6,01/23/88 12:00 AM,11/05/92 12:00 AM,"end mandate"
117,216,6,01/23/88 12:00 AM,11/05/92 12:00 AM,"end mandate"
118,56,6,01/23/88 12:00 AM,11/05/92 12:00 AM,"end mandate"
119,99,6,01/23/88 12:00 AM,11/05/92 12:00 AM,"end mandate"
120,9,6,01/23/88 12:00 AM,11/05/92 12:00 AM,"end mandate"
121,37,6,01/23/88 12:00 AM,11/05/92 12:00 AM,"end mandate"
122,91,6,01/23/88 12:00 AM,11/05/92 12:00 AM,"end mandate"
123,139,6,01/23/88 12:00 AM,11/05/92 12:00 AM,"end mandate"
124,211,6,01/23/88 12:00 AM,11/05/92 12:00 AM,"end mandate"
125,178,6,01/23/88 12:00 AM,11/05/92 12:00 AM,"end mandate"
126,160,6,01/23/88 12:00 AM,11/05/92 12:00 AM,"end mandate"
127,196,6,01/23/88 12:00 AM,11/05/92 12:00 AM,"end mandate"
128,148,6,01/23/88 12:00 AM,11/05/92 12:00 AM,"end mandate"
129,7,6,01/23/88 12:00 AM,11/05/92 12:00 AM,"end mandate"
130,39,6,01/23/88 12:00 AM,11/05/92 12:00 AM,"end mandate"
131,60,6,01/23/88 12:00 AM,11/05/92 12:00 AM,"end mandate"
132,215,6,01/23/88 12:00 AM,11/05/92 12:00 AM,"end mandate"
133,67,6,01/23/88 12:00 AM,11/05/92 12:00 AM,"end mandate"
134,212,6,01/23/88 12:00 AM,11/05/92 12:00 AM,"end mandate"
135,152,6,01/23/88 12:00 AM,11/05/92 12:00 AM,"end mandate"
136,48,6,01/23/88 12:00 AM,11/05/92 12:00 AM,"end mandate"
137,64,6,01/23/88 12:00 AM,11/05/92 12:00 AM,"end mandate"
138,12,6,01/23/88 12:00 AM,11/05/92 12:00 AM,"end mandate"
139,122,6,01/23/88 12:00 AM,11/05/92 12:00 AM,"end mandate"
140,135,6,01/23/88 12:00 AM,11/05/92 12:00 AM,"end mandate"
141,108,6,01/23/88 12:00 AM,11/05/92 12:00 AM,"end mandate"
142,83,6,01/23/88 12:00 AM,11/05/92 12:00 AM,"end mandate"
143,123,6,01/23/88 12:00 AM,11/05/92 12:00 AM,"end mandate"
144,103,6,01/23/88 12:00 AM,11/05/92 12:00 AM,"end mandate"
145,186,6,01/23/88 12:00 AM,11/05/92 12:00 AM,"end mandate"
146,90,6,01/23/88 12:00 AM,11/05/92 12:00 AM,"end mandate"
147,19,6,01/23/88 12:00 AM,11/05/92 12:00 AM,"end mandate"
148,226,6,01/23/88 12:00 AM,11/05/92 12:00 AM,"end mandate"
149,177,6,01/23/88 12:00 AM,11/05/92 12:00 AM,"end mandate"
150,104,6,01/23/88 12:00 AM,11/05/92 12:00 AM,"end mandate"
151,201,6,01/23/88 12:00 AM,11/05/92 12:00 AM,"end mandate"
152,44,6,01/23/88 12:00 AM,11/05/92 12:00 AM,"end mandate"
153,46,6,01/23/88 12:00 AM,11/05/92 12:00 AM,"end mandate"
154,137,6,01/23/88 12:00 AM,11/05/92 12:00 AM,"end mandate"
155,84,6,01/23/88 12:00 AM,11/05/92 12:00 AM,"end mandate"
156,10,6,01/23/88 12:00 AM,11/05/92 12:00 AM,"end mandate"
157,76,6,01/23/88 12:00 AM,11/05/92 12:00 AM,"end mandate"
158,50,6,01/23/88 12:00 AM,11/05/92 12:00 AM,"end mandate"
159,162,6,01/23/88 12:00 AM,11/05/92 12:00 AM,"end mandate"
160,102,6,01/23/88 12:00 AM,11/05/92 12:00 AM,"end mandate"
161,80,6,01/23/88 12:00 AM,09/28/90 12:00 AM,"death"
162,136,6,01/23/88 12:00 AM,03/09/91 12:00 AM,"resignation"
163,163,6,01/23/88 12:00 AM,11/05/92 12:00 AM,"end mandate"
164,97,6,01/23/88 12:00 AM,11/05/92 12:00 AM,"end mandate"
165,85,6,01/23/88 12:00 AM,11/05/92 12:00 AM,"end mandate"
166,159,6,01/23/88 12:00 AM,11/05/92 12:00 AM,"end mandate"
167,94,6,01/23/88 12:00 AM,11/14/91 12:00 AM,"death"
168,110,6,01/23/88 12:00 AM,11/05/92 12:00 AM,"end mandate"
169,28,6,01/23/88 12:00 AM,11/05/92 12:00 AM,"end mandate"
170,172,6,01/23/88 12:00 AM,11/05/92 12:00 AM,"end mandate"
171,182,6,01/23/88 12:00 AM,11/05/92 12:00 AM,"end mandate"
172,36,6,01/23/88 12:00 AM,11/05/92 12:00 AM,"end mandate"
173,191,6,01/23/88 12:00 AM,11/05/92 12:00 AM,"end mandate"
174,45,6,01/23/88 12:00 AM,11/05/92 12:00 AM,"end mandate"
175,69,6,01/23/88 12:00 AM,11/05/92 12:00 AM,"end mandate"
176,114,6,01/23/88 12:00 AM,11/05/92 12:00 AM,"end mandate"
177,72,6,01/23/88 12:00 AM,11/05/92 12:00 AM,"end mandate"
178,199,6,01/23/88 12:00 AM,04/24/89 12:00 AM,"death"
179,138,6,01/23/88 12:00 AM,11/05/92 12:00 AM,"end mandate"
180,29,6,01/23/88 12:00 AM,11/05/92 12:00 AM,"end mandate"
181,23,6,01/23/88 12:00 AM,11/05/92 12:00 AM,"end mandate"
182,51,6,01/23/88 12:00 AM,11/05/92 12:00 AM,"end mandate"
183,179,6,01/23/88 12:00 AM,11/05/92 12:00 AM,"end mandate"
184,112,6,01/23/88 12:00 AM,11/05/92 12:00 AM,"end mandate"
185,197,6,01/23/88 12:00 AM,11/05/92 12:00 AM,"end mandate"
186,27,6,01/23/88 12:00 AM,11/05/92 12:00 AM,"end mandate"
187,184,6,01/23/88 12:00 AM,11/05/92 12:00 AM,"end mandate"
188,57,6,01/23/88 12:00 AM,07/14/92 12:00 AM,"resignation"
189,21,6,01/23/88 12:00 AM,11/05/92 12:00 AM,"end mandate"
190,89,6,01/23/88 12:00 AM,11/05/92 12:00 AM,"end mandate"
191,73,6,01/23/88 12:00 AM,11/05/92 12:00 AM,"end mandate"
192,218,6,01/23/88 12:00 AM,11/05/92 12:00 AM,"end mandate"
193,120,6,01/23/88 12:00 AM,11/05/92 12:00 AM,"end mandate"
194,157,6,01/23/88 12:00 AM,11/05/92 12:00 AM,"end mandate"
195,224,6,01/23/88 12:00 AM,11/05/92 12:00 AM,"end mandate"
196,116,6,01/23/88 12:00 AM,11/05/92 12:00 AM,"end mandate"
197,59,6,01/23/88 12:00 AM,11/05/92 12:00 AM,"end mandate"
198,207,6,01/23/88 12:00 AM,11/05/92 12:00 AM,"end mandate"
199,188,6,01/23/88 12:00 AM,11/05/92 12:00 AM,"end mandate"
200,125,6,01/23/88 12:00 AM,11/05/92 12:00 AM,"end mandate"
201,208,6,01/23/88 12:00 AM,11/05/92 12:00 AM,"end mandate"
202,210,6,01/23/88 12:00 AM,11/05/92 12:00 AM,"end mandate"
203,205,6,01/23/88 12:00 AM,11/05/92 12:00 AM,"end mandate"
204,166,6,01/23/88 12:00 AM,11/05/92 12:00 AM,"end mandate"
205,106,6,01/23/88 12:00 AM,11/05/92 12:00 AM,"end mandate"
206,183,6,01/23/88 12:00 AM,11/05/92 12:00 AM,"end mandate"
207,131,6,01/23/88 12:00 AM,11/05/92 12:00 AM,"end mandate"
208,53,6,01/23/88 12:00 AM,11/05/92 12:00 AM,"end mandate"
209,214,6,01/23/88 12:00 AM,11/05/92 12:00 AM,"end mandate"
210,70,6,01/23/88 12:00 AM,11/05/92 12:00 AM,"end mandate"
211,142,6,01/23/88 12:00 AM,11/05/92 12:00 AM,"end mandate"
212,20,6,01/23/88 12:00 AM,11/05/92 12:00 AM,"end mandate"
213,30,6,01/23/88 12:00 AM,11/05/92 12:00 AM,"end mandate"
214,65,6,01/23/88 12:00 AM,11/05/92 12:00 AM,"end mandate"
215,79,6,01/23/88 12:00 AM,11/05/92 12:00 AM,"end mandate"
216,105,6,01/23/88 12:00 AM,08/18/90 12:00 AM,"resignation"
217,128,6,01/23/88 12:00 AM,11/05/92 12:00 AM,"end mandate"
218,141,6,01/23/88 12:00 AM,11/05/92 12:00 AM,"end mandate"
219,171,6,01/23/88 12:00 AM,11/05/92 12:00 AM,"end mandate"
220,206,6,01/23/88 12:00 AM,11/05/92 12:00 AM,"end mandate"
221,222,6,01/23/88 12:00 AM,11/05/92 12:00 AM,"end mandate"
222,6,6,01/23/88 12:00 AM,11/05/92 12:00 AM,"end mandate"
223,15,6,01/23/88 12:00 AM,11/05/92 12:00 AM,"end mandate"
224,25,6,01/23/88 12:00 AM,11/05/92 12:00 AM,"end mandate"
225,47,6,01/23/88 12:00 AM,11/05/92 12:00 AM,"end mandate"
226,134,6,01/23/88 12:00 AM,11/05/92 12:00 AM,"end mandate"
227,150,6,01/23/88 12:00 AM,11/05/92 12:00 AM,"end mandate"
228,227,6,01/23/88 12:00 AM,11/05/92 12:00 AM,"end mandate"
229,240,6,07/14/89 12:00 AM,11/05/92 12:00 AM,"end mandate"
230,231,6,08/30/89 12:00 AM,11/05/92 12:00 AM,"end mandate"
231,230,6,08/25/90 12:00 AM,11/05/92 12:00 AM,"end mandate"
232,236,6,11/19/90 12:00 AM,11/05/92 12:00 AM,"end mandate"
233,234,6,12/28/90 12:00 AM,11/05/92 12:00 AM,"end mandate"
234,239,6,01/10/91 12:00 AM,11/05/92 12:00 AM,"end mandate"
235,233,6,05/06/91 12:00 AM,11/05/92 12:00 AM,"end mandate"
236,238,6,06/09/91 12:00 AM,11/05/92 12:00 AM,"end mandate"
237,235,6,02/04/92 12:00 AM,11/05/92 12:00 AM,"end mandate"
238,229,6,02/12/92 12:00 AM,11/05/92 12:00 AM,"end mandate"
239,237,6,09/06/92 12:00 AM,11/05/92 12:00 AM,"end mandate"
240,241,6,09/15/92 12:00 AM,11/05/92 12:00 AM,"end mandate"
241,232,6,10/17/92 12:00 AM,11/05/92 12:00 AM,"end mandate"
242,1,7,02/03/93 12:00 AM,12/03/97 12:00 AM,"end mandate"
243,2,7,02/03/93 12:00 AM,12/03/97 12:00 AM,"end mandate"
244,3,7,02/03/93 12:00 AM,12/03/97 12:00 AM,"end mandate"
245,4,7,02/03/93 12:00 AM,12/03/97 12:00 AM,"end mandate"
246,5,7,02/03/93 12:00 AM,12/03/97 12:00 AM,"end mandate"
247,14,7,02/03/93 12:00 AM,12/03/97 12:00 AM,"end mandate"
248,15,7,02/03/93 12:00 AM,12/03/97 12:00 AM,"end mandate"
249,25,7,02/03/93 12:00 AM,12/03/97 12:00 AM,"end mandate"
250,26,7,02/03/93 12:00 AM,12/03/97 12:00 AM,"end mandate"
251,27,7,02/03/93 12:00 AM,12/03/97 12:00 AM,"end mandate"
252,28,7,02/03/93 12:00 AM,12/03/97 12:00 AM,"end mandate"
253,29,7,02/03/93 12:00 AM,12/03/97 12:00 AM,"end mandate"
254,30,7,02/03/93 12:00 AM,12/03/97 12:00 AM,"end mandate"
255,31,7,02/03/93 12:00 AM,12/03/97 12:00 AM,"end mandate"
256,50,7,02/03/93 12:00 AM,02/02/97 12:00 AM,"resignation"
257,60,7,02/03/93 12:00 AM,12/03/97 12:00 AM,"end mandate"
258,61,7,02/03/93 12:00 AM,12/03/97 12:00 AM,"end mandate"
259,62,7,02/03/93 12:00 AM,12/03/97 12:00 AM,"end mandate"
260,63,7,02/03/93 12:00 AM,12/03/97 12:00 AM,"end mandate"
261,69,7,02/03/93 12:00 AM,12/03/97 12:00 AM,"end mandate"
262,70,7,02/03/93 12:00 AM,12/03/97 12:00 AM,"end mandate"
263,72,7,02/03/93 12:00 AM,12/03/97 12:00 AM,"end mandate"
264,73,7,02/03/93 12:00 AM,12/03/97 12:00 AM,"end mandate"
265,74,7,02/03/93 12:00 AM,12/03/97 12:00 AM,"end mandate"
266,75,7,02/03/93 12:00 AM,12/03/97 12:00 AM,"end mandate"
267,96,7,02/03/93 12:00 AM,12/03/97 12:00 AM,"end mandate"
268,97,7,02/03/93 12:00 AM,12/03/97 12:00 AM,"end mandate"
269,98,7,02/03/93 12:00 AM,12/03/97 12:00 AM,"end mandate"
270,99,7,02/03/93 12:00 AM,12/03/97 12:00 AM,"end mandate"
271,100,7,02/03/93 12:00 AM,12/03/97 12:00 AM,"end mandate"
272,102,7,02/03/93 12:00 AM,12/03/97 12:00 AM,"end mandate"
273,103,7,02/03/93 12:00 AM,10/18/96 12:00 AM,"resignation"
274,104,7,02/03/93 12:00 AM,12/03/97 12:00 AM,"end mandate"
275,122,7,02/03/93 12:00 AM,12/03/97 12:00 AM,"end mandate"
276,123,7,02/03/93 12:00 AM,12/03/97 12:00 AM,"end mandate"
277,124,7,02/03/93 12:00 AM,12/03/97 12:00 AM,"end mandate"
278,125,7,02/03/93 12:00 AM,12/03/97 12:00 AM,"end mandate"
279,126,7,02/03/93 12:00 AM,12/03/97 12:00 AM,"end mandate"
280,127,7,02/03/93 12:00 AM,12/03/97 12:00 AM,"end mandate"
281,128,7,02/03/93 12:00 AM,12/03/97 12:00 AM,"end mandate"
282,129,7,02/03/93 12:00 AM,12/03/97 12:00 AM,"end mandate"
283,130,7,02/03/93 12:00 AM,12/03/97 12:00 AM,"end mandate"
284,137,7,02/03/93 12:00 AM,12/03/97 12:00 AM,"end mandate"
285,138,7,02/03/93 12:00 AM,12/03/97 12:00 AM,"end mandate"
286,139,7,02/03/93 12:00 AM,12/03/97 12:00 AM,"end mandate"
287,140,7,02/03/93 12:00 AM,12/03/97 12:00 AM,"end mandate"
288,141,7,02/03/93 12:00 AM,12/03/97 12:00 AM,"end mandate"
289,148,7,02/03/93 12:00 AM,12/03/97 12:00 AM,"end mandate"
290,149,7,02/03/93 12:00 AM,12/03/97 12:00 AM,"end mandate"
291,150,7,02/03/93 12:00 AM,12/03/97 12:00 AM,"end mandate"
292,151,7,02/03/93 12:00 AM,12/03/97 12:00 AM,"end mandate"
293,158,7,02/03/93 12:00 AM,12/03/97 12:00 AM,"end mandate"
294,159,7,02/03/93 12:00 AM,08/10/96 12:00 AM,"death"
295,160,7,02/03/93 12:00 AM,12/03/97 12:00 AM,"end mandate"
296,161,7,02/03/93 12:00 AM,12/03/97 12:00 AM,"end mandate"
297,163,7,02/03/93 12:00 AM,12/03/97 12:00 AM,"end mandate"
298,164,7,02/03/93 12:00 AM,12/03/97 12:00 AM,"end mandate"
299,166,7,02/03/93 12:00 AM,12/03/97 12:00 AM,"end mandate"
300,167,7,02/03/93 12:00 AM,12/03/97 12:00 AM,"end mandate"
301,168,7,02/03/93 12:00 AM,12/03/97 12:00 AM,"end mandate"
302,169,7,02/03/93 12:00 AM,12/03/97 12:00 AM,"end mandate"
303,170,7,02/03/93 12:00 AM,12/03/97 12:00 AM,"end mandate"
304,171,7,02/03/93 12:00 AM,12/03/97 12:00 AM,"end mandate"
305,172,7,02/03/93 12:00 AM,07/29/96 12:00 AM,"death"
306,174,7,02/03/93 12:00 AM,12/03/97 12:00 AM,"end mandate"
307,175,7,02/03/93 12:00 AM,12/03/97 12:00 AM,"end mandate"
308,176,7,02/03/93 12:00 AM,12/03/97 12:00 AM,"end mandate"
309,177,7,02/03/93 12:00 AM,12/03/97 12:00 AM,"end mandate"
310,178,7,02/03/93 12:00 AM,12/03/97 12:00 AM,"end mandate"
311,191,7,02/03/93 12:00 AM,12/03/97 12:00 AM,"end mandate"
312,192,7,02/03/93 12:00 AM,12/03/97 12:00 AM,"end mandate"
313,193,7,02/03/93 12:00 AM,12/03/97 12:00 AM,"end mandate"
314,194,7,02/03/93 12:00 AM,12/03/97 12:00 AM,"end mandate"
315,195,7,02/03/93 12:00 AM,12/03/97 12:00 AM,"end mandate"
316,196,7,02/03/93 12:00 AM,12/03/97 12:00 AM,"end mandate"
317,208,7,02/03/93 12:00 AM,12/03/97 12:00 AM,"end mandate"
318,209,7,02/03/93 12:00 AM,12/03/97 12:00 AM,"end mandate"
319,210,7,02/03/93 12:00 AM,12/03/97 12:00 AM,"end mandate"
320,211,7,02/03/93 12:00 AM,12/03/97 12:00 AM,"end mandate"
321,212,7,02/03/93 12:00 AM,12/03/97 12:00 AM,"end mandate"
322,213,7,02/03/93 12:00 AM,12/03/97 12:00 AM,"end mandate"
323,225,7,02/03/93 12:00 AM,12/03/97 12:00 AM,"end mandate"
324,226,7,02/03/93 12:00 AM,10/06/96 12:00 AM,"death"
325,227,7,02/03/93 12:00 AM,12/03/97 12:00 AM,"end mandate"
326,228,7,02/03/93 12:00 AM,12/03/97 12:00 AM,"end mandate"
327,242,7,02/03/93 12:00 AM,12/03/97 12:00 AM,"end mandate"
328,243,7,02/03/93 12:00 AM,12/03/97 12:00 AM,"end mandate"
329,244,7,02/03/93 12:00 AM,12/03/97 12:00 AM,"end mandate"
330,245,7,02/03/93 12:00 AM,12/03/97 12:00 AM,"end mandate"
331,246,7,02/03/93 12:00 AM,12/03/97 12:00 AM,"end mandate"
332,247,7,02/03/93 12:00 AM,12/03/97 12:00 AM,"end mandate"
333,248,7,02/03/93 12:00 AM,12/03/97 12:00 AM,"end mandate"
334,249,7,02/03/93 12:00 AM,12/03/97 12:00 AM,"end mandate"
335,250,7,02/03/93 12:00 AM,12/03/97 12:00 AM,"end mandate"
336,251,7,02/03/93 12:00 AM,12/03/97 12:00 AM,"end mandate"
337,252,7,02/03/93 12:00 AM,12/03/97 12:00 AM,"end mandate"
338,253,7,02/03/93 12:00 AM,12/03/97 12:00 AM,"end mandate"
339,254,7,02/03/93 12:00 AM,12/03/97 12:00 AM,"end mandate"
340,255,7,02/03/93 12:00 AM,12/03/97 12:00 AM,"end mandate"
341,256,7,02/03/93 12:00 AM,12/03/97 12:00 AM,"end mandate"
342,257,7,02/03/93 12:00 AM,12/03/97 12:00 AM,"end mandate"
343,258,7,02/03/93 12:00 AM,12/03/97 12:00 AM,"end mandate"
344,259,7,02/03/93 12:00 AM,12/03/97 12:00 AM,"end mandate"
345,260,7,02/03/93 12:00 AM,05/12/96 12:00 AM,"death"
346,261,7,02/03/93 12:00 AM,12/03/97 12:00 AM,"end mandate"
347,262,7,02/03/93 12:00 AM,12/03/97 12:00 AM,"end mandate"
348,263,7,02/03/93 12:00 AM,12/03/97 12:00 AM,"end mandate"
349,264,7,02/03/93 12:00 AM,12/03/97 12:00 AM,"end mandate"
350,265,7,02/03/93 12:00 AM,12/03/97 12:00 AM,"end mandate"
351,266,7,02/03/93 12:00 AM,12/03/97 12:00 AM,"end mandate"
352,267,7,02/03/93 12:00 AM,12/03/97 12:00 AM,"end mandate"
353,268,7,02/03/93 12:00 AM,12/03/97 12:00 AM,"end mandate"
354,269,7,02/03/93 12:00 AM,12/03/97 12:00 AM,"end mandate"
355,270,7,02/03/93 12:00 AM,12/03/97 12:00 AM,"end mandate"
356,271,7,02/03/93 12:00 AM,12/03/97 12:00 AM,"end mandate"
357,272,7,02/03/93 12:00 AM,12/03/97 12:00 AM,"end mandate"
358,273,7,02/03/93 12:00 AM,12/03/97 12:00 AM,"end mandate"
359,274,7,02/03/93 12:00 AM,12/03/97 12:00 AM,"end mandate"
360,275,7,02/03/93 12:00 AM,12/03/97 12:00 AM,"end mandate"
361,276,7,02/03/93 12:00 AM,12/03/97 12:00 AM,"end mandate"
362,277,7,02/03/93 12:00 AM,12/03/97 12:00 AM,"end mandate"
363,278,7,02/03/93 12:00 AM,12/03/97 12:00 AM,"end mandate"
364,279,7,02/03/93 12:00 AM,12/03/97 12:00 AM,"end mandate"
365,280,7,02/03/93 12:00 AM,12/03/97 12:00 AM,"end mandate"
366,281,7,02/03/93 12:00 AM,10/27/95 12:00 AM,"resignation"
367,282,7,02/03/93 12:00 AM,12/03/97 12:00 AM,"end mandate"
368,283,7,02/03/93 12:00 AM,12/03/97 12:00 AM,"end mandate"
369,284,7,02/03/93 12:00 AM,12/03/97 12:00 AM,"end mandate"
370,285,7,02/03/93 12:00 AM,12/03/97 12:00 AM,"end mandate"
371,286,7,02/03/93 12:00 AM,12/03/97 12:00 AM,"end mandate"
372,287,7,02/03/93 12:00 AM,12/03/97 12:00 AM,"end mandate"
373,288,7,02/03/93 12:00 AM,12/03/97 12:00 AM,"end mandate"
374,289,7,02/03/93 12:00 AM,12/03/97 12:00 AM,"end mandate"
375,290,7,02/03/93 12:00 AM,12/03/97 12:00 AM,"end mandate"
376,291,7,02/03/93 12:00 AM,12/03/97 12:00 AM,"end mandate"
377,292,7,02/03/93 12:00 AM,12/03/97 12:00 AM,"end mandate"
378,293,7,02/03/93 12:00 AM,12/03/97 12:00 AM,"end mandate"
379,294,7,02/03/93 12:00 AM,12/03/97 12:00 AM,"end mandate"
380,295,7,02/03/93 12:00 AM,12/03/97 12:00 AM,"end mandate"
381,296,7,02/03/93 12:00 AM,12/03/97 12:00 AM,"end mandate"
382,297,7,02/03/93 12:00 AM,12/03/97 12:00 AM,"end mandate"
383,298,7,02/03/93 12:00 AM,12/03/97 12:00 AM,"end mandate"
384,299,7,02/03/93 12:00 AM,12/03/97 12:00 AM,"end mandate"
385,300,7,02/03/93 12:00 AM,12/03/97 12:00 AM,"end mandate"
386,301,7,02/03/93 12:00 AM,12/03/97 12:00 AM,"end mandate"
387,302,7,02/03/93 12:00 AM,12/03/97 12:00 AM,"end mandate"
388,303,7,02/03/93 12:00 AM,12/03/97 12:00 AM,"end mandate"
389,304,7,02/03/93 12:00 AM,12/03/97 12:00 AM,"end mandate"
390,305,7,02/03/93 12:00 AM,12/03/97 12:00 AM,"end mandate"
391,306,7,02/03/93 12:00 AM,12/03/97 12:00 AM,"end mandate"
392,307,7,02/03/93 12:00 AM,12/03/97 12:00 AM,"end mandate"
393,308,7,02/03/93 12:00 AM,12/03/97 12:00 AM,"end mandate"
394,309,7,02/03/93 12:00 AM,12/03/97 12:00 AM,"end mandate"
395,310,7,02/03/93 12:00 AM,12/03/97 12:00 AM,"end mandate"
396,311,7,02/03/93 12:00 AM,12/03/97 12:00 AM,"end mandate"
397,312,7,02/03/93 12:00 AM,06/26/97 12:00 AM,"resignation"
398,313,7,02/03/93 12:00 AM,12/03/97 12:00 AM,"end mandate"
399,314,7,02/03/93 12:00 AM,12/03/97 12:00 AM,"end mandate"
400,315,7,02/03/93 12:00 AM,12/03/97 12:00 AM,"end mandate"
401,316,7,02/03/93 12:00 AM,12/03/97 12:00 AM,"end mandate"
402,317,7,02/03/93 12:00 AM,12/03/97 12:00 AM,"end mandate"
403,318,7,02/03/93 12:00 AM,12/03/97 12:00 AM,"end mandate"
404,319,7,02/03/93 12:00 AM,12/03/97 12:00 AM,"end mandate"
405,320,7,02/03/93 12:00 AM,12/03/97 12:00 AM,"end mandate"
406,321,7,02/03/93 12:00 AM,12/03/97 12:00 AM,"end mandate"
407,322,7,02/03/93 12:00 AM,12/03/97 12:00 AM,"end mandate"
408,323,7,02/03/93 12:00 AM,12/03/97 12:00 AM,"end mandate"
409,324,7,02/03/93 12:00 AM,12/03/97 12:00 AM,"end mandate"
410,325,7,02/03/93 12:00 AM,12/03/97 12:00 AM,"end mandate"
411,326,7,02/03/93 12:00 AM,01/15/96 12:00 AM,"death"
412,327,7,02/03/93 12:00 AM,12/03/97 12:00 AM,"end mandate"
413,328,7,02/03/93 12:00 AM,12/03/97 12:00 AM,"end mandate"
414,329,7,02/03/93 12:00 AM,12/03/97 12:00 AM,"end mandate"
415,330,7,02/03/93 12:00 AM,12/03/97 12:00 AM,"end mandate"
416,331,7,02/03/93 12:00 AM,12/03/97 12:00 AM,"end mandate"
417,332,7,02/03/93 12:00 AM,12/03/97 12:00 AM,"end mandate"
418,333,7,02/03/93 12:00 AM,12/03/97 12:00 AM,"end mandate"
419,334,7,02/03/93 12:00 AM,12/03/97 12:00 AM,"end mandate"
420,335,7,02/03/93 12:00 AM,12/03/97 12:00 AM,"end mandate"
421,336,7,02/03/93 12:00 AM,12/03/97 12:00 AM,"end mandate"
422,337,7,02/03/93 12:00 AM,12/03/97 12:00 AM,"end mandate"
423,338,7,02/03/93 12:00 AM,12/03/97 12:00 AM,"end mandate"
424,339,7,02/03/93 12:00 AM,12/03/97 12:00 AM,"end mandate"
425,340,7,02/03/93 12:00 AM,12/03/97 12:00 AM,"end mandate"
426,341,7,02/03/93 12:00 AM,12/03/97 12:00 AM,"end mandate"
427,342,7,02/03/93 12:00 AM,12/03/97 12:00 AM,"end mandate"
428,343,7,02/03/93 12:00 AM,12/03/97 12:00 AM,"end mandate"
429,344,7,02/03/93 12:00 AM,12/03/97 12:00 AM,"end mandate"
430,345,7,02/03/93 12:00 AM,12/03/97 12:00 AM,"end mandate"
431,346,7,02/03/93 12:00 AM,12/03/97 12:00 AM,"end mandate"
432,347,7,02/03/93 12:00 AM,12/03/97 12:00 AM,"end mandate"
433,348,7,02/03/93 12:00 AM,12/03/97 12:00 AM,"end mandate"
434,349,7,02/03/93 12:00 AM,12/03/97 12:00 AM,"end mandate"
435,350,7,02/03/93 12:00 AM,12/03/97 12:00 AM,"end mandate"
436,351,7,02/03/93 12:00 AM,12/03/97 12:00 AM,"end mandate"
437,352,7,02/03/93 12:00 AM,12/03/97 12:00 AM,"end mandate"
438,353,7,02/03/93 12:00 AM,12/03/97 12:00 AM,"end mandate"
439,354,7,02/03/93 12:00 AM,12/03/97 12:00 AM,"end mandate"
440,355,7,02/03/93 12:00 AM,12/03/97 12:00 AM,"end mandate"
441,356,7,02/03/93 12:00 AM,12/03/97 12:00 AM,"end mandate"
442,357,7,02/03/93 12:00 AM,12/03/97 12:00 AM,"end mandate"
443,358,7,02/03/93 12:00 AM,12/03/97 12:00 AM,"end mandate"
444,359,7,02/03/93 12:00 AM,12/03/97 12:00 AM,"end mandate"
445,360,7,02/03/93 12:00 AM,12/03/97 12:00 AM,"end mandate"
446,361,7,02/03/93 12:00 AM,12/03/97 12:00 AM,"end mandate"
447,362,7,02/03/93 12:00 AM,12/03/97 12:00 AM,"end mandate"
448,363,7,02/03/93 12:00 AM,12/03/97 12:00 AM,"end mandate"
449,364,7,02/03/93 12:00 AM,10/14/96 12:00 AM,"death"
450,365,7,02/03/93 12:00 AM,12/03/97 12:00 AM,"end mandate"
451,366,7,02/03/93 12:00 AM,12/03/97 12:00 AM,"end mandate"
452,367,7,02/03/93 12:00 AM,12/03/97 12:00 AM,"end mandate"
453,368,7,02/03/93 12:00 AM,12/03/97 12:00 AM,"end mandate"
454,369,7,02/03/93 12:00 AM,12/03/97 12:00 AM,"end mandate"
455,370,7,02/03/93 12:00 AM,12/03/97 12:00 AM,"end mandate"
456,371,7,02/03/93 12:00 AM,12/03/97 12:00 AM,"end mandate"
457,372,7,02/03/93 12:00 AM,12/03/97 12:00 AM,"end mandate"
458,373,7,02/03/93 12:00 AM,12/03/97 12:00 AM,"end mandate"
459,374,7,02/03/93 12:00 AM,12/03/97 12:00 AM,"end mandate"
460,375,7,02/03/93 12:00 AM,12/03/97 12:00 AM,"end mandate"
461,376,7,02/03/93 12:00 AM,12/03/97 12:00 AM,"end mandate"
462,229,7,02/03/93 12:00 AM,12/03/97 12:00 AM,"end mandate"
463,231,7,02/03/93 12:00 AM,12/03/97 12:00 AM,"end mandate"
464,232,7,02/03/93 12:00 AM,12/09/95 12:00 AM,"death"
465,235,7,02/03/93 12:00 AM,12/03/97 12:00 AM,"end mandate"
466,237,7,02/03/93 12:00 AM,12/03/97 12:00 AM,"end mandate"
467,238,7,02/03/93 12:00 AM,12/03/97 12:00 AM,"end mandate"
468,240,7,02/03/93 12:00 AM,12/03/97 12:00 AM,"end mandate"
469,241,7,02/03/93 12:00 AM,12/03/97 12:00 AM,"end mandate"
470,377,7,05/05/97 12:00 AM,12/03/97 12:00 AM,"end mandate"
471,378,7,01/11/97 12:00 AM,12/03/97 12:00 AM,"end mandate"
472,379,7,10/24/96 12:00 AM,12/03/97 12:00 AM,"end mandate"
473,380,7,11/04/96 12:00 AM,12/03/97 12:00 AM,"end mandate"
474,381,7,01/01/97 12:00 AM,12/03/97 12:00 AM,"end mandate"
475,382,7,07/07/96 12:00 AM,12/03/97 12:00 AM,"end mandate"
476,383,7,12/22/95 12:00 AM,12/03/97 12:00 AM,"end mandate"
477,384,7,10/02/97 12:00 AM,12/03/97 12:00 AM,"end mandate"
478,385,7,02/29/96 12:00 AM,12/03/97 12:00 AM,"end mandate"
479,386,7,12/31/96 12:00 AM,12/03/97 12:00 AM,"end mandate"
480,387,7,03/16/96 12:00 AM,12/03/97 12:00 AM,"end mandate"
481,1,8,01/09/98 12:00 AM,11/25/02 12:00 AM,"end mandate"
482,2,8,01/09/98 12:00 AM,11/25/02 12:00 AM,"end mandate"
483,3,8,01/09/98 12:00 AM,11/25/02 12:00 AM,"end mandate"
484,4,8,01/09/98 12:00 AM,11/25/02 12:00 AM,"end mandate"
485,5,8,01/09/98 12:00 AM,11/25/02 12:00 AM,"end mandate"
486,14,8,01/09/98 12:00 AM,11/25/02 12:00 AM,"end mandate"
487,15,8,01/09/98 12:00 AM,11/25/02 12:00 AM,"end mandate"
488,25,8,01/09/98 12:00 AM,11/25/02 12:00 AM,"end mandate"
489,26,8,01/09/98 12:00 AM,04/04/99 12:00 AM,"death"
490,50,8,01/09/98 12:00 AM,11/25/02 12:00 AM,"end mandate"
491,61,8,01/09/98 12:00 AM,11/25/02 12:00 AM,"end mandate"
492,62,8,01/09/98 12:00 AM,11/25/02 12:00 AM,"end mandate"
493,63,8,01/09/98 12:00 AM,11/25/02 12:00 AM,"end mandate"
494,69,8,01/09/98 12:00 AM,11/25/02 12:00 AM,"end mandate"
495,70,8,01/09/98 12:00 AM,11/25/02 12:00 AM,"end mandate"
496,72,8,01/09/98 12:00 AM,11/25/02 12:00 AM,"end mandate"
497,73,8,01/09/98 12:00 AM,11/25/02 12:00 AM,"end mandate"
498,74,8,01/09/98 12:00 AM,11/25/02 12:00 AM,"end mandate"
499,75,8,01/09/98 12:00 AM,11/25/02 12:00 AM,"end mandate"
500,96,8,01/09/98 12:00 AM,11/25/02 12:00 AM,"end mandate"
501,97,8,01/09/98 12:00 AM,11/25/02 12:00 AM,"end mandate"
502,98,8,01/09/98 12:00 AM,11/25/02 12:00 AM,"end mandate"
503,103,8,01/09/98 12:00 AM,11/25/02 12:00 AM,"end mandate"
504,124,8,01/09/98 12:00 AM,11/25/02 12:00 AM,"end mandate"
505,125,8,01/09/98 12:00 AM,11/25/02 12:00 AM,"end mandate"
506,126,8,01/09/98 12:00 AM,11/25/02 12:00 AM,"end mandate"
507,129,8,01/09/98 12:00 AM,11/25/02 12:00 AM,"end mandate"
508,130,8,01/09/98 12:00 AM,11/25/02 12:00 AM,"end mandate"
509,137,8,01/09/98 12:00 AM,11/25/02 12:00 AM,"end mandate"
510,138,8,01/09/98 12:00 AM,11/25/02 12:00 AM,"end mandate"
511,139,8,01/09/98 12:00 AM,11/25/02 12:00 AM,"end mandate"
512,149,8,01/09/98 12:00 AM,11/25/02 12:00 AM,"end mandate"
513,150,8,01/09/98 12:00 AM,11/25/02 12:00 AM,"end mandate"
514,151,8,01/09/98 12:00 AM,11/25/02 12:00 AM,"end mandate"
515,158,8,01/09/98 12:00 AM,11/25/02 12:00 AM,"end mandate"
516,164,8,01/09/98 12:00 AM,11/25/02 12:00 AM,"end mandate"
517,166,8,01/09/98 12:00 AM,11/25/02 12:00 AM,"end mandate"
518,167,8,01/09/98 12:00 AM,11/25/02 12:00 AM,"end mandate"
519,168,8,01/09/98 12:00 AM,11/25/02 12:00 AM,"end mandate"
520,169,8,01/09/98 12:00 AM,03/05/99 12:00 AM,"death"
521,174,8,01/09/98 12:00 AM,11/25/02 12:00 AM,"end mandate"
522,175,8,01/09/98 12:00 AM,11/25/02 12:00 AM,"end mandate"
523,176,8,01/09/98 12:00 AM,11/25/02 12:00 AM,"end mandate"
524,177,8,01/09/98 12:00 AM,11/25/02 12:00 AM,"end mandate"
525,178,8,01/09/98 12:00 AM,11/25/02 12:00 AM,"end mandate"
526,191,8,01/09/98 12:00 AM,11/25/02 12:00 AM,"end mandate"
527,192,8,01/09/98 12:00 AM,11/25/02 12:00 AM,"end mandate"
528,193,8,01/09/98 12:00 AM,11/25/02 12:00 AM,"end mandate"
529,194,8,01/09/98 12:00 AM,11/25/02 12:00 AM,"end mandate"
530,195,8,01/09/98 12:00 AM,11/25/02 12:00 AM,"end mandate"
531,196,8,01/09/98 12:00 AM,11/25/02 12:00 AM,"end mandate"
532,208,8,01/09/98 12:00 AM,11/25/02 12:00 AM,"end mandate"
533,229,8,01/09/98 12:00 AM,03/09/02 12:00 AM,"resignation"
534,231,8,01/09/98 12:00 AM,11/25/02 12:00 AM,"end mandate"
535,235,8,01/09/98 12:00 AM,11/25/02 12:00 AM,"end mandate"
536,237,8,01/09/98 12:00 AM,11/25/02 12:00 AM,"end mandate"
537,242,8,01/09/98 12:00 AM,11/25/02 12:00 AM,"end mandate"
538,243,8,01/09/98 12:00 AM,11/25/02 12:00 AM,"end mandate"
539,244,8,01/09/98 12:00 AM,11/25/02 12:00 AM,"end mandate"
540,245,8,01/09/98 12:00 AM,11/25/02 12:00 AM,"end mandate"
541,247,8,01/09/98 12:00 AM,11/25/02 12:00 AM,"end mandate"
542,248,8,01/09/98 12:00 AM,11/25/02 12:00 AM,"end mandate"
543,249,8,01/09/98 12:00 AM,11/25/02 12:00 AM,"end mandate"
544,257,8,01/09/98 12:00 AM,11/25/02 12:00 AM,"end mandate"
545,258,8,01/09/98 12:00 AM,11/25/02 12:00 AM,"end mandate"
546,259,8,01/09/98 12:00 AM,04/28/00 12:00 AM,"death"
547,261,8,01/09/98 12:00 AM,11/25/02 12:00 AM,"end mandate"
548,262,8,01/09/98 12:00 AM,11/25/02 12:00 AM,"end mandate"
549,263,8,01/09/98 12:00 AM,11/25/02 12:00 AM,"end mandate"
550,264,8,01/09/98 12:00 AM,11/25/02 12:00 AM,"end mandate"
551,265,8,01/09/98 12:00 AM,11/25/02 12:00 AM,"end mandate"
552,266,8,01/09/98 12:00 AM,11/25/02 12:00 AM,"end mandate"
553,267,8,01/09/98 12:00 AM,11/25/02 12:00 AM,"end mandate"
554,268,8,01/09/98 12:00 AM,11/25/02 12:00 AM,"end mandate"
555,269,8,01/09/98 12:00 AM,11/25/02 12:00 AM,"end mandate"
556,270,8,01/09/98 12:00 AM,11/25/02 12:00 AM,"end mandate"
557,283,8,01/09/98 12:00 AM,11/25/02 12:00 AM,"end mandate"
558,284,8,01/09/98 12:00 AM,11/25/02 12:00 AM,"end mandate"
559,285,8,01/09/98 12:00 AM,11/25/02 12:00 AM,"end mandate"
560,286,8,01/09/98 12:00 AM,11/25/02 12:00 AM,"end mandate"
561,287,8,01/09/98 12:00 AM,11/25/02 12:00 AM,"end mandate"
562,288,8,01/09/98 12:00 AM,11/25/02 12:00 AM,"end mandate"
563,289,8,01/09/98 12:00 AM,11/25/02 12:00 AM,"end mandate"
564,290,8,01/09/98 12:00 AM,11/25/02 12:00 AM,"end mandate"
565,291,8,01/09/98 12:00 AM,11/25/02 12:00 AM,"end mandate"
566,292,8,01/09/98 12:00 AM,11/25/02 12:00 AM,"end mandate"
567,303,8,01/09/98 12:00 AM,11/25/02 12:00 AM,"end mandate"
568,304,8,01/09/98 12:00 AM,11/25/02 12:00 AM,"end mandate"
569,305,8,01/09/98 12:00 AM,11/25/02 12:00 AM,"end mandate"
570,306,8,01/09/98 12:00 AM,11/25/02 12:00 AM,"end mandate"
571,307,8,01/09/98 12:00 AM,11/25/02 12:00 AM,"end mandate"
572,308,8,01/09/98 12:00 AM,11/25/02 12:00 AM,"end mandate"
573,309,8,01/09/98 12:00 AM,11/25/02 12:00 AM,"end mandate"
574,310,8,01/09/98 12:00 AM,11/25/02 12:00 AM,"end mandate"
575,311,8,01/09/98 12:00 AM,01/29/00 12:00 AM,"resignation"
576,314,8,01/09/98 12:00 AM,11/25/02 12:00 AM,"end mandate"
577,315,8,01/09/98 12:00 AM,11/25/02 12:00 AM,"end mandate"
578,316,8,01/09/98 12:00 AM,11/25/02 12:00 AM,"end mandate"
579,317,8,01/09/98 12:00 AM,11/25/02 12:00 AM,"end mandate"
580,318,8,01/09/98 12:00 AM,11/25/02 12:00 AM,"end mandate"
581,320,8,01/09/98 12:00 AM,11/25/02 12:00 AM,"end mandate"
582,321,8,01/09/98 12:00 AM,11/25/02 12:00 AM,"end mandate"
583,325,8,01/09/98 12:00 AM,11/25/02 12:00 AM,"end mandate"
584,327,8,01/09/98 12:00 AM,11/25/02 12:00 AM,"end mandate"
585,328,8,01/09/98 12:00 AM,11/25/02 12:00 AM,"end mandate"
586,329,8,01/09/98 12:00 AM,11/25/02 12:00 AM,"end mandate"
587,330,8,01/09/98 12:00 AM,11/25/02 12:00 AM,"end mandate"
588,336,8,01/09/98 12:00 AM,11/25/02 12:00 AM,"end mandate"
589,337,8,01/09/98 12:00 AM,11/25/02 12:00 AM,"end mandate"
590,338,8,01/09/98 12:00 AM,11/25/02 12:00 AM,"end mandate"
591,339,8,01/09/98 12:00 AM,11/25/02 12:00 AM,"end mandate"
592,340,8,01/09/98 12:00 AM,11/25/02 12:00 AM,"end mandate"
593,341,8,01/09/98 12:00 AM,11/25/02 12:00 AM,"end mandate"
594,342,8,01/09/98 12:00 AM,11/25/02 12:00 AM,"end mandate"
595,343,8,01/09/98 12:00 AM,11/25/02 12:00 AM,"end mandate"
596,344,8,01/09/98 12:00 AM,11/25/02 12:00 AM,"end mandate"
597,345,8,01/09/98 12:00 AM,11/25/02 12:00 AM,"end mandate"
598,352,8,01/09/98 12:00 AM,11/25/02 12:00 AM,"end mandate"
599,353,8,01/09/98 12:00 AM,11/25/02 12:00 AM,"end mandate"
600,354,8,01/09/98 12:00 AM,11/25/02 12:00 AM,"end mandate"
601,355,8,01/09/98 12:00 AM,11/25/02 12:00 AM,"end mandate"
602,359,8,01/09/98 12:00 AM,11/25/02 12:00 AM,"end mandate"
603,360,8,01/09/98 12:00 AM,11/25/02 12:00 AM,"end mandate"
604,361,8,01/09/98 12:00 AM,11/25/02 12:00 AM,"end mandate"
605,363,8,01/09/98 12:00 AM,11/25/02 12:00 AM,"end mandate"
606,365,8,01/09/98 12:00 AM,11/25/02 12:00 AM,"end mandate"
607,367,8,01/09/98 12:00 AM,11/25/02 12:00 AM,"end mandate"
608,368,8,01/09/98 12:00 AM,11/25/02 12:00 AM,"end mandate"
609,369,8,01/09/98 12:00 AM,11/25/02 12:00 AM,"end mandate"
610,374,8,01/09/98 12:00 AM,11/25/02 12:00 AM,"end mandate"
611,375,8,01/09/98 12:00 AM,11/25/02 12:00 AM,"end mandate"
612,376,8,01/09/98 12:00 AM,11/25/02 12:00 AM,"end mandate"
613,388,8,01/09/98 12:00 AM,11/25/02 12:00 AM,"end mandate"
614,389,8,01/09/98 12:00 AM,11/25/02 12:00 AM,"end mandate"
615,390,8,01/09/98 12:00 AM,11/25/02 12:00 AM,"end mandate"
616,391,8,01/09/98 12:00 AM,11/25/02 12:00 AM,"end mandate"
617,392,8,01/09/98 12:00 AM,11/25/02 12:00 AM,"end mandate"
618,393,8,01/09/98 12:00 AM,11/25/02 12:00 AM,"end mandate"
619,394,8,01/09/98 12:00 AM,11/25/02 12:00 AM,"end mandate"
620,395,8,01/09/98 12:00 AM,11/25/02 12:00 AM,"end mandate"
621,396,8,01/09/98 12:00 AM,11/25/02 12:00 AM,"end mandate"
622,397,8,01/09/98 12:00 AM,11/25/02 12:00 AM,"end mandate"
623,398,8,01/09/98 12:00 AM,11/25/02 12:00 AM,"end mandate"
624,399,8,01/09/98 12:00 AM,11/25/02 12:00 AM,"end mandate"
625,400,8,01/09/98 12:00 AM,11/25/02 12:00 AM,"end mandate"
626,401,8,01/09/98 12:00 AM,11/25/02 12:00 AM,"end mandate"
627,402,8,01/09/98 12:00 AM,08/12/99 12:00 AM,"death"
628,403,8,01/09/98 12:00 AM,11/25/02 12:00 AM,"end mandate"
629,404,8,01/09/98 12:00 AM,11/25/02 12:00 AM,"end mandate"
630,405,8,01/09/98 12:00 AM,11/25/02 12:00 AM,"end mandate"
631,406,8,01/09/98 12:00 AM,11/25/02 12:00 AM,"end mandate"
632,407,8,01/09/98 12:00 AM,11/25/02 12:00 AM,"end mandate"
633,408,8,01/09/98 12:00 AM,11/25/02 12:00 AM,"end mandate"
634,409,8,01/09/98 12:00 AM,11/25/02 12:00 AM,"end mandate"
635,410,8,01/09/98 12:00 AM,11/25/02 12:00 AM,"end mandate"
636,411,8,01/09/98 12:00 AM,11/25/02 12:00 AM,"end mandate"
637,412,8,01/09/98 12:00 AM,11/25/02 12:00 AM,"end mandate"
638,413,8,01/09/98 12:00 AM,11/25/02 12:00 AM,"end mandate"
639,414,8,01/09/98 12:00 AM,12/30/99 12:00 AM,"death"
640,415,8,01/09/98 12:00 AM,11/25/02 12:00 AM,"end mandate"
641,416,8,01/09/98 12:00 AM,11/25/02 12:00 AM,"end mandate"
642,417,8,01/09/98 12:00 AM,11/25/02 12:00 AM,"end mandate"
643,418,8,01/09/98 12:00 AM,11/25/02 12:00 AM,"end mandate"
644,419,8,01/09/98 12:00 AM,11/25/02 12:00 AM,"end mandate"
645,420,8,01/09/98 12:00 AM,11/25/02 12:00 AM,"end mandate"
646,421,8,01/09/98 12:00 AM,11/25/02 12:00 AM,"end mandate"
647,422,8,01/09/98 12:00 AM,11/25/02 12:00 AM,"end mandate"
648,423,8,01/09/98 12:00 AM,11/25/02 12:00 AM,"end mandate"
649,424,8,01/09/98 12:00 AM,11/25/02 12:00 AM,"end mandate"
650,425,8,01/09/98 12:00 AM,11/25/02 12:00 AM,"end mandate"
651,426,8,01/09/98 12:00 AM,11/25/02 12:00 AM,"end mandate"
652,427,8,01/09/98 12:00 AM,11/25/02 12:00 AM,"end mandate"
653,428,8,01/09/98 12:00 AM,11/25/02 12:00 AM,"end mandate"
654,429,8,01/09/98 12:00 AM,11/25/02 12:00 AM,"end mandate"
655,430,8,01/09/98 12:00 AM,11/25/02 12:00 AM,"end mandate"
656,431,8,01/09/98 12:00 AM,11/25/02 12:00 AM,"end mandate"
657,432,8,01/09/98 12:00 AM,11/25/02 12:00 AM,"end mandate"
658,433,8,01/09/98 12:00 AM,11/25/02 12:00 AM,"end mandate"
659,434,8,01/09/98 12:00 AM,11/25/02 12:00 AM,"end mandate"
660,435,8,01/09/98 12:00 AM,11/25/02 12:00 AM,"end mandate"
661,436,8,01/09/98 12:00 AM,11/25/02 12:00 AM,"end mandate"
662,437,8,01/09/98 12:00 AM,11/25/02 12:00 AM,"end mandate"
663,438,8,01/09/98 12:00 AM,11/25/02 12:00 AM,"end mandate"
664,439,8,01/09/98 12:00 AM,11/25/02 12:00 AM,"end mandate"
665,440,8,01/09/98 12:00 AM,11/25/02 12:00 AM,"end mandate"
666,441,8,01/09/98 12:00 AM,11/25/02 12:00 AM,"end mandate"
667,442,8,01/09/98 12:00 AM,11/25/02 12:00 AM,"end mandate"
668,443,8,01/09/98 12:00 AM,11/25/02 12:00 AM,"end mandate"
669,444,8,01/09/98 12:00 AM,11/25/02 12:00 AM,"end mandate"
670,445,8,01/09/98 12:00 AM,11/25/02 12:00 AM,"end mandate"
671,446,8,01/09/98 12:00 AM,11/25/02 12:00 AM,"end mandate"
672,447,8,01/09/98 12:00 AM,11/25/02 12:00 AM,"end mandate"
673,448,8,01/09/98 12:00 AM,11/25/02 12:00 AM,"end mandate"
674,449,8,01/09/98 12:00 AM,12/14/00 12:00 AM,"resignation"
675,450,8,01/09/98 12:00 AM,11/25/02 12:00 AM,"end mandate"
676,451,8,01/09/98 12:00 AM,11/25/02 12:00 AM,"end mandate"
677,452,8,01/09/98 12:00 AM,11/25/02 12:00 AM,"end mandate"
678,453,8,01/09/98 12:00 AM,11/25/02 12:00 AM,"end mandate"
679,454,8,01/09/98 12:00 AM,11/25/02 12:00 AM,"end mandate"
680,455,8,01/09/98 12:00 AM,11/25/02 12:00 AM,"end mandate"
681,456,8,01/09/98 12:00 AM,11/25/02 12:00 AM,"end mandate"
682,457,8,01/09/98 12:00 AM,04/18/02 12:00 AM,"resignation"
683,458,8,01/09/98 12:00 AM,08/03/01 12:00 AM,"death"
684,459,8,01/09/98 12:00 AM,11/25/02 12:00 AM,"end mandate"
685,460,8,01/09/98 12:00 AM,11/25/02 12:00 AM,"end mandate"
686,461,8,01/09/98 12:00 AM,11/25/02 12:00 AM,"end mandate"
687,462,8,01/09/98 12:00 AM,11/25/02 12:00 AM,"end mandate"
688,463,8,01/09/98 12:00 AM,11/25/02 12:00 AM,"end mandate"
689,464,8,01/09/98 12:00 AM,11/25/02 12:00 AM,"end mandate"
690,465,8,01/09/98 12:00 AM,11/25/02 12:00 AM,"end mandate"
691,466,8,01/09/98 12:00 AM,11/25/02 12:00 AM,"end mandate"
692,467,8,01/09/98 12:00 AM,11/25/02 12:00 AM,"end mandate"
693,468,8,01/09/98 12:00 AM,11/25/02 12:00 AM,"end mandate"
694,469,8,01/09/98 12:00 AM,11/25/02 12:00 AM,"end mandate"
695,470,8,01/09/98 12:00 AM,11/25/02 12:00 AM,"end mandate"
696,471,8,01/09/98 12:00 AM,11/25/02 12:00 AM,"end mandate"
697,472,8,01/09/98 12:00 AM,11/25/02 12:00 AM,"end mandate"
698,473,8,01/09/98 12:00 AM,11/25/02 12:00 AM,"end mandate"
699,474,8,01/09/98 12:00 AM,11/25/02 12:00 AM,"end mandate"
700,475,8,01/09/98 12:00 AM,11/25/02 12:00 AM,"end mandate"
701,476,8,01/09/98 12:00 AM,11/25/02 12:00 AM,"end mandate"
702,477,8,01/09/98 12:00 AM,11/25/02 12:00 AM,"end mandate"
703,478,8,01/09/98 12:00 AM,11/25/02 12:00 AM,"end mandate"
704,479,8,01/09/98 12:00 AM,11/25/02 12:00 AM,"end mandate"
705,480,8,01/09/98 12:00 AM,11/25/02 12:00 AM,"end mandate"
706,481,8,01/09/98 12:00 AM,11/25/02 12:00 AM,"end mandate"
707,482,8,01/09/98 12:00 AM,11/25/02 12:00 AM,"end mandate"
708,483,8,01/09/98 12:00 AM,11/25/02 12:00 AM,"end mandate"
709,484,8,07/04/99 12:00 AM,11/25/02 12:00 AM,"end mandate"
710,485,8,06/04/99 12:00 AM,11/25/02 12:00 AM,"end mandate"
711,486,8,06/08/02 12:00 AM,11/25/02 12:00 AM,"end mandate"
712,487,8,07/28/00 12:00 AM,11/25/02 12:00 AM,"end mandate"
713,488,8,04/29/00 12:00 AM,11/25/02 12:00 AM,"end mandate"
714,489,8,11/11/99 12:00 AM,11/25/02 12:00 AM,"end mandate"
715,490,8,03/30/00 12:00 AM,11/25/02 12:00 AM,"end mandate"
716,491,8,03/15/01 12:00 AM,11/25/02 12:00 AM,"end mandate"
717,492,8,07/18/02 12:00 AM,11/25/02 12:00 AM,"end mandate"
718,493,8,11/02/01 12:00 AM,11/25/02 12:00 AM,"end mandate"
719,1,9,01/05/03 12:00 AM,,"end mandate"
720,2,9,01/05/03 12:00 AM,,"end mandate"
721,5,9,01/05/03 12:00 AM,,"end mandate"
722,14,9,01/05/03 12:00 AM,,"end mandate"
723,15,9,01/05/03 12:00 AM,,"end mandate"
724,25,9,01/05/03 12:00 AM,,"end mandate"
725,61,9,01/05/03 12:00 AM,,"end mandate"
726,62,9,01/05/03 12:00 AM,,"end mandate"
727,69,9,01/05/03 12:00 AM,,"end mandate"
728,70,9,01/05/03 12:00 AM,04/12/04 12:00 AM,"resignation"
729,72,9,01/05/03 12:00 AM,,"end mandate"
730,73,9,01/05/03 12:00 AM,,"end mandate"
731,74,9,01/05/03 12:00 AM,,"end mandate"
732,75,9,01/05/03 12:00 AM,,"end mandate"
733,96,9,01/05/03 12:00 AM,,"end mandate"
734,97,9,01/05/03 12:00 AM,,"end mandate"
735,98,9,01/05/03 12:00 AM,,"end mandate"
736,103,9,01/05/03 12:00 AM,,"end mandate"
737,124,9,01/05/03 12:00 AM,,"end mandate"
738,125,9,01/05/03 12:00 AM,,"end mandate"
739,129,9,01/05/03 12:00 AM,,"end mandate"
740,130,9,01/05/03 12:00 AM,,"end mandate"
741,138,9,01/05/03 12:00 AM,,"end mandate"
742,139,9,01/05/03 12:00 AM,,"end mandate"
743,149,9,01/05/03 12:00 AM,,"end mandate"
744,150,9,01/05/03 12:00 AM,,"end mandate"
745,151,9,01/05/03 12:00 AM,,"end mandate"
746,158,9,01/05/03 12:00 AM,,"end mandate"
747,164,9,01/05/03 12:00 AM,,"end mandate"
748,166,9,01/05/03 12:00 AM,,"end mandate"
749,167,9,01/05/03 12:00 AM,,"end mandate"
750,168,9,01/05/03 12:00 AM,,"end mandate"
751,174,9,01/05/03 12:00 AM,,"end mandate"
752,175,9,01/05/03 12:00 AM,,"end mandate"
753,176,9,01/05/03 12:00 AM,,"end mandate"
754,177,9,01/05/03 12:00 AM,02/25/05 12:00 AM,"death"
755,243,9,01/05/03 12:00 AM,,"end mandate"
756,244,9,01/05/03 12:00 AM,,"end mandate"
757,245,9,01/05/03 12:00 AM,,"end mandate"
758,247,9,01/05/03 12:00 AM,,"end mandate"
759,248,9,01/05/03 12:00 AM,,"end mandate"
760,249,9,01/05/03 12:00 AM,,"end mandate"
761,257,9,01/05/03 12:00 AM,,"end mandate"
762,258,9,01/05/03 12:00 AM,,"end mandate"
763,261,9,01/05/03 12:00 AM,,"end mandate"
764,262,9,01/05/03 12:00 AM,,"end mandate"
765,263,9,01/05/03 12:00 AM,,"end mandate"
766,264,9,01/05/03 12:00 AM,,"end mandate"
767,265,9,01/05/03 12:00 AM,,"end mandate"
768,266,9,01/05/03 12:00 AM,,"end mandate"
769,267,9,01/05/03 12:00 AM,,"end mandate"
770,268,9,01/05/03 12:00 AM,,"end mandate"
771,269,9,01/05/03 12:00 AM,,"end mandate"
772,270,9,01/05/03 12:00 AM,,"end mandate"
773,283,9,01/05/03 12:00 AM,,"end mandate"
774,284,9,01/05/03 12:00 AM,,"end mandate"
775,285,9,01/05/03 12:00 AM,,"end mandate"
776,286,9,01/05/03 12:00 AM,,"end mandate"
777,287,9,01/05/03 12:00 AM,,"end mandate"
778,288,9,01/05/03 12:00 AM,,"end mandate"
779,289,9,01/05/03 12:00 AM,,"end mandate"
780,290,9,01/05/03 12:00 AM,,"end mandate"
781,291,9,01/05/03 12:00 AM,,"end mandate"
782,292,9,01/05/03 12:00 AM,,"end mandate"
783,303,9,01/05/03 12:00 AM,,"end mandate"
784,304,9,01/05/03 12:00 AM,,"end mandate"
785,305,9,01/05/03 12:00 AM,,"end mandate"
786,306,9,01/05/03 12:00 AM,,"end mandate"
787,307,9,01/05/03 12:00 AM,,"end mandate"
788,308,9,01/05/03 12:00 AM,,"end mandate"
789,309,9,01/05/03 12:00 AM,,"end mandate"
790,310,9,01/05/03 12:00 AM,,"end mandate"
791,314,9,01/05/03 12:00 AM,,"end mandate"
792,315,9,01/05/03 12:00 AM,,"end mandate"
793,316,9,01/05/03 12:00 AM,,"end mandate"
794,317,9,01/05/03 12:00 AM,,"end mandate"
795,318,9,01/05/03 12:00 AM,,"end mandate"
796,320,9,01/05/03 12:00 AM,,"end mandate"
797,321,9,01/05/03 12:00 AM,,"end mandate"
798,325,9,01/05/03 12:00 AM,,"end mandate"
799,327,9,01/05/03 12:00 AM,,"end mandate"
800,328,9,01/05/03 12:00 AM,,"end mandate"
801,329,9,01/05/03 12:00 AM,,"end mandate"
802,330,9,01/05/03 12:00 AM,,"end mandate"
803,336,9,01/05/03 12:00 AM,,"end mandate"
804,337,9,01/05/03 12:00 AM,,"end mandate"
805,338,9,01/05/03 12:00 AM,,"end mandate"
806,339,9,01/05/03 12:00 AM,,"end mandate"
807,340,9,01/05/03 12:00 AM,,"end mandate"
808,341,9,01/05/03 12:00 AM,,"end mandate"
809,342,9,01/05/03 12:00 AM,,"end mandate"
810,343,9,01/05/03 12:00 AM,,"end mandate"
811,344,9,01/05/03 12:00 AM,,"end mandate"
812,345,9,01/05/03 12:00 AM,,"end mandate"
813,352,9,01/05/03 12:00 AM,,"end mandate"
814,353,9,01/05/03 12:00 AM,,"end mandate"
815,354,9,01/05/03 12:00 AM,06/16/06 12:00 AM,"death"
816,355,9,01/05/03 12:00 AM,,"end mandate"
817,359,9,01/05/03 12:00 AM,,"end mandate"
818,360,9,01/05/03 12:00 AM,,"end mandate"
819,361,9,01/05/03 12:00 AM,,"end mandate"
820,363,9,01/05/03 12:00 AM,,"end mandate"
821,365,9,01/05/03 12:00 AM,,"end mandate"
822,367,9,01/05/03 12:00 AM,,"end mandate"
823,368,9,01/05/03 12:00 AM,,"end mandate"
824,369,9,01/05/03 12:00 AM,,"end mandate"
825,374,9,01/05/03 12:00 AM,,"end mandate"
826,391,9,01/05/03 12:00 AM,,"end mandate"
827,392,9,01/05/03 12:00 AM,,"end mandate"
828,393,9,01/05/03 12:00 AM,,"end mandate"
829,394,9,01/05/03 12:00 AM,,"end mandate"
830,395,9,01/05/03 12:00 AM,,"end mandate"
831,396,9,01/05/03 12:00 AM,,"end mandate"
832,397,9,01/05/03 12:00 AM,,"end mandate"
833,398,9,01/05/03 12:00 AM,,"end mandate"
834,399,9,01/05/03 12:00 AM,,"end mandate"
835,400,9,01/05/03 12:00 AM,,"end mandate"
836,401,9,01/05/03 12:00 AM,,"end mandate"
837,403,9,01/05/03 12:00 AM,,"end mandate"
838,404,9,01/05/03 12:00 AM,,"end mandate"
839,405,9,01/05/03 12:00 AM,,"end mandate"
840,406,9,01/05/03 12:00 AM,,"end mandate"
841,407,9,01/05/03 12:00 AM,,"end mandate"
842,408,9,01/05/03 12:00 AM,,"end mandate"
843,409,9,01/05/03 12:00 AM,,"end mandate"
844,410,9,01/05/03 12:00 AM,,"end mandate"
845,411,9,01/05/03 12:00 AM,,"end mandate"
846,412,9,01/05/03 12:00 AM,,"end mandate"
847,413,9,01/05/03 12:00 AM,,"end mandate"
848,415,9,01/05/03 12:00 AM,,"end mandate"
849,416,9,01/05/03 12:00 AM,,"end mandate"
850,417,9,01/05/03 12:00 AM,,"end mandate"
851,422,9,01/05/03 12:00 AM,,"end mandate"
852,423,9,01/05/03 12:00 AM,07/07/06 12:00 AM,"death"
853,424,9,01/05/03 12:00 AM,,"end mandate"
854,425,9,01/05/03 12:00 AM,,"end mandate"
855,426,9,01/05/03 12:00 AM,08/18/03 12:00 AM,"death"
856,427,9,01/05/03 12:00 AM,,"end mandate"
857,428,9,01/05/03 12:00 AM,,"end mandate"
858,429,9,01/05/03 12:00 AM,,"end mandate"
859,430,9,01/05/03 12:00 AM,,"end mandate"
860,431,9,01/05/03 12:00 AM,,"end mandate"
861,432,9,01/05/03 12:00 AM,,"end mandate"
862,433,9,01/05/03 12:00 AM,,"end mandate"
863,434,9,01/05/03 12:00 AM,,"end mandate"
864,435,9,01/05/03 12:00 AM,,"end mandate"
865,436,9,01/05/03 12:00 AM,,"end mandate"
866,437,9,01/05/03 12:00 AM,,"end mandate"
867,438,9,01/05/03 12:00 AM,,"end mandate"
868,439,9,01/05/03 12:00 AM,,"end mandate"
869,441,9,01/05/03 12:00 AM,,"end mandate"
870,442,9,01/05/03 12:00 AM,,"end mandate"
871,443,9,01/05/03 12:00 AM,,"end mandate"
872,444,9,01/05/03 12:00 AM,,"end mandate"
873,445,9,01/05/03 12:00 AM,,"end mandate"
874,446,9,01/05/03 12:00 AM,,"end mandate"
875,447,9,01/05/03 12:00 AM,,"end mandate"
876,448,9,01/05/03 12:00 AM,,"end mandate"
877,450,9,01/05/03 12:00 AM,,"end mandate"
878,451,9,01/05/03 12:00 AM,,"end mandate"
879,452,9,01/05/03 12:00 AM,,"end mandate"
880,453,9,01/05/03 12:00 AM,,"end mandate"
881,456,9,01/05/03 12:00 AM,,"end mandate"
882,459,9,01/05/03 12:00 AM,,"end mandate"
883,460,9,01/05/03 12:00 AM,,"end mandate"
884,461,9,01/05/03 12:00 AM,,"end mandate"
885,462,9,01/05/03 12:00 AM,,"end mandate"
886,464,9,01/05/03 12:00 AM,,"end mandate"
887,465,9,01/05/03 12:00 AM,,"end mandate"
888,466,9,01/05/03 12:00 AM,,"end mandate"
889,467,9,01/05/03 12:00 AM,,"end mandate"
890,468,9,01/05/03 12:00 AM,,"end mandate"
891,469,9,01/05/03 12:00 AM,,"end mandate"
892,470,9,01/05/03 12:00 AM,,"end mandate"
893,472,9,01/05/03 12:00 AM,,"end mandate"
894,473,9,01/05/03 12:00 AM,,"end mandate"
895,474,9,01/05/03 12:00 AM,,"end mandate"
896,475,9,01/05/03 12:00 AM,,"end mandate"
897,476,9,01/05/03 12:00 AM,,"end mandate"
898,477,9,01/05/03 12:00 AM,,"end mandate"
899,478,9,01/05/03 12:00 AM,,"end mandate"
900,479,9,01/05/03 12:00 AM,,"end mandate"
901,480,9,01/05/03 12:00 AM,,"end mandate"
902,481,9,01/05/03 12:00 AM,,"end mandate"
903,483,9,01/05/03 12:00 AM,,"end mandate"
904,484,9,01/05/03 12:00 AM,,"end mandate"
905,485,9,01/05/03 12:00 AM,,"end mandate"
906,486,9,01/05/03 12:00 AM,,"end mandate"
907,487,9,01/05/03 12:00 AM,,"end mandate"
908,488,9,01/05/03 12:00 AM,,"end mandate"
909,489,9,01/05/03 12:00 AM,,"end mandate"
910,490,9,01/05/03 12:00 AM,,"end mandate"
911,491,9,01/05/03 12:00 AM,,"end mandate"
912,492,9,01/05/03 12:00 AM,,"end mandate"
913,493,9,01/05/03 12:00 AM,,"end mandate"
914,494,9,01/05/03 12:00 AM,,"end mandate"
915,495,9,01/05/03 12:00 AM,,"end mandate"
916,496,9,01/05/03 12:00 AM,,"end mandate"
917,497,9,01/05/03 12:00 AM,,"end mandate"
918,498,9,01/05/03 12:00 AM,,"end mandate"
919,499,9,01/05/03 12:00 AM,,"end mandate"
920,500,9,01/05/03 12:00 AM,,"end mandate"
921,501,9,01/05/03 12:00 AM,,"end mandate"
922,502,9,01/05/03 12:00 AM,,"end mandate"
923,503,9,01/05/03 12:00 AM,,"end mandate"
924,504,9,01/05/03 12:00 AM,01/19/07 12:00 AM,"death"
925,505,9,01/05/03 12:00 AM,,"end mandate"
926,506,9,01/05/03 12:00 AM,,"end mandate"
927,507,9,01/05/03 12:00 AM,,"end mandate"
928,508,9,01/05/03 12:00 AM,,"end mandate"
929,509,9,01/05/03 12:00 AM,,"end mandate"
930,510,9,01/05/03 12:00 AM,,"end mandate"
931,511,9,01/05/03 12:00 AM,,"end mandate"
932,512,9,01/05/03 12:00 AM,,"end mandate"
933,513,9,01/05/03 12:00 AM,,"end mandate"
934,514,9,01/05/03 12:00 AM,,"end mandate"
935,515,9,01/05/03 12:00 AM,09/30/06 12:00 AM,"resignation"
936,516,9,01/05/03 12:00 AM,,"end mandate"
937,517,9,01/05/03 12:00 AM,,"end mandate"
938,518,9,01/05/03 12:00 AM,,"end mandate"
939,519,9,01/05/03 12:00 AM,,"end mandate"
940,520,9,01/05/03 12:00 AM,,"end mandate"
941,521,9,01/05/03 12:00 AM,,"end mandate"
942,522,9,01/05/03 12:00 AM,,"end mandate"
943,523,9,01/05/03 12:00 AM,,"end mandate"
944,524,9,01/05/03 12:00 AM,,"end mandate"
945,525,9,01/05/03 12:00 AM,,"end mandate"
946,526,9,01/05/03 12:00 AM,,"end mandate"
947,527,9,07/06/04 12:00 AM,,"end mandate"
948,528,9,05/21/05 12:00 AM,,"end mandate"
949,529,9,09/09/06 12:00 AM,,"end mandate"
950,530,9,09/30/06 12:00 AM,,"end mandate"
951,531,9,11/11/03 12:00 AM,,"end mandate"
952,532,9,04/14/07 12:00 AM,,"end mandate"
953,533,9,12/24/06 12:00 AM,,"end mandate"
