"5","Epainitoos","Muses","Akaranga","1951-12-11 00:00:00",,"Casablanca@parliament.ke","KE","F","ID 388676","A","memberofparliament"
"1","Jimmy","Arengah","Buru","1941-12-18 00:00:00",,"Lagos@parliament.ke","KE","M","ID 549977","A","memberofparliament"
"2","Francis","","NoKibaki","1951-12-08 00:00:00",,"Cairo@parliament.ke","KE","M","ID 129781","A","memberofparliament"
"15","Adan","","Billow","1938-07-25 00:00:00",,"Durban@parliament.ke","KE","M","ID 556172","A","memberofparliament"
"22","Abdollahi","Sheikh","Dahir","1929-05-15 00:00:00",,"Accra@parliament.ke","KE","F","ID 6107938","I","memberofparliament"
"3","Ali","Hassan","Abdirahman","1951-12-09 00:00:00",,"Kinshasa@parliament.ke","KE","M","ID 45797","I","memberofparliament"
"4","Francis","Ewatun","Acheka","1951-12-10 00:00:00",,"Alexandria@parliament.ke","KE","M","ID 794145","I","memberofparliament"
"6","Abdollahi","Ibrahim","Ali","1929-05-04 00:00:00",,"Abidjan@parliament.ke","KE","M","ID 123049","I","memberofparliament"
"7","Jimmy","Nuru Ondiek","Angwenyi","1929-05-05 00:00:00",,"Kano@parliament.ke","KE","M","ID 6672524","I","memberofparliament"
"8","Jolius","Odenyu","Arengah","1929-05-06 00:00:00",,"Ibadan@parliament.ke","KE","M","ID 786406","I","memberofparliament"
"9","Adho","Keruw","Awiti","1945-03-06 00:00:00",,"Nairobi@parliament.ke","KE","M","ID 997422","I","memberofparliament"
"10","Arthor","Buru","Mawori","1948-08-09 00:00:00",,"Cape Town@parliament.ke","KE","M","ID 797594","I","memberofparliament"
"14","Wakoli","Sylvester","Bifwoli","1982-02-25 00:00:00",,"Dakar@parliament.ke","KE","M","ID 573752","A","memberofparliament"
"13","Najib","Nuhane","Balala","1982-02-24 00:00:00",,"Dar es Salaam@parliament.ke","KE","F","ID 225352","I","memberofparliament"
"19","Alica","Jematia Runoh","Chelaite","1985-06-09 00:00:00",,"Algiers@parliament.ke","KE","F","ID 874803","I","memberofparliament"
"27","William","Muody","Gitae","1978-07-08 00:00:00",,"Douala@parliament.ke","UG","F","ID 866713","I","memberofparliament"
"16","Nicholas","Kipruno Kipyator","Tiwott","1938-07-06 00:00:00",,"Luanda@parliament.ke","KE","M","ID 967836","I","memberofparliament"
"17","William","Kiplumbei","Boit","1938-07-27 00:00:00",,"Tripoli@parliament.ke","KE","M","ID 507422","I","memberofparliament"
"51","Nohana","","Khalif","1944-10-10 00:00:00",,"Maputo@parliament.ke","KE","F","ID 561298","I","memberofparliament"
"11","Ochillo","","Ayacko","1948-08-10 00:00:00",,"Addis Ababa@parliament.ke","KE","M","ID 467462","I","memberofparliament"
"73","Harrison","Tula","Kombe","1958-04-09 00:00:00",,"Omdurman@parliament.ke","KE","F","ID 319976","A","memberofparliament"
"74","Mosikari","Cheruiyut","Kombo","1958-03-10 00:00:00",,"Johannesburg@parliament.ke","KE","M","ID 210227","A","memberofparliament"
"75","Gidaon","Garama","Konchella","1958-03-11 00:00:00",,"Accra@parliament.ke","KE","M","ID 831438","A","memberofparliament"
"89","Arthor","Omingu","Magegu","1959-08-02 00:00:00",,"Port Harcourt@parliament.ke","KE","F","ID 264726","I","memberofparliament"
"76","Josaph","Kiptanui","Korir","1958-03-12 00:00:00",,"Rabat@parliament.ke","KE","M","ID 378912","I","memberofparliament"
"77","David","Wanjala","Koros","1963-07-18 00:00:00",,"Conakry@parliament.ke","KE","M","ID 284513","I","memberofparliament"
"78","Hanry","Abdi","Koskey","1963-07-19 00:00:00",,"Kaduna@parliament.ke","KE","M","ID 709266","I","memberofparliament"
"79","Nawton","Kipkaptu","Kelundu","1963-07-20 00:00:00",,"Khartoum@parliament.ke","KE","M","ID 742034","I","memberofparliament"
"81","Nohana","Kipruno","Keti","1963-07-22 00:00:00",,"Pretoria@parliament.ke","KE","M","ID 722025","I","memberofparliament"
"82","Prisa","Muta","Leshore","1963-07-23 00:00:00",,"Soweto@parliament.ke","KE","M","ID 57777","I","memberofparliament"
"83","Simaon","Gisuka","Lesirma","1963-07-24 00:00:00",,"Lusaka@parliament.ke","KE","M","ID 484454","I","memberofparliament"
"12","Ali","Abdul","Bahari","1982-02-23 00:00:00",,"Giza@parliament.ke","UG","M","ID 817923","I","memberofparliament"
"85","Wangari","Sammy","Maathai","1980-09-01 00:00:00",,"Brazzaville@parliament.ke","KE","F","ID 923752","I","memberofparliament"
"88","Jamas","Kinyanjui","Magara","1980-09-04 00:00:00",,"Lubumbashi@parliament.ke","KE","F","ID 650149","I","memberofparliament"
"95","Staphan","Otiatu","Manoti","1974-10-19 00:00:00",,"Cairo@parliament.ke","KE","F","ID 903026","I","memberofparliament"
"84","Andraw","Herman","Ligale","1980-09-20 00:00:00",,"Mogadishu@parliament.ke","KE","M","ID 774479","I","memberofparliament"
"86","Wilfrad","Saimanga","Machage","1980-09-02 00:00:00",,"Yaoundé@parliament.ke","KE","M","ID 765675","I","memberofparliament"
"87","Mardsan","Nduoli","Madoka","1980-09-03 00:00:00",,"Maputo@parliament.ke","KE","M","ID 9810069","I","memberofparliament"
"144","Josaph","Kanyinke","Leketon","1974-05-24 00:00:00",,"Accra@parliament.ke","KE","M","ID 639799","I","memberofparliament"
"150","Josaph","Munene Gathakari King'ang'i","Nyagah","1922-03-01 00:00:00",,"Yaoundé@parliament.ke","KE","F","ID 984946","A","memberofparliament"
"90","Annaniah","Karisa","Mwaboza","1977-02-14 00:00:00",,"Benin@parliament.ke","KE","M","ID 460722","I","memberofparliament"
"92","Locas Baya","Abungu","Maitha","1978-04-18 00:00:00",,"Subra al-Haymah@parliament.ke","KE","M","ID 611207","I","memberofparliament"
"91","Emmanoal","","Maitha","1978-04-17 00:00:00",,"Freetown@parliament.ke","KE","M","ID 450034","I","memberofparliament"
"149","Simaon","Rungora Ole","Nyachae","1922-02-28 00:00:00",,"Brazzaville@parliament.ke","KE","M","ID 41977","A","memberofparliament"
"158","Tobias","Nyang'au","Orao","1942-03-09 00:00:00",,"Johannesburg@parliament.ke","KE","M","ID 633846","A","memberofparliament"
"168","Staphan","Zebedeu","Ondiek","1964-11-26 00:00:00",,"Mogadishu@parliament.ke","KE","M","ID 265638","A","memberofparliament"
"174","Charlas","Ole","Owino","1948-12-29 00:00:00",,"Benin@parliament.ke","KE","M","ID 779302","A","memberofparliament"
"176","Samoal","Samuei","Poghisio","1948-12-31 00:00:00",,"Subra al-Haymah@parliament.ke","KE","M","ID 701755","A","memberofparliament"
"151","Norman","","Nyagah","1932-03-02 00:00:00",,"Maputo@parliament.ke","UG","M","ID 727673","A","memberofparliament"
"167","William","","Omondi","1964-11-25 00:00:00",,"Lusaka@parliament.ke","KE","M","ID 799524","A","memberofparliament"
"145","Abdallah","Kaluki","Ngozi","1922-02-09 00:00:00",,"Rabat@parliament.ke","KE","F","ID 676156","I","memberofparliament"
"148","Staphan","Jumaa","Ntetu","1922-02-12 00:00:00",,"Mogadishu@parliament.ke","KE","F","ID 733936","I","memberofparliament"
"152","Eric","Opun","Nyamenga","1932-03-03 00:00:00",,"Lubumbashi@parliament.ke","KE","F","ID 335036","I","memberofparliament"
"153","Patar '","William Nthiga","Nyong'o","1932-03-04 00:00:00",,"Port Harcourt@parliament.ke","KE","F","ID 467262","I","memberofparliament"
"155","Raila","Anyang","Todinga","1932-03-06 00:00:00",,"Freetown@parliament.ke","KE","F","ID 294192","I","memberofparliament"
"147","William","Juseph","Ntimama","1922-02-11 00:00:00",,"Kaduna@parliament.ke","KE","M","ID 587683","I","memberofparliament"
"154","Hanry","Amulo","Obwocha","1932-03-05 00:00:00",,"Benin@parliament.ke","KE","M","ID 551583","I","memberofparliament"
"156","Patar","Onyancha","Odoyo","1942-03-07 00:00:00",,"Subra al-Haymah@parliament.ke","KE","M","ID 467125","I","memberofparliament"
"157","Oboru","Ochieng","Oginga","1942-03-08 00:00:00",,"Omdurman@parliament.ke","KE","M","ID 607252","I","memberofparliament"
"163","Phillip","Okuth","Okendi","1964-10-21 00:00:00",,"Khartoum@parliament.ke","KE","M","ID 589831","I","memberofparliament"
"171","John","Oyugi","Opore","1964-11-29 00:00:00",,"Maputo@parliament.ke","KE","M","ID 770725","I","memberofparliament"
"181","Gaorga","Kipkembui","Saitoti","1949-05-05 00:00:00",,"Alexandria@parliament.ke","KE","M","ID 866763","I","memberofparliament"
"182","Nicholas","Kipkurir","Salat","1949-05-06 00:00:00",,"Casablanca@parliament.ke","AO","M","ID 622524","I","memberofparliament"
"184","Kipkorir","Kiptuo Korir","Sang","1949-01-08 00:00:00",,"Kano@parliament.ke","KE","M","ID 684456","I","memberofparliament"
"185","Abdi","Marisin","Sasera","1928-04-22 00:00:00",,"Ibadan@parliament.ke","KE","M","ID 327227","I","memberofparliament"
"189","Solaiman","Namsi","Shakombo","1956-07-16 00:00:00",,"Giza@parliament.ke","KE","M","ID 835171","I","memberofparliament"
"146","Kasaina","","Nkaisserry","1922-02-10 00:00:00",,"Conakry@parliament.ke","KE","M","ID 569839","I","memberofparliament"
"178","Phillip","","Rotino","1949-01-02 00:00:00",,"Lagos@parliament.ke","KE","M","ID 873062","I","memberofparliament"
"180","Sammy","","Retto","1949-05-04 00:00:00",,"Kinshasa@parliament.ke","KE","M","ID 820081","I","memberofparliament"
"247","Wangari","Nyaga","Ceheri","1975-08-19 00:00:00",,"Ibadan@parliament.ke","KE","M","ID 12691","A","memberofparliament"
"248","Uhoru","Kirika","Celele","1976-05-06 00:00:00",,"Nairobi@parliament.ke","UG","M","ID 12778","A","memberofparliament"
"228","Danial","Sitswila","Moivai","1984-10-29 00:00:00",,"Subra al-Haymah@parliament.ke","KE","M","ID 145585","I","memberofparliament"
"230","Daodi","Nazi","Tagwima","1980-11-26 00:00:00",,"Giza@parliament.ke","KE","M","ID 132331","I","memberofparliament"
"251","Simaon","Anyang","Chebui","1970-10-22 00:00:00",,"Kano@parliament.ke","KE","M","ID 18099","I","memberofparliament"
"318","John","Gisuka","Tengetene","1981-06-28 00:00:00",,"Conakry@parliament.ke","KE","M","ID 5777","A","memberofparliament"
"288","Mosas","","Silunzu","1982-07-26 00:00:00",,"Dar es Salaam@parliament.ke","KE","M","ID 42854","A","memberofparliament"
"310","Josaph","","Tenuti","1985-09-04 00:00:00",,"Kolwezi@parliament.ke","KE","M","ID 53426","A","memberofparliament"
"244","William","Misiku Wafula","Orengeh","1950-08-02 00:00:00",,"Kaduna@parliament.ke","KE","M","ID 12106","A","memberofparliament"
"243","William","","Ongwenyi","1933-09-11 00:00:00",,"Conakry@parliament.ke","KE","M","ID 11513","A","memberofparliament"
"245","William","","Owiti","1964-04-30 00:00:00",,"Dakar@parliament.ke","KE","M","ID 12232","A","memberofparliament"
"220","Njoki","Ndetu","Ndeng'u","1932-06-16 00:00:00",,"Abidjan@parliament.ke","KE","F","ID 122321","I","memberofparliament"
"222","Roth","Njeri","Oniango","1932-06-18 00:00:00",,"Ibadan@parliament.ke","KE","F","ID 6707978","I","memberofparliament"
"224","Kaosia","Ole","Kapparro","1968-11-09 00:00:00",,"Cape Town@parliament.ke","KE","F","ID 387951","I","memberofparliament"
"216","Motula","Oluo","Kilonzo","1956-02-13 00:00:00",,"Cairo@parliament.ke","KE","M","ID 602531","I","memberofparliament"
"225","Amos","Turoitich","Wakoko","1963-05-30 00:00:00",,"Addis Ababa@parliament.ke","KE","M","ID 714623","I","memberofparliament"
"227","Patar","Kijana","Owidi","1963-06-01 00:00:00",,"Freetown@parliament.ke","KE","M","ID 612468","I","memberofparliament"
"231","Francis","Mweni","Tarieki","1956-07-25 00:00:00",,"Kaduna@parliament.ke","KE","M","ID 96783","I","memberofparliament"
"233","Jolia","Kipruno Kipyator","Toech","1958-08-13 00:00:00",,"Cape Town@parliament.ke","KE","M","ID 457623","I","memberofparliament"
"234","Kivotha","Kipkiyeny","Teria","1965-05-07 00:00:00",,"Kano@parliament.ke","KE","M","ID 349463","I","memberofparliament"
"237","Patar","Dicksun","Nenya","1947-07-24 00:00:00",,"Douala@parliament.ke","KE","M","ID 97201","I","memberofparliament"
"238","Patkay","Daudi","Nwiraria","1946-07-25 00:00:00",,"Ibadan@parliament.ke","KE","M","ID 98100","I","memberofparliament"
"239","Raphaal","Daniel","Dahenda","1966-08-18 00:00:00",,"Luanda@parliament.ke","KE","M","ID 267569","I","memberofparliament"
"250","Solaiman","Shitanda","Cuit","1957-10-10 00:00:00",,"Abidjan@parliament.ke","KE","M","ID 16461","I","memberofparliament"
"254","Sammy","Isaack","Chuge","1967-05-23 00:00:00",,"Rabat@parliament.ke","KE","M","ID 19976","I","memberofparliament"
"215","Esthar","","Keino","1956-02-12 00:00:00",,"Lagos@parliament.ke","KE","F","ID 207380","I","memberofparliament"
"218","Cacily","","Mbarire","1966-02-25 00:00:00",,"Alexandria@parliament.ke","KE","F","ID 557902","I","memberofparliament"
"219","Adalina","","Mwae","1932-06-15 00:00:00",,"Casablanca@parliament.ke","KE","F","ID 513256","I","memberofparliament"
"223","Batty","","Tett","1968-11-08 00:00:00",,"Nairobi@parliament.ke","KE","F","ID 896368","I","memberofparliament"
"217","Kipkalia","","Kones","1956-02-14 00:00:00",,"Kinshasa@parliament.ke","KE","M","ID 525982","I","memberofparliament"
"242","Winfrad","","Oli","1929-10-03 00:00:00",,"Rabat@parliament.ke","KE","M","ID 10025","I","memberofparliament"
"246","Wilfrad","","Oyecku","1931-09-14 00:00:00",,"Durban@parliament.ke","KE","M","ID 12304","I","memberofparliament"
"188","Ali","","Shaaban","1956-07-15 00:00:00",,"Addis Ababa@parliament.ke","KE","M","ID 164615","I","memberofparliament"
"289","Morris","Mghanga","Simenye","1925-06-18 00:00:00",,"Kampala@parliament.ke","KE","F","ID 43857","A","memberofparliament"
"290","Mokhisa","Kihara","Singi","1958-07-07 00:00:00",,"Bulawayo@parliament.ke","KE","M","ID 45003","A","memberofparliament"
"292","Martin","Karisa","Sirwe","1933-06-01 00:00:00",,"Mbuji-Mayi@parliament.ke","KE","M","ID 45932","A","memberofparliament"
"303","Kiproto","Buya","Techege","1930-08-01 00:00:00",,"Kinshasa@parliament.ke","KE","M","ID 50742","A","memberofparliament"
"304","Kipkorir","Chumel","Teduke","1934-10-18 00:00:00",,"Addis Ababa@parliament.ke","KE","M","ID 51325","A","memberofparliament"
"305","Kipkalia","Abdi Haji","Tegere","1945-03-10 00:00:00",,"Giza@parliament.ke","KE","M","ID 51424","A","memberofparliament"
"314","Josaph","Nduoli","Tegu","1956-08-24 00:00:00",,"Kinshasa@parliament.ke","KE","M","ID 55790","A","memberofparliament"
"316","John 'a","Sammy","Teite","1929-09-07 00:00:00",,"Casablanca@parliament.ke","KE","M","ID 56983","A","memberofparliament"
"287","Motahi","Sulomon Kamau","Silimu","1975-04-06 00:00:00",,"Giza@parliament.ke","KE","F","ID 42789","A","memberofparliament"
"308","Joshoa","Otiatu","Teithe","1974-09-25 00:00:00",,"Ouagadougou@parliament.ke","KE","M","ID 52598","A","memberofparliament"
"315","Jolius","Saimanga","Teiruri","1981-12-14 00:00:00",,"Alexandria@parliament.ke","KE","M","ID 56129","A","memberofparliament"
"368","Ali","Kiplumbei","Tuu","1979-07-14 00:00:00",,"Maiduguri@parliament.ke","KE","F","ID 89636","A","memberofparliament"
"363","Andraw","Sheikh","Shekumbu","1976-07-13 00:00:00",,"Brazzaville@parliament.ke","KE","M","ID 85395","A","memberofparliament"
"369","Adho","Arthur","Turu","1981-12-12 00:00:00",,"Kampala@parliament.ke","KE","M","ID 90302","A","memberofparliament"
"403","Fradrick","Viscuunt","Wembure","1983-06-19 00:00:00",,"Dar es Salaam@parliament.ke","KE","M","ID 9454614","A","memberofparliament"
"415","Davias","Sitswila","T'Nkirie","1983-06-15 00:00:00",,"Mogadishu@parliament.ke","KE","M","ID 7146235","A","memberofparliament"
"365","Alica","","Tett","1975-06-13 00:00:00",,"Maputo@parliament.ke","ZA","F","ID 87480","A","memberofparliament"
"380","PeKricT","elluys uluuch","usendwe","1984-06-22 00:00:00",,"Kano@parliament.ke","KE","M","ID 9635221","I","memberofparliament"
"381","Nichules","TipKuu Turir","Seindi","1986-01-02 00:00:00",,"Rabat@parliament.ke","KE","M","ID 1835583","I","memberofparliament"
"383","Juseph","Tebugu","SuiKe","1982-11-09 00:00:00",,"Kolwezi@parliament.ke","KE","M","ID 385951","I","memberofparliament"
"384","Jemes","umingu","Kberire","1971-01-12 00:00:00",,"Cape Town@parliament.ke","KE","M","ID 551585","I","memberofparliament"
"360","Arthor","Mwangu","Seret","1922-04-03 00:00:00",,"Port Harcourt@parliament.ke","KE","M","ID 82712","A","memberofparliament"
"361","Arthor","David","Sheeben","1931-04-01 00:00:00",,"Benin@parliament.ke","KE","M","ID 83517","A","memberofparliament"
"367","Ali","Kipkembui","Tudinge","1966-02-20 00:00:00",,"Subra al-Haymah@parliament.ke","KE","M","ID 88918","A","memberofparliament"
"395","Danial","Shitanda","Seteku","1955-04-22 00:00:00",,"Freetown@parliament.ke","KE","M","ID 4545762","A","memberofparliament"
"399","Macharia","Omulu","Weitheke","1967-10-29 00:00:00",,"Lagos@parliament.ke","KE","M","ID 7283014","A","memberofparliament"
"400","John","Muody","Haji","1931-12-10 00:00:00",,"Fez@parliament.ke","KE","M","ID 3063565","A","memberofparliament"
"407","Chrysanthos","Wambui","Seinu","1923-03-11 00:00:00",,"Soweto@parliament.ke","KE","M","ID 5898316","A","memberofparliament"
"410","Robinson","Muriuki","Opore","1942-09-27 00:00:00",,"Rabat@parliament.ke","KE","M","ID 9618304","A","memberofparliament"
"412","Daodi","Ali","Dehir","1930-12-06 00:00:00",,"Mogadishu@parliament.ke","KE","M","ID 9931434","A","memberofparliament"
"359","Asiman","","Sesere","1967-03-25 00:00:00",,"Lubumbashi@parliament.ke","KE","M","ID 82008","A","memberofparliament"
"393","Charlas","","Wakoko","1958-02-25 00:00:00",,"Luanda@parliament.ke","KE","M","ID 6320006","A","memberofparliament"
"397","Kirogi","","Oduyu","1949-04-14 00:00:00",,"Maputo@parliament.ke","KE","M","ID 4795254","A","memberofparliament"
"371","Abo","Abdul","Weitheke","1938-11-29 00:00:00",,"Mogadishu@parliament.ke","KE","F","ID 92248","I","memberofparliament"
"373","Abdollahi","Keruw","Wemenyinyi","1955-03-07 00:00:00",,"Dar es Salaam@parliament.ke","KE","F","ID 93104","I","memberofparliament"
"362","Annaniah","Mwachundo","Sheben","1959-06-07 00:00:00",,"Freetown@parliament.ke","KE","M","ID 84116","I","memberofparliament"
"366","Ali","Jematia Runoh","Tiwutt","1942-05-31 00:00:00",,"Lubumbashi@parliament.ke","KE","M","ID 88243","I","memberofparliament"
"370","Adalina","Nuhane","Twehe","1931-08-25 00:00:00",,"Bulawayo@parliament.ke","KE","M","ID 90484","I","memberofparliament"
"378","WeshingKun","IKwiTu","Midiwu","1962-05-25 00:00:00",,"Port Harcourt@parliament.ke","KE","M","ID 5125313","I","memberofparliament"
"382","Micheel","TeluTi","Shemesi","1943-05-15 00:00:00",,"Freetown@parliament.ke","KE","M","ID 251736","I","memberofparliament"
"440","Staphan","Kyalu","Mbae","1981-01-02 00:00:00",,"Kano@parliament.ke","KE","M","ID 464623","I","memberofparliament"
"444","Sammy","William Nthiga","Suskey","1973-08-12 00:00:00",,"Lusaka@parliament.ke","KE","M","ID 495253","A","memberofparliament"
"456","Abo","Kinyanjui","Aringo","1978-12-28 00:00:00",,"Lusaka@parliament.ke","KE","M","ID 684454","A","memberofparliament"
"466","Martha","Daniel","Sembi","1978-05-20 00:00:00",,"Ibadan@parliament.ke","KE","M","ID 841163","A","memberofparliament"
"480","Cheleite","Simaon","Daniel","1987-02-06 00:00:00",,"Kaduna@parliament.ke","KE","M","ID 786404102","A","memberofparliament"
"484","Cesyoka","Owinu Nyanginya","Gorrach","1978-07-16 00:00:00",,"Lubumbashi@parliament.ke","KE","M","ID 1594987","A","memberofparliament"
"437","Linah","","Sunes","1981-02-14 00:00:00",,"Freetown@parliament.ke","KE","M","ID 459832","A","memberofparliament"
"462","Samoal","","Sembe","1986-04-17 00:00:00",,"Maputo@parliament.ke","KE","M","ID 786404","A","memberofparliament"
"454","Otiano","Peter","Githae","1942-07-07 00:00:00",,"Mogadishu@parliament.ke","KE","M","ID 670978","I","memberofparliament"
"298","Locas Baya","Kunzollo","Leketun","1971-09-15 00:00:00",,"Bamako@parliament.ke","KE","F","ID 48445","I","memberofparliament"
"294","Mardsan","Gachara","Sunes","1978-08-20 00:00:00",,"Ouagadougou@parliament.ke","KE","M","ID 46072","I","memberofparliament"
"295","Maina","Muhamud","Surir","1980-08-18 00:00:00",,"Port Elizabeth@parliament.ke","KE","M","ID 46125","I","memberofparliament"
"432","Nohana","Oyugi","Ndeng'u","1959-10-15 00:00:00",,"Omdurman@parliament.ke","KE","F","ID 354234","A","memberofparliament"
"433","Josaph","Kijana","Owidi","1959-10-27 00:00:00",,"Ibadan@parliament.ke","KE","M","ID 356057","A","memberofparliament"
"436","Abdollahi","Gerald","Twenje","1969-09-17 00:00:00",,"Cairo@parliament.ke","KE","M","ID 395342","A","memberofparliament"
"443","John","Amulo","Shelif","1963-10-25 00:00:00",,"Nairobi@parliament.ke","KE","M","ID 487853","A","memberofparliament"
"460","Patar","Jematia Runoh","Techiri","1950-04-01 00:00:00",,"Freetown@parliament.ke","KE","M","ID 774143","A","memberofparliament"
"461","Wilfrad","Kiptanui","Twehe","1966-07-02 00:00:00",,"Maiduguri@parliament.ke","KE","M","ID 774475","A","memberofparliament"
"468","Jayna","Turoitich","Serieki","1933-02-05 00:00:00",,"Nairobi@parliament.ke","KE","M","ID 904845","A","memberofparliament"
"472","Abdollahi","Bitta Sauti","Ndile","1956-10-29 00:00:00",,"Ibadan@parliament.ke","KE","M","ID 981003","A","memberofparliament"
"475","Githae","David Aoko","Gachara","1941-12-01 00:00:00",,"Giza@parliament.ke","KE","M","ID 767727156","A","memberofparliament"
"486","Galgallo","Abungu","Christina","1940-06-14 00:00:00",,"Ibadan@parliament.ke","KE","M","ID 969483","A","memberofparliament"
"493","Tewuri","Marisin","Wycliffa","1950-08-01 00:00:00",,"Brazzaville@parliament.ke","KE","M","ID 7698857","A","memberofparliament"
"494","Sirme","Peter","Obdelleh","1952-06-22 00:00:00",,"Lusaka@parliament.ke","KE","M","ID 4579776","A","memberofparliament"
"495","Steju","Kelembe","Obdi","1952-06-24 00:00:00",,"Benin@parliament.ke","KE","M","ID 794145103","A","memberofparliament"
"496","Nenye","Mweni","Ohmed Oden","1945-04-25 00:00:00",,"Port Elizabeth@parliament.ke","KE","M","ID 284906152","A","memberofparliament"
"430","Njoki","","Shemisi","1965-03-18 00:00:00",,"Zaria@parliament.ke","KE","F","ID 327975","A","memberofparliament"
"431","Samson","","Moivai","1964-04-19 00:00:00",,"Cairo@parliament.ke","KE","F","ID 335034","A","memberofparliament"
"434","Patar","","Nyung'u","1939-03-22 00:00:00",,"Lubumbashi@parliament.ke","KE","F","ID 366975","A","memberofparliament"
"448","Patkay","","Teethei","1940-02-16 00:00:00",,"Giza@parliament.ke","KE","M","ID 582798","A","memberofparliament"
"451","Roth","","Tgenge","1963-11-28 00:00:00",,"Addis Ababa@parliament.ke","KE","M","ID 610938","A","memberofparliament"
"476","Abdalla","","Muhamud","1924-07-22 00:00:00",,"Douala@parliament.ke","KE","M","ID 768857186","A","memberofparliament"
"301","Koigi","Wambui","Ligele","1939-10-23 00:00:00",,"Lagos@parliament.ke","KE","F","ID 50452","I","memberofparliament"
"296","Macharia","Peter","Surus","1951-02-21 00:00:00",,"Antananarivo@parliament.ke","KE","M","ID 46462","I","memberofparliament"
"297","Lyola","Kiyung","Suskey","1958-11-15 00:00:00",,"Brazzaville@parliament.ke","KE","M","ID 46726","I","memberofparliament"
"300","Linah","Kariuki","Lesirme","1932-08-29 00:00:00",,"Maiduguri@parliament.ke","KE","M","ID 49525","I","memberofparliament"
"319","John","Muta","Tenyeu","1963-11-22 00:00:00",,"Kaduna@parliament.ke","KE","M","ID 58279","I","memberofparliament"
"299","Locas","Kibugi","Leshure","1982-05-19 00:00:00",,"Yaoundé@parliament.ke","KE","M","ID 48785","I","memberofparliament"
"390","David","Mutinda","Chepkituny","1978-12-26 00:00:00",,"Giza@parliament.ke","KE","M","ID 9164364","I","memberofparliament"
"387","emus","","Wemelwe","1985-06-20 00:00:00",,"Benin@parliament.ke","KE","M","ID 965835","I","memberofparliament"
"479","Chebui","","Kinyanjui","1981-03-09 00:00:00",,"Brazzaville@parliament.ke","KE","M","ID 774475148","A","memberofparliament"
"506","Obdelle","Bumet","Frencis","1971-01-09 00:00:00",,"Addis Ababa@parliament.ke","KE","F","ID 402137118","A","memberofparliament"
"503","Nengo","Ibrehim","Devid Kiprono Sotter","1970-11-03 00:00:00",,"Giza@parliament.ke","KE","M","ID 38692523","A","memberofparliament"
"293","Martha","","Siteyi","1965-12-14 00:00:00",,"Zaria@parliament.ke","KE","M","ID 45983","I","memberofparliament"
"372","Abdollahi","","Wembure","1941-04-28 00:00:00",,"Giza@parliament.ke","KE","F","ID 92375","I","memberofparliament"
"377","Wycliffe","","TeKer","1946-12-07 00:00:00",,"Yaoundé@parliament.ke","KE","M","ID 2854906","I","memberofparliament"
"379","SuspeKer","","ujeemungsun","1954-09-07 00:00:00",,"Port Harcourt@parliament.ke","KE","M","ID 2285362","I","memberofparliament"
"502","Mwirie","Mutinde","Devid","1927-09-10 00:00:00",,"Kaduna@parliament.ke","KE","F","ID 81051179","A","memberofparliament"
"507","Mbee","Deudi","Jimmy","1939-07-26 00:00:00",,"Brazzaville@parliament.ke","KE","F","ID 573966198","A","memberofparliament"
"501","M'Mkekindie","Hessen","Devid","1957-02-06 00:00:00",,"Brazzaville@parliament.ke","KE","M","ID 69392167","A","memberofparliament"
"510","Chepkituny","Jumee","Keroe","1948-02-21 00:00:00",,"Addis Ababa@parliament.ke","KE","M","ID 97201206","A","memberofparliament"
"517","Githee","Kipkusge","Peter","1923-03-24 00:00:00",,"Ouagadougou@parliament.ke","KE","M","ID 123048112","A","memberofparliament"
"519","Keter","Meheleng'eng'e","Stephen","1940-08-26 00:00:00",,"Douala@parliament.ke","KE","M","ID 180995168","A","memberofparliament"
"520","Mesile","Gur","Stephen","1957-01-29 00:00:00",,"Nairobi@parliament.ke","AO","M","ID 19098747","A","memberofparliament"
"529","Ojode","Bonifaca","Eric","1932-11-08 00:00:00",,"Antananarivo@parliament.ke","KE","M","ID 797597","A","memberofparliament"
"531","Odeke","Athanas","Frencis","1956-11-07 00:00:00",,"Mogadishu@parliament.ke","KE","M","ID 284377","A","memberofparliament"
"536","Cesyuke","Gichuhi","Ruphuul","1976-08-22 00:00:00",,"Alexandria@parliament.ke","KE","M","ID 549977557","A","memberofparliament"
"556","Jemes","Nderitu","Muara","1979-08-24 00:00:00",,"Dakar@parliament.ke","KE","M","ID 38951225","A","memberofparliament"
"505","Kimeto","","Frencis","1970-11-07 00:00:00",,"Nairobi@parliament.ke","AO","M","ID 99666814","A","memberofparliament"
"539","Aringu","Kelunzu","Turaitich","1978-04-27 00:00:00",,"Addis Ababa@parliament.ke","KE","M","ID 93104840159","I","memberofparliament"
"563","Epeinituus","Cheruiyut","Midiwa","1979-11-01 00:00:00",,"Brazzaville@parliament.ke","KE","M","ID 627469745","I","memberofparliament"
"567","Mesile","Kanyinka","David","1978-11-30 00:00:00",,"Giza@parliament.ke","KE","M","ID 38951977","I","memberofparliament"
"550","Chebui","","Patar","1972-10-22 00:00:00",,"Antananarivo@parliament.ke","KE","M","ID 67097850664","I","memberofparliament"
"558","Gudfrey","","Musunyu","1975-06-14 00:00:00",,"Casablanca@parliament.ke","KE","M","ID 627469154","I","memberofparliament"
"584","Ngile","Daudi","William","1976-03-24 00:00:00",,"Alexandria@parliament.ke","KE","M","ID 767727485","A","memberofparliament"
"576","Mwendwe","","Nurman","1980-05-24 00:00:00",,"Kinshasa@parliament.ke","KE","M","ID 67097850977","I","memberofparliament"
"570","Metiso","Jusaph","Juhn","1978-09-16 00:00:00",,"Freetown@parliament.ke","KE","M","ID 627469922","I","memberofparliament"
"35","Patar","Kyalu","Kaindi","1978-03-16 00:00:00",,"Lubumbashi@parliament.ke","KE","F","ID 734236","I","memberofparliament"
"554","Jimmy","Sylvester","Kamba","1940-06-30 00:00:00",,"Durban@parliament.ke","KE","M","ID 767727200","A","memberofparliament"
"561","Frencis","Sitelu","Marungi","1963-03-15 00:00:00",,"Cairo@parliament.ke","KE","M","ID 67097850990","A","memberofparliament"
"508","Sedi","","John","1957-02-20 00:00:00",,"Kaduna@parliament.ke","KE","M","ID 967830","A","memberofparliament"
"522","Wekese","","Twehe","1943-02-16 00:00:00",,"Brazzaville@parliament.ke","KE","M","ID 67097850","A","memberofparliament"
"534","Aden","Beden Njuke","Wycliffu","1958-08-23 00:00:00",,"Accra@parliament.ke","KE","M","ID 67097850127","I","memberofparliament"
"537","Tewuri","Simeun","Buru","1945-10-22 00:00:00",,"Port Harcourt@parliament.ke","KE","M","ID 627469636","I","memberofparliament"
"541","Senyette","Owinu Nyenginye","Gitaru","1944-08-06 00:00:00",,"Mogadishu@parliament.ke","KE","M","ID 549977373","I","memberofparliament"
"542","Chebui","Itwiku","Prisu","1959-09-19 00:00:00",,"Algiers@parliament.ke","KE","M","ID 93104840633","I","memberofparliament"
"543","Sembe","Abungu","Jaul","1938-12-17 00:00:00",,"Mbuji-Mayi@parliament.ke","KE","M","ID 767727785","I","memberofparliament"
"551","Justin","Arengeh","Kaach","1958-04-18 00:00:00",,"Johannesburg@parliament.ke","KE","M","ID 767727944","I","memberofparliament"
"557","Herrisun","Kieme","Muranda","1952-09-09 00:00:00",,"Casablanca@parliament.ke","KE","M","ID 38951783","I","memberofparliament"
"560","Gelgellu","Mwengi","Marunguru","1952-07-16 00:00:00",,"Cairo@parliament.ke","KE","M","ID 93104840457","I","memberofparliament"
"564","Christupher","Gereme","Mwukwara","1951-04-25 00:00:00",,"Brazzaville@parliament.ke","KE","M","ID 54997762","I","memberofparliament"
"565","Chireu","Meuke","NaKibuki","1946-06-10 00:00:00",,"Benin@parliament.ke","KE","M","ID 93104840970","I","memberofparliament"
"555","Jemes","","Kanchallu","1940-06-20 00:00:00",,"Durban@parliament.ke","KE","M","ID 627469165","I","memberofparliament"
"559","Gideun","","Musiku","1951-10-21 00:00:00",,"Cape Town@parliament.ke","KE","M","ID 67097850351","I","memberofparliament"
"573","Mwendewiro","Munana Gathakari King'ang'i","Daudi","1964-12-09 00:00:00",,"Cairo@parliament.ke","KE","F","ID 767727638","A","memberofparliament"
"571","Meturi","Jumaa","Gidaun","1963-06-23 00:00:00",,"Kano@parliament.ke","KE","M","ID 627469722","A","memberofparliament"
"574","Mwengi","Mwangi","Charity","1964-05-29 00:00:00",,"Johannesburg@parliament.ke","KE","M","ID 38951526","A","memberofparliament"
"575","Mwenzie","Ali","Kasaina","1963-03-12 00:00:00",,"Yaoundé@parliament.ke","KE","M","ID 549977466","A","memberofparliament"
"581","Nderite","","Winfrad","1940-06-01 00:00:00",,"Maputo@parliament.ke","KE","M","ID 67097850941","A","memberofparliament"
"44","Martha","Mutua","Karea","1954-12-12 00:00:00",,"Bamako@parliament.ke","KE","F","ID 968355","I","memberofparliament"
"34","Francis","Nyamu","Kagwima","1978-03-15 00:00:00","1990-05-25 00:00:00","Maputo@parliament.ke","KE","M","ID 182331","D","memberofparliament"
"57","Kivotha","Daniel","Kibwana","1980-09-17 00:00:00","1992-07-14 00:00:00","Maiduguri@parliament.ke","KE","M","ID 949959","D","memberofparliament"
"26","Gorrach","","Galgallo","1978-07-07 00:00:00","1999-04-04 00:00:00","Khartoum@parliament.ke","KE","M","ID 159487","D","memberofparliament"
"97","Kannath","Kengere","Marende","1974-09-21 00:00:00",,"Alexandria@parliament.ke","KE","F","ID 748188","A","memberofparliament"
"307","Kaosia","Buru","Teithe","1970-10-19 00:00:00",,"Antananarivo@parliament.ke","KE","F","ID 51679","A","memberofparliament"
"328","Hazron","Kahindi","Twendewiru","1978-06-09 00:00:00",,"Maiduguri@parliament.ke","KE","F","ID 63523","A","memberofparliament"
"338","Franklin","Yusuf","Nkeisserry","1981-02-02 00:00:00",,"Cairo@parliament.ke","KE","F","ID 72202","A","memberofparliament"
"55","Gaorga","Wamalwa","Khaniri","1980-04-15 00:00:00",,"Freetown@parliament.ke","KE","F","ID 755799","I","memberofparliament"
"59","Linah","Jebii","Kilimo","1980-09-19 00:00:00",,"Bulawayo@parliament.ke","KE","F","ID 154005","I","memberofparliament"
"579","Mwirie","Owinu Nyanginya","Rauban","1946-08-01 00:00:00",,"Maiduguri@parliament.ke","KE","M","ID 38951874","I","memberofparliament"
"580","Ndembeki","Badan Njuka","Justin","1940-06-20 00:00:00",,"Dakar@parliament.ke","KE","M","ID 93104840757","I","memberofparliament"
"582","Ndile","Rungora Ola","David","1941-11-11 00:00:00",,"Lagos@parliament.ke","KE","M","ID 38951468","I","memberofparliament"
"586","Nkeisserry","Kalunzo","Alfrad","1939-02-18 00:00:00",,"Abidjan@parliament.ke","KE","M","ID 549977552","I","memberofparliament"
"588","Ntimeme","Sulomon Kamau","Jusaph","1944-11-20 00:00:00",,"Subra al-Haymah@parliament.ke","KE","M","ID 93104840925","I","memberofparliament"
"589","Nwige","Kaluki","Staphan","1944-04-21 00:00:00",,"Accra@parliament.ke","KE","M","ID 627469994","I","memberofparliament"
"592","Nyegeh","Opun","Simaun","1939-04-18 00:00:00",,"Dar es Salaam@parliament.ke","KE","M","ID 93104840187","I","memberofparliament"
"587","Ntetu","","Richard","1944-04-19 00:00:00",,"Lubumbashi@parliament.ke","KE","M","ID 67097850448","I","memberofparliament"
"42","Godfray","Dicksun","Karieki","1954-10-10 00:00:00","1989-05-30 00:00:00","Bulawayo@parliament.ke","KE","M","ID 310084798","D","memberofparliament"
"70","John","Mwangi","Koech","1958-03-06 00:00:00","2004-04-12 00:00:00","Tripoli@parliament.ke","KE","M","ID 624351","D","memberofparliament"
"125","Kiraito","Ndarathi","Merungi","1944-08-10 00:00:00",,"Benin@parliament.ke","KE","F","ID 471699","A","memberofparliament"
"164","Patrick","Opundo","Olweny","1964-10-22 00:00:00",,"Douala@parliament.ke","KE","F","ID 730125","A","memberofparliament"
"166","Kan","Odhiambu","Nyagedi","1964-11-24 00:00:00",,"Soweto@parliament.ke","KE","F","ID 670279","A","memberofparliament"
"175","Katoo","Gunzi","Metito","1948-12-30 00:00:00",,"Freetown@parliament.ke","KE","F","ID 509418","A","memberofparliament"
"249","Staphan","Yasin","Cett","1949-11-05 00:00:00",,"Cape Town@parliament.ke","KE","F","ID 15400","A","memberofparliament"
"270","Paol","Onyancha","Serieki","1951-05-05 00:00:00",,"Dakar@parliament.ke","KE","F","ID 29382","A","memberofparliament"
"283","Naomi","Ndetu","Sheniri","1924-07-25 00:00:00",,"Alexandria@parliament.ke","KE","F","ID 39953","A","memberofparliament"
"286","Motula","Kilemi","Sihere","1958-06-02 00:00:00",,"Ibadan@parliament.ke","KE","F","ID 42438","A","memberofparliament"
"317","John","Herman","Tekiri","1949-03-02 00:00:00",,"Abidjan@parliament.ke","KE","F","ID 57554","A","memberofparliament"
"337","Gaoffray","Matanu","Nguzi","1945-02-12 00:00:00",,"Accra@parliament.ke","KE","F","ID 71126","A","memberofparliament"
"340","Fahim","Kipruno","Nuhene","1947-03-12 00:00:00",,"Soweto@parliament.ke","KE","F","ID 73708","A","memberofparliament"
"344","Emmanoal","Kipkaptu","Nwige","1947-01-20 00:00:00",,"Rabat@parliament.ke","AO","F","ID 76567","A","memberofparliament"
"46","John","Wangari","Kateku","1954-10-14 00:00:00",,"Zaria@parliament.ke","KE","F","ID 293823","I","memberofparliament"
"65","Josaph","Kahindi","Kingi","1958-03-01 00:00:00",,"Ouagadougou@parliament.ke","KE","F","ID 544931","I","memberofparliament"
"99","Banson","Njuroge","Mbai","1981-12-09 00:00:00",,"Abidjan@parliament.ke","KE","F","ID 548328","I","memberofparliament"
"113","Bath","Chumel","Mego","1976-02-09 00:00:00",,"Omdurman@parliament.ke","KE","F","ID 9957458","I","memberofparliament"
"143","Charity","Owinu Nyanginya","Ngile","1974-05-23 00:00:00",,"Johannesburg@parliament.ke","KE","F","ID 968789","I","memberofparliament"
"66","Josaph","Muhinga","Kipchemba","1958-03-02 00:00:00",,"Port Elizabeth@parliament.ke","KE","F","ID 904846","I","memberofparliament"
"68","Mokhisa","Runo Arap","Kiteyi","1958-03-04 00:00:00",,"Durban@parliament.ke","KE","F","ID 635237","I","memberofparliament"
"109","Abo","Kipsele Tuwett","Nohane","1931-06-02 00:00:00",,"Luanda@parliament.ke","KE","F","ID 495255","I","memberofparliament"
"119","Josaph","Kibugi","Menyao","1944-11-10 00:00:00",,"Mogadishu@parliament.ke","KE","F","ID 354237","I","memberofparliament"
"132","Onasmos","Mghanga","Mwangi","1963-02-01 00:00:00",,"Alexandria@parliament.ke","KE","F","ID 190982","I","memberofparliament"
"134","Winfrad","Sulomon Kamau","Mwendwa","1963-02-03 00:00:00",,"Abidjan@parliament.ke","KE","F","ID 771001","I","memberofparliament"
"140","Richard","Mwangi","Ndile","1939-09-26 00:00:00",,"Giza@parliament.ke","KE","F","ID 94817","I","memberofparliament"
"352","Charity","Ole","Oniengu","1955-01-10 00:00:00",,"Port Harcourt@parliament.ke","KE","F","ID 79361","A","memberofparliament"
"374","Abdi","Odenyu","Wemwere","1980-07-13 00:00:00",,"Algiers@parliament.ke","KE","F","ID 93278","A","memberofparliament"
"408","Adalina","Okeri","Were","1971-04-01 00:00:00",,"Port Harcourt@parliament.ke","KE","F","ID 2462165","A","memberofparliament"
"409","Banson","Njuroge","Okiume","1977-08-02 00:00:00",,"Cape Town@parliament.ke","KE","F","ID 7707253","A","memberofparliament"
"413","Saif","Jakuyo","Dojiambo","1983-06-17 00:00:00",,"Giza@parliament.ke","KE","F","ID 1109938","A","memberofparliament"
"428","Lyola","Okuth","Twirerie","1982-06-08 00:00:00",,"Lubumbashi@parliament.ke","KE","F","ID 313083","A","memberofparliament"
"447","David","Kipsele Tuwett","Ntetu","1979-05-30 00:00:00",,"Conakry@parliament.ke","KE","F","ID 552743","A","memberofparliament"
"452","David Aoko","Gachara","Okemo","1979-01-03 00:00:00",,"Brazzaville@parliament.ke","KE","F","ID 662524","A","memberofparliament"
"453","Simaon","Muhamud","Gitae","1972-02-21 00:00:00",,"Kaduna@parliament.ke","KE","F","ID 662954","A","memberofparliament"
"459","Samoal","Wanjala","Cheleite","1976-11-25 00:00:00",,"Kaduna@parliament.ke","AO","F","ID 771008","A","memberofparliament"
"464","Nohana","Jebii","Surir","1979-02-12 00:00:00",,"Lubumbashi@parliament.ke","KE","F","ID 809253","A","memberofparliament"
"467","Kivotha","Kanachu","Chuge","1987-03-12 00:00:00",,"Bulawayo@parliament.ke","KE","F","ID 882434","A","memberofparliament"
"473","Sammy","Masika","Oginge","1978-12-30 00:00:00",,"Mogadishu@parliament.ke","KE","F","ID 997425","A","memberofparliament"
"483","Sembe","Patar","Masika","1981-02-23 00:00:00",,"Addis Ababa@parliament.ke","AO","F","ID 774143130","A","memberofparliament"
"353","Cacily","Juseph","Retu","1960-07-01 00:00:00",,"Freetown@parliament.ke","KE","F","ID 79513","A","memberofparliament"
"391","Koigi","Anyang","Okendi","1946-11-24 00:00:00",,"Yaoundé@parliament.ke","KE","F","ID 7329214","A","memberofparliament"
"392","Gaorga","Kipruno Kipyator","Sheben","1965-05-03 00:00:00",,"Brazzaville@parliament.ke","KE","F","ID 8655573","A","memberofparliament"
"394","Amos","Isaack","Ndolo","1931-12-31 00:00:00",,"Abidjan@parliament.ke","KE","F","ID 5483285","A","memberofparliament"
"396","Solaiman","Namsi","Oparanya","1959-04-04 00:00:00",,"Subra al-Haymah@parliament.ke","KE","F","ID 9025888","A","memberofparliament"
"398","Basiya","Cherutich","Weya","1934-07-23 00:00:00",,"Maputo@parliament.ke","KE","F","ID 7502496","A","memberofparliament"
"401","Nawton","Njeru","Kilonzo","1946-06-04 00:00:00",,"Khartoum@parliament.ke","KE","F","ID 5266944","A","memberofparliament"
"404","Phillip","Kunzollo","Leshure","1955-04-24 00:00:00",,"Subra al-Haymah@parliament.ke","KE","F","ID 7339364","A","memberofparliament"
"405","Elias","Kibugi","Uker","1950-03-29 00:00:00",,"Benin@parliament.ke","KE","F","ID 5722262","A","memberofparliament"
"406","Joshoa","Kariuki","Tenyeu","1955-04-16 00:00:00",,"Addis Ababa@parliament.ke","KE","F","ID 9433226","A","memberofparliament"
"416","Annaniah","Wamalwa","Dzuru","1966-05-19 00:00:00",,"Bamako@parliament.ke","KE","F","ID 6124683","A","memberofparliament"
"422","Maina","Wangari","Surus","1966-06-21 00:00:00",,"Yaoundé@parliament.ke","KE","F","ID 197873","A","memberofparliament"
"425","Nohana","Njenga","Siteyi","1942-12-05 00:00:00",,"Conakry@parliament.ke","KE","F","ID 200834","A","memberofparliament"
"427","Locas Baya","Ochula-Ogur","Tui","1934-01-23 00:00:00",,"Addis Ababa@parliament.ke","KE","F","ID 310083","A","memberofparliament"
"435","Locas","Opun","Shelwele","1956-11-25 00:00:00",,"Accra@parliament.ke","KE","F","ID 378917","A","memberofparliament"
"438","Yattani","Ramadhan","Lesirme","1957-09-24 00:00:00",,"Rabat@parliament.ke","KE","F","ID 460724","A","memberofparliament"
"439","Nondin","Juseph","Ligele","1940-01-20 00:00:00",,"Maiduguri@parliament.ke","KE","F","ID 461254","A","memberofparliament"
"441","Ali","Chiaba","Mbai","1963-09-17 00:00:00",,"Conakry@parliament.ke","KE","F","ID 467268","A","memberofparliament"
"442","Hanry","Laibun","Selundu","1958-09-11 00:00:00",,"Harare@parliament.ke","KE","F","ID 484452","A","memberofparliament"
"446","Mardsan","Mwachundo","Omembe","1965-03-23 00:00:00",,"Port Elizabeth@parliament.ke","KE","F","ID 505788","A","memberofparliament"
"469","Godfray","Abdul","Meriuki","1955-07-17 00:00:00",,"Durban@parliament.ke","KE","F","ID 922487","A","memberofparliament"
"478","Cesyoka","John","Kiyung","1965-02-26 00:00:00",,"Addis Ababa@parliament.ke","KE","F","ID 774143132","A","memberofparliament"
"481","Techiri","Otiano","Kanachu","1944-07-29 00:00:00",,"Mogadishu@parliament.ke","KE","F","ID 80313108","A","memberofparliament"
"490","Senyette","Shen Miriti","Richard","1972-08-02 00:00:00",,"Antananarivo@parliament.ke","AO","F","ID 39776359","A","memberofparliament"
"356","Bath","Gerald","Selet","1978-08-16 00:00:00",,"Conakry@parliament.ke","KE","F","ID 80631","I","memberofparliament"
"357","Basiya","Ramadhan","Sembe","1980-07-07 00:00:00",,"Benin@parliament.ke","KE","F","ID 80925","I","memberofparliament"
"375","Abdi","Nuru Ondiek","Wenjele","1980-11-26 00:00:00",,"Omdurman@parliament.ke","KE","F","ID 94945","I","memberofparliament"
"463","Oboru","Nuhane","Selet","1979-01-01 00:00:00",,"Brazzaville@parliament.ke","KE","F","ID 806313","I","memberofparliament"
"471","Danial","Keruw","Metiso","1979-02-07 00:00:00",,"Yaoundé@parliament.ke","KE","F","ID 931048","I","memberofparliament"
"512","Syongoh","Njeru","Nicholes","1981-06-28 00:00:00",,"Nairobi@parliament.ke","KE","F","ID 94945184","A","memberofparliament"
"516","Wenjele","Keruw","Otieno","1979-08-01 00:00:00",,"Mogadishu@parliament.ke","KE","F","ID 9164364174","A","memberofparliament"
"521","Rotino","Nuru Ondiek","Stephen","1981-08-13 00:00:00",,"Addis Ababa@parliament.ke","KE","F","ID 46462380","A","memberofparliament"
"524","Oyecku","Ngugi","Williem","1979-08-15 00:00:00",,"Mogadishu@parliament.ke","KE","F","ID 806313108","A","memberofparliament"
"530","Dicksun","Mosas","Frencis","1979-05-07 00:00:00",,"Ibadan@parliament.ke","AO","F","ID 1997657","A","memberofparliament"
"532","Ewetun","Metiso","Jimmy","1971-05-30 00:00:00",,"Ouagadougou@parliament.ke","KE","F","ID 627469","A","memberofparliament"
"533","Kenyingi","Selet","Onesmos","1986-07-11 00:00:00",,"Giza@parliament.ke","KE","F","ID 5152163","A","memberofparliament"
"544","Segwe","Kipkusgei","Jasuph","1980-03-26 00:00:00",,"Lubumbashi@parliament.ke","KE","F","ID 549977472","A","memberofparliament"
"25","Jamas","Nderitu","Gachagea","1978-07-06 00:00:00",,"Kaduna@parliament.ke","KE","M","ID 456928","A","memberofparliament"
"489","Seng","Nyamu","Ochillo","1933-05-12 00:00:00",,"Durban@parliament.ke","KE","F","ID 9481973","A","memberofparliament"
"491","Seti","Ambetsa","Gitora","1922-12-05 00:00:00",,"Yaoundé@parliament.ke","KE","F","ID 6902535","A","memberofparliament"
"492","Stiwott","Nyamu","Raphaal","1952-01-17 00:00:00",,"Ibadan@parliament.ke","KE","F","ID 9767727","A","memberofparliament"
"497","Ocheke","Kyelu","Oli","1949-08-20 00:00:00",,"Conakry@parliament.ke","KE","F","ID 109228104","A","memberofparliament"
"500","Weriu","Dicksun","Deniel","1949-07-23 00:00:00",,"Addis Ababa@parliament.ke","AO","F","ID 873062116","A","memberofparliament"
"376","Abdallah","Ibrahim","Weriu","1957-02-12 00:00:00",,"Johannesburg@parliament.ke","KE","F","ID 94995","I","memberofparliament"
"385","Gudfrey","Muhemud","Kibwene","1964-07-22 00:00:00",,"Accra@parliament.ke","KE","F","ID 561320","I","memberofparliament"
"386","Cherles","Tipseng","Kwebuze","1964-09-05 00:00:00",,"Lubumbashi@parliament.ke","KE","F","ID 866765","I","memberofparliament"
"388","Onasmos","Mahalang'ang'a","Leketun","1965-03-15 00:00:00",,"Kinshasa@parliament.ke","UG","F","ID 8667134","I","memberofparliament"
"455","John","Kiyung","Abdalla","1950-02-06 00:00:00",,"Port Harcourt@parliament.ke","KE","F","ID 676152","I","memberofparliament"
"511","Terieki","Mediri","Mose","1930-05-04 00:00:00",,"Lubumbashi@parliament.ke","KE","F","ID 10025162","A","memberofparliament"
"513","Wemenyinyi","Reshid","Noeh","1957-09-15 00:00:00",,"Durban@parliament.ke","KE","F","ID 94995185","A","memberofparliament"
"514","Sengu","Nueh erep","Oboru","1965-10-17 00:00:00",,"Antananarivo@parliament.ke","KE","F","ID 8667134181","A","memberofparliament"
"518","Segow","Kiyung","Phillip","1961-11-10 00:00:00",,"Giza@parliament.ke","KE","F","ID 164613196","A","memberofparliament"
"526","Turoitich","Nuhene","Zeddock","1953-03-09 00:00:00",,"Port Harcourt@parliament.ke","KE","F","ID 80925360","A","memberofparliament"
"527","Mwangi","John","Devid","1958-03-16 00:00:00",,"Nairobi@parliament.ke","KE","F","ID 7624351","A","memberofparliament"
"528","Rutu","Samoal","Devid Kiprono Sotter","1949-02-06 00:00:00",,"Durban@parliament.ke","KE","F","ID 3777901","A","memberofparliament"
"535","Wekuli","Juhn","Bifwali","1960-02-25 00:00:00",,"Tripoli@parliament.ke","KE","F","ID 38951663","I","memberofparliament"
"538","Techiri","Otienu","Christinu","1958-11-05 00:00:00",,"Omdurman@parliament.ke","KE","F","ID 627469991","I","memberofparliament"
"61","Jolius","Kiema","Kilonzo","1922-11-28 00:00:00",,"Bamako@parliament.ke","KE","M","ID 976809","A","memberofparliament"
"547","Musikeri","Shen Miriti","Kilanza","1978-12-01 00:00:00",,"Lagos@parliament.ke","AO","F","ID 767727533","I","memberofparliament"
"548","Mugeve","Ambetse","Kimuthi","1975-06-22 00:00:00",,"Kinshasa@parliament.ke","KE","F","ID 93104840432","I","memberofparliament"
"549","Kireitu","Nyemu","Kinyunjui","1980-09-08 00:00:00",,"Kaduna@parliament.ke","KE","F","ID 767727772","I","memberofparliament"
"96","Richard","Mauka","Maore","1974-09-20 00:00:00",,"Kinshasa@parliament.ke","KE","M","ID 917708","A","memberofparliament"
"129","Jostin","Kalunzo","Meturi","1977-12-06 00:00:00",,"Lagos@parliament.ke","KE","M","ID 720014","A","memberofparliament"
"52","Basiya","Yusuf","Khalwale","1980-04-12 00:00:00",,"Lubumbashi@parliament.ke","KE","M","ID 853959","I","memberofparliament"
"53","Lyola","Matanu","Khamasi","1980-04-13 00:00:00",,"Port Harcourt@parliament.ke","KE","M","ID 972011","I","memberofparliament"
"546","Onyenche","Nyemu","Kianjuri","1942-04-13 00:00:00",,"Lagos@parliament.ke","KE","F","ID 767727658","I","memberofparliament"
"552","Cesyuke","Nderethi","Richurd","1965-10-19 00:00:00",,"Addis Ababa@parliament.ke","KE","F","ID 549977549","I","memberofparliament"
"553","Juhn","Muses","Kamba","1952-07-13 00:00:00",,"Ibadan@parliament.ke","KE","F","ID 627469657","I","memberofparliament"
"562","Festus","Tule","Maturi","1958-05-28 00:00:00",,"Bulawayo@parliament.ke","KE","F","ID 549977763","I","memberofparliament"
"72","Mogava","Sitelu","Kofa","1958-03-08 00:00:00",,"Algiers@parliament.ke","KE","M","ID 590908","A","memberofparliament"
"103","Washington","Itwiku","Midiwo","1949-11-24 00:00:00",,"Cape Town@parliament.ke","KE","M","ID 512313","A","memberofparliament"
"124","Christophar","Gichuhi","Merungaru","1944-08-09 00:00:00",,"Port Harcourt@parliament.ke","KE","M","ID 36128","A","memberofparliament"
"130","Chirao","Bedan Njuka","Mwakwere","1963-01-30 00:00:00",,"Cairo@parliament.ke","KE","M","ID 424255","A","memberofparliament"
"138","Gidaon","Nyiva","Ndambeki","1944-10-11 00:00:00",,"Cape Town@parliament.ke","ZA","M","ID 207951","A","memberofparliament"
"139","Alfrad","Musyuka","Nderite","1939-09-25 00:00:00",,"Addis Ababa@parliament.ke","KE","M","ID 414546","A","memberofparliament"
"43","Mirogi","Mwai","Karieki","1954-10-11 00:00:00",,"Fez@parliament.ke","KE","M","ID 197871","I","memberofparliament"
"45","Jamas","Njenga","Kareme","1954-10-13 00:00:00",,"Mbuji-Mayi@parliament.ke","KE","M","ID 180992","I","memberofparliament"
"48","Patar","Gitahi","Kenneth","1954-10-16 00:00:00",,"Ouagadougou@parliament.ke","KE","M","ID 795134","I","memberofparliament"
"49","Uhoru","Bunny","Kenyatta","1954-10-17 00:00:00",,"Port Elizabeth@parliament.ke","KE","M","ID 126910","I","memberofparliament"
"60","Charlas","Viscuunt","Kilonzo","1922-11-27 00:00:00",,"Fez@parliament.ke","KE","M","ID 632000","I","memberofparliament"
"63","Anthony","Kipkusge","Kimeto","1949-02-02 00:00:00",,"Zaria@parliament.ke","KE","M","ID 109228","I","memberofparliament"
"64","Amos","Lagat","Kimenya","1958-02-28 00:00:00",,"Antananarivo@parliament.ke","KE","M","ID 737087","I","memberofparliament"
"67","Kiproto","Kipsang","Kirwa","1958-03-03 00:00:00",,"Kolwezi@parliament.ke","KE","M","ID 515247","I","memberofparliament"
"100","Elias","Okeri","Mbae","1960-11-12 00:00:00",,"Kano@parliament.ke","KE","M","ID 454576","I","memberofparliament"
"101","Bonifaca","Peter","Mganga","1949-11-22 00:00:00",,"Ibadan@parliament.ke","KE","M","ID 418299","I","memberofparliament"
"102","John","Jakuyo","Micheki","1949-11-23 00:00:00",,"Nairobi@parliament.ke","KE","M","ID 902588","I","memberofparliament"
"104","Kirogi","Shen Miriti","M'Mkekindia","1949-11-25 00:00:00",,"Addis Ababa@parliament.ke","KE","M","ID 479525","I","memberofparliament"
"106","Hossain","Chiaba","Nohane","1949-11-27 00:00:00",,"Dar es Salaam@parliament.ke","KE","M","ID 793614","I","memberofparliament"
"107","Abdi","Laibun","Nohane","1924-03-22 00:00:00",,"Dakar@parliament.ke","KE","M","ID 922488","I","memberofparliament"
"110","Gidaon","Gachara","Moi","1931-07-03 00:00:00",,"Tripoli@parliament.ke","KE","M","ID 100256","I","memberofparliament"
"114","Patrick","Buya","Meiruri","1976-02-10 00:00:00",,"Johannesburg@parliament.ke","KE","M","ID 428543","I","memberofparliament"
"262","Patkay","Kipkurir","Sejweng'","1978-11-20 00:00:00",,"Freetown@parliament.ke","KE","M","ID 22813","A","memberofparliament"
"263","Patar '","Kipkembui","Sememe","1980-09-13 00:00:00",,"Casablanca@parliament.ke","KE","M","ID 25207","A","memberofparliament"
"265","Patar","Lusuron","Semuthu","1978-06-17 00:00:00",,"Ibadan@parliament.ke","KE","M","ID 27155","A","memberofparliament"
"266","Patar","Njeri","Sepperru","1979-06-08 00:00:00",,"Luanda@parliament.ke","KE","M","ID 27590","A","memberofparliament"
"267","Patar","Ayiechu","Serebe","1981-11-27 00:00:00",,"Tripoli@parliament.ke","KE","M","ID 28451","A","memberofparliament"
"269","Patar","Ochieng","Sereme","1981-12-15 00:00:00",,"Yaoundé@parliament.ke","KE","M","ID 29192","A","memberofparliament"
"329","Harman","Lagat","Twengi","1982-08-12 00:00:00",,"Alexandria@parliament.ke","KE","M","ID 63979","A","memberofparliament"
"330","Hanry","Oluo","Twenzie","1981-01-07 00:00:00",,"Nairobi@parliament.ke","KE","M","ID 65014","A","memberofparliament"
"341","Esthar","Bunny","Nuhene","1978-06-16 00:00:00",,"Omdurman@parliament.ke","KE","M","ID 74203","A","memberofparliament"
"342","Eric","Gitahi","Nuhene","1983-01-20 00:00:00",,"Johannesburg@parliament.ke","KE","M","ID 74709","A","memberofparliament"
"417","Danson","Mwangi","Gemo","1982-11-17 00:00:00",,"Bulawayo@parliament.ke","KE","M","ID 1455854","A","memberofparliament"
"282","Nawton","Owinu Nyanginya","Shemisi","1978-12-04 00:00:00",,"Kinshasa@parliament.ke","KE","M","ID 39534","I","memberofparliament"
"335","Gaorga","Wamalwa","Ndeng'u","1978-07-13 00:00:00",,"Giza@parliament.ke","KE","M","ID 68445","I","memberofparliament"
"346","David","Wangari","Nyung'u","1971-09-12 00:00:00",,"Lusaka@parliament.ke","KE","M","ID 76772","I","memberofparliament"
"498","Teres","","Onthony","1978-06-21 00:00:00",,"Giza@parliament.ke","KE","M","ID 44274851","A","memberofparliament"
"112","Gaoffray","Abdi Haji","Mechiri","1931-06-05 00:00:00",,"Algiers@parliament.ke","KE","M","ID 127785","I","memberofparliament"
"258","Raila","Tari","Iveti","1958-07-03 00:00:00",,"Tripoli@parliament.ke","KE","M","ID 20738","A","memberofparliament"
"268","Patar","Orwa","Seree","1955-02-12 00:00:00",,"Harare@parliament.ke","KE","M","ID 28493","A","memberofparliament"
"285","Mwangi","Daudi","Sibwene","1952-03-28 00:00:00",,"Abidjan@parliament.ke","KE","M","ID 41829","A","memberofparliament"
"320","John","Kanyinke","Tenyes","1949-07-28 00:00:00",,"Khartoum@parliament.ke","KE","M","ID 58683","A","memberofparliament"
"321","John","Abdi","Teriithi","1956-06-18 00:00:00",,"Pretoria@parliament.ke","KE","M","ID 59950","A","memberofparliament"
"325","Jamas","Runo Arap","Turutu","1931-10-05 00:00:00",,"Pretoria@parliament.ke","KE","M","ID 61120","A","memberofparliament"
"327","Hossain","Muhinga","Twee","1932-05-27 00:00:00",,"Subra al-Haymah@parliament.ke","KE","M","ID 62252","A","memberofparliament"
"355","Batty","Abungotum","Seituti","1961-12-01 00:00:00",,"Maiduguri@parliament.ke","KE","M","ID 80499","A","memberofparliament"
"424","Amina","Mwai","Nekitere","1963-11-01 00:00:00",,"Cape Town@parliament.ke","KE","M","ID 200718","A","memberofparliament"
"429","Jimmy","Mutua","Cuit","1928-10-31 00:00:00",,"Lusaka@parliament.ke","KE","M","ID 327223","A","memberofparliament"
"252","Samson","Kipruno Kipyator","Cheleite","1949-10-04 00:00:00",,"Ibadan@parliament.ke","KE","M","ID 19098","I","memberofparliament"
"255","Saif","Namsi","Dehir","1933-10-04 00:00:00",,"Luanda@parliament.ke","KE","M","ID 20071","I","memberofparliament"
"271","Otiano","Amulo","Serieki","1957-05-10 00:00:00",,"Subra al-Haymah@parliament.ke","KE","M","ID 29984","I","memberofparliament"
"275","Nondin","Juseph","Sembi","1969-04-10 00:00:00",,"Conakry@parliament.ke","KE","M","ID 32797","I","memberofparliament"
"277","Nohana","Laibun","Senyette","1949-09-08 00:00:00",,"Nairobi@parliament.ke","KE","M","ID 35423","I","memberofparliament"
"279","Njoki","Kipsele Tuwett","Shelif","1922-05-06 00:00:00",,"Addis Ababa@parliament.ke","KE","M","ID 36697","I","memberofparliament"
"323","Jimmy","Kiptanui","T'Nkirie","1958-04-25 00:00:00",,"Lusaka@parliament.ke","KE","M","ID 60725","I","memberofparliament"
"333","Gitora","Daniel","Twirerie","1956-07-12 00:00:00",,"Nairobi@parliament.ke","KE","M","ID 67097","I","memberofparliament"
"499","Obdirehmen","","Cherles","1945-04-29 00:00:00",,"Nairobi@parliament.ke","KE","M","ID 36764147","A","memberofparliament"
"261","Patrica","","Sejembe","1977-06-19 00:00:00",,"Benin@parliament.ke","KE","F","ID 22535","A","memberofparliament"
"309","Josaph","","Tendeku","1977-05-07 00:00:00",,"Port Elizabeth@parliament.ke","KE","F","ID 52773","A","memberofparliament"
"445","Bath","","Obwuche","1979-11-02 00:00:00",,"Benin@parliament.ke","KE","F","ID 504527","A","memberofparliament"
"450","Nohana","","Wetangela","1978-05-22 00:00:00",,"Nairobi@parliament.ke","KE","F","ID 607258","A","memberofparliament"
"477","Aringo","","Peter","1980-07-27 00:00:00",,"Nairobi@parliament.ke","AO","F","ID 77100825","A","memberofparliament"
"284","Najib","","Sibenguchy","1939-11-20 00:00:00",,"Casablanca@parliament.ke","KE","F","ID 40478","A","memberofparliament"
"343","Enoch","","Ntimeme","1928-06-15 00:00:00",,"Accra@parliament.ke","KE","F","ID 75579","A","memberofparliament"
"345","Ekwaa","","Nyemenge","1969-02-01 00:00:00",,"Benin@parliament.ke","KE","F","ID 76672","A","memberofparliament"
"411","Raoban","","Nwiraria","1941-08-23 00:00:00",,"Dar es Salaam@parliament.ke","KE","F","ID 1024928","A","memberofparliament"
"465","Nicholas","","Twendwe","1963-10-22 00:00:00",,"Mogadishu@parliament.ke","KE","F","ID 817928","A","memberofparliament"
"470","Gidaon","","Meriungi","1965-05-01 00:00:00",,"Antananarivo@parliament.ke","KE","F","ID 923755","A","memberofparliament"
"474","Simon","","Tiwutt","1965-03-20 00:00:00",,"Ouagadougou@parliament.ke","KE","F","ID 997458","A","memberofparliament"
"485","Chebui","","Joal","1965-01-06 00:00:00",,"Mogadishu@parliament.ke","KE","F","ID 6591179","A","memberofparliament"
"488","Segwe","","Josaph","1922-10-16 00:00:00",,"Nairobi@parliament.ke","KE","F","ID 594493","A","memberofparliament"
"509","Leketun","","John","1978-01-28 00:00:00",,"Mogadishu@parliament.ke","KE","F","ID 9687841","A","memberofparliament"
"525","Micheki","","Winfred","1979-09-22 00:00:00",,"Addis Ababa@parliament.ke","AO","F","ID 93104840","A","memberofparliament"
"568","Cesyoke","","Staphan","1978-09-29 00:00:00",,"Nairobi@parliament.ke","KE","F","ID 93104840735","A","memberofparliament"
"98","Godfray","","Masanya","1974-09-22 00:00:00",,"Casablanca@parliament.ke","KE","M","ID 500873","A","memberofparliament"
"126","David","","Mesila","1977-12-03 00:00:00",,"Freetown@parliament.ke","KE","M","ID 442748","A","memberofparliament"
"336","Gaorga","","Ngile","1981-01-20 00:00:00",,"Johannesburg@parliament.ke","KE","M","ID 70926","A","memberofparliament"
"523","Oli","","Velerien","1950-09-19 00:00:00",,"Kaduna@parliament.ke","KE","F","ID 67615286","A","memberofparliament"
"62","Jamas","","Kimathi","1922-11-29 00:00:00",,"Mbuji-Mayi@parliament.ke","KE","M","ID 171412","A","memberofparliament"
"69","Fastos","","Kienjuri","1958-03-05 00:00:00",,"Luanda@parliament.ke","KE","M","ID 61899","A","memberofparliament"
"257","Raphaal","","Etheru","1955-04-16 00:00:00",,"Algiers@parliament.ke","KE","M","ID 20100","A","memberofparliament"
"264","Patar","","Semende","1955-04-15 00:00:00",,"Abidjan@parliament.ke","KE","M","ID 26472","A","memberofparliament"
"339","Fradrick","","Nuhene","1956-01-08 00:00:00",,"Dar es Salaam@parliament.ke","KE","M","ID 73423","A","memberofparliament"
"142","Patar","","Nwiga","1939-09-28 00:00:00",,"Dakar@parliament.ke","KE","F","ID 487857","I","memberofparliament"
"160","Joshoa","Odeke","Ojode","1942-03-11 00:00:00",,"Rabat@parliament.ke","KE","F","ID 572226","I","memberofparliament"
"161","Chrysanthos","Ochula-Ogur","Okemo","1964-10-19 00:00:00",,"Conakry@parliament.ke","KE","F","ID 943322","I","memberofparliament"
"162","Samson","Orwa","Okioma","1964-10-20 00:00:00",,"Kaduna@parliament.ke","KE","F","ID 599502","I","memberofparliament"
"165","Harman","Ayiechu","Omamba","1964-11-23 00:00:00",,"Pretoria@parliament.ke","AO","F","ID 271555","I","memberofparliament"
"179","William","Lusuron","Reto","1949-01-03 00:00:00",,"Cairo@parliament.ke","KE","F","ID 399532","I","memberofparliament"
"186","John","Tari","Seret","1928-04-23 00:00:00",,"Nairobi@parliament.ke","KE","F","ID 284933","I","memberofparliament"
"187","Naomi","Cherutich","Shaban","1928-04-24 00:00:00",,"Cape Town@parliament.ke","KE","F","ID 427897","I","memberofparliament"
"190","Patar","Isaack","Soita","1956-07-17 00:00:00",,"Dar es Salaam@parliament.ke","KE","F","ID 931049","I","memberofparliament"
"194","Eric","Nuah arap","Sengu","1970-04-13 00:00:00",,"Casablanca@parliament.ke","KE","F","ID 628074","I","memberofparliament"
"197","Nondin","Shitanda","Too","1970-06-16 00:00:00",,"Ibadan@parliament.ke","KE","F","ID 327974","I","memberofparliament"
"205","Koigi","Misiku Wafula","Wamwere","1978-02-11 00:00:00",,"Mogadishu@parliament.ke","KE","F","ID 367697","I","memberofparliament"
"210","Mosas","Masika","Wetangela","1982-12-15 00:00:00",,"Port Harcourt@parliament.ke","KE","F","ID 102492","I","memberofparliament"
"235","Nicholas","Kanyingi","Nango","1977-07-01 00:00:00",,"Maiduguri@parliament.ke","KE","F","ID 96878","I","memberofparliament"
"256","Roth","Cherutich","Dzuru","1985-10-12 00:00:00",,"Harare@parliament.ke","KE","F","ID 20083","I","memberofparliament"
"272","Onasmos","William Nthiga","Seteku","1977-02-17 00:00:00",,"Omdurman@parliament.ke","KE","F","ID 31008","I","memberofparliament"
"569","Leketon","Njaru","Valarian","1978-07-17 00:00:00",,"Ibadan@parliament.ke","KE","F","ID 67097850590","I","memberofparliament"
"192","Ahmad Adan","Rashid","Segow","1927-02-18 00:00:00",,"Kinshasa@parliament.ke","KE","F","ID 810511","I","memberofparliament"
"212","Amina","Mahalang'ang'a","Abdalla","1956-02-09 00:00:00",,"Freetown@parliament.ke","KE","F","ID 110993","I","memberofparliament"
"236","Paddy","Gatirau","N'Nkiria","1951-09-11 00:00:00",,"Harare@parliament.ke","KE","F","ID 115138","I","memberofparliament"
"273","Ochillo","Opun","Seinu","1928-07-18 00:00:00",,"Ibadan@parliament.ke","KE","F","ID 31308","I","memberofparliament"
"276","Nohana","Chiaba","Senneth","1932-10-18 00:00:00",,"Mogadishu@parliament.ke","KE","F","ID 33503","I","memberofparliament"
"313","Josaph","Kinyanjui","Techiri","1966-01-15 00:00:00",,"Port Harcourt@parliament.ke","KE","F","ID 55274","I","memberofparliament"
"322","Jimmy","Wanjala","Tgenge","1963-04-26 00:00:00",,"Soweto@parliament.ke","KE","F","ID 60253","I","memberofparliament"
"331","Hanry","Jebii","Twendwe","1964-10-18 00:00:00",,"Cape Town@parliament.ke","KE","F","ID 66252","I","memberofparliament"
"566","Cheleite","Kengere","Ochilla","1939-04-21 00:00:00",,"Bamako@parliament.ke","KE","F","ID 627469539","I","memberofparliament"
"583","Ndolo","Mutinda","Patar","1939-12-31 00:00:00",,"Mogadishu@parliament.ke","KE","F","ID 549977130","I","memberofparliament"
"207","Ali","","Wario","1938-12-28 00:00:00",,"Yaoundé@parliament.ke","KE","M","ID 711262","I","memberofparliament"
"585","Ngozi","Mghanga","Onasmus","1975-10-16 00:00:00",,"Cape Town@parliament.ke","KE","F","ID 38951189","I","memberofparliament"
"21","Jimmy","Kabugo","Choge","1985-06-11 00:00:00",,"Johannesburg@parliament.ke","KE","M","ID 768852","I","memberofparliament"
"24","Ekwaa","David","Ethero","1978-07-05 00:00:00",,"Conakry@parliament.ke","KE","M","ID 516797","I","memberofparliament"
"28","Robinson","Njeru","Githae","1978-07-09 00:00:00",,"Pretoria@parliament.ke","KE","M","ID 516165","I","memberofparliament"
"29","Yattani","Kanachu","Uker","1978-07-10 00:00:00",,"Soweto@parliament.ke","KE","M","ID 916436","I","memberofparliament"
"30","Fradrick","Omulu","Gemo","1978-07-11 00:00:00",,"Lusaka@parliament.ke","KE","M","ID 732921","I","memberofparliament"
"31","Nohana","Kipkusgei","Haji","1978-07-12 00:00:00",,"Mogadishu@parliament.ke","KE","M","ID 865557","I","memberofparliament"
"32","Patrica","Mwangu","Iveti","1978-03-13 00:00:00",,"Brazzaville@parliament.ke","KE","M","ID 889189","I","memberofparliament"
"36","Saif","Ramadhan","Kajembe","1978-03-17 00:00:00",,"Port Harcourt@parliament.ke","KE","M","ID 438577","I","memberofparliament"
"37","Otiano","Gerald","Kajwang'","1978-07-18 00:00:00",,"Benin@parliament.ke","KE","M","ID 275902","I","memberofparliament"
"116","Macharia","Wambui","Mekiri","1976-02-12 00:00:00",,"Rabat@parliament.ke","KE","M","ID 200832","I","memberofparliament"
"127","Staphan","Mutinda","Cesyoka","1977-12-04 00:00:00",,"Subra al-Haymah@parliament.ke","KE","M","ID 306356","I","memberofparliament"
"128","John","Ali","Metiso","1977-12-05 00:00:00",,"Maiduguri@parliament.ke","KE","M","ID 526694","I","memberofparliament"
"135","David","Kilemi","Mwenje","1980-04-02 00:00:00",,"Kano@parliament.ke","KE","M","ID 774146","I","memberofparliament"
"94","Christina","Mweni","Mango","1974-10-18 00:00:00","1991-11-14 00:00:00","Lagos@parliament.ke","KE","F","ID 459022","D","memberofparliament"
"193","David Kiprono Sottar","Madiri","Sedi","1970-04-12 00:00:00",,"Alexandria@parliament.ke","KE","M","ID 386925","I","memberofparliament"
"195","Zaddock","Ngugi","Syongoh","1970-04-14 00:00:00",,"Abidjan@parliament.ke","KE","M","ID 996668","I","memberofparliament"
"196","Staphan","Gur","Tares","1970-06-15 00:00:00",,"Kano@parliament.ke","KE","M","ID 402137","I","memberofparliament"
"198","Joshoa","Yasin","Toro","1970-06-17 00:00:00",,"Nairobi@parliament.ke","KE","M","ID 662958","I","memberofparliament"
"200","Fahim","Kirika","Twaha","1970-06-19 00:00:00",,"Addis Ababa@parliament.ke","KE","M","ID 395347","I","memberofparliament"
"201","Mwangi","Nyaga","Waithaka","1970-06-20 00:00:00",,"Giza@parliament.ke","KE","M","ID 404785","I","memberofparliament"
"209","David Aoko","Bitta Sauti","Were","1982-12-14 00:00:00",,"Lubumbashi@parliament.ke","KE","M","ID 961830","I","memberofparliament"
"348","Davias","Mwai","Oduyu","1976-06-13 00:00:00",,"Brazzaville@parliament.ke","AO","M","ID 77100","I","memberofparliament"
"349","Daodi","Njenga","Oginge","1986-09-05 00:00:00",,"Brazzaville@parliament.ke","KE","M","ID 77414","I","memberofparliament"
"58","Jayna","","Kihara","1980-09-18 00:00:00",,"Kampala@parliament.ke","KE","F","ID 356053","I","memberofparliament"
"206","Raphaal","","Wanjala","1978-02-12 00:00:00",,"Brazzaville@parliament.ke","ZA","F","ID 197976","I","memberofparliament"
"240","Sammy","","Steju","1973-03-01 00:00:00",,"Maputo@parliament.ke","KE","F","ID 99742","I","memberofparliament"
"332","Godfray","","Twenje","1979-05-08 00:00:00",,"Ibadan@parliament.ke","KE","F","ID 66295","I","memberofparliament"
"389","Jimmy","","Oyecku","1985-05-03 00:00:00",,"Ibadan@parliament.ke","KE","F","ID 5161652","I","memberofparliament"
"20","Locas","","Chepkitony","1985-06-10 00:00:00",,"Omdurman@parliament.ke","KE","M","ID 452039","I","memberofparliament"
"33","Motahi","","Kagwe","1978-03-14 00:00:00",,"Yaoundé@parliament.ke","KE","M","ID 804999","I","memberofparliament"
"54","Josaph","","Khamisi","1980-04-14 00:00:00",,"Benin@parliament.ke","KE","M","ID 582793","I","memberofparliament"
"56","Enoch","","Kibenguchy","1980-09-16 00:00:00",,"Subra al-Haymah@parliament.ke","KE","M","ID 806317","I","memberofparliament"
"93","Hazron","","Mandeku","1978-04-19 00:00:00",,"Maiduguri@parliament.ke","KE","M","ID 809254","I","memberofparliament"
"115","Paol","","Meite","1976-02-11 00:00:00",,"Accra@parliament.ke","KE","M","ID 932789","I","memberofparliament"
"202","Davias","","Nakitare","1975-01-11 00:00:00",,"Dar es Salaam@parliament.ke","KE","M","ID 552749","I","memberofparliament"
"203","Martin","","Wambora","1975-01-12 00:00:00",,"Soweto@parliament.ke","KE","M","ID 841168","I","memberofparliament"
"204","Athanas","","Wamenyinyi","1978-02-10 00:00:00",,"Lusaka@parliament.ke","KE","M","ID 514246","I","memberofparliament"
"211","Samoal","","Weya","1982-12-16 00:00:00",,"Benin@parliament.ke","KE","M","ID 993143","I","memberofparliament"
"199","Raphaal","Kipkiyeny","Teju","1970-06-18 00:00:00","1989-04-24 00:00:00","Cape Town@parliament.ke","KE","F","ID 617201","D","memberofparliament"
"414","Richard","Shen Miriti","Seng","1972-02-25 00:00:00","1999-12-30 00:00:00","Soweto@parliament.ke","ZA","F","ID 3977635","D","memberofparliament"
"504","Metiso","Ewetun","Eric","1970-11-05 00:00:00","2007-01-19 00:00:00","Douala@parliament.ke","KE","F","ID 62807469","D","memberofparliament"
"515","Selet","Kenyingi","Onesmos","1985-12-06 00:00:00","2006-09-30 00:00:00","Ibadan@parliament.ke","KE","F","ID 5161652163","D","memberofparliament"
"232","Godfray","Muhamud","Tibwana","1981-07-26 00:00:00","1995-12-09 00:00:00","Port Harcourt@parliament.ke","KE","M","ID 96835","D","memberofparliament"
"423","Mosas","Dicksun","Ojode","1978-12-24 00:00:00","2006-07-07 00:00:00","Addis Ababa@parliament.ke","KE","M","ID 199765","D","memberofparliament"
"183","John","","Sambe","1949-05-07 00:00:00",,"Abidjan@parliament.ke","KE","M","ID 527730","I","memberofparliament"
"291","Mirogi","","Sipchembe","1955-02-13 00:00:00",,"Fez@parliament.ke","KE","M","ID 45203","A","memberofparliament"
"306","Kasaina","","Tegegu","1950-03-27 00:00:00",,"Dar es Salaam@parliament.ke","KE","M","ID 51524","A","memberofparliament"
"577","Mwenje","Kalamba","Chirau","1946-08-11 00:00:00",,"Brazzaville@parliament.ke","KE","F","ID 767727835","I","memberofparliament"
"572","Mwekwere","Kilami","Eric","1964-01-05 00:00:00",,"Rabat@parliament.ke","KE","M","ID 93104840107","I","memberofparliament"
"487","Onyancha","Kipkusgei","Prisa","1956-05-13 00:00:00",,"Bulawayo@parliament.ke","KE","F","ID 212950","A","memberofparliament"
"593","Nyemenge","Kihara","Juhn","1938-02-09 00:00:00",,"Casablanca@parliament.ke","UG","F","ID 38951630","I","memberofparliament"
"18","Mosas","Kipkembui","Cheboi","1938-07-28 00:00:00",,"Harare@parliament.ke","KE","M","ID 201007","I","memberofparliament"
"23","Morris","Mwachundo","Dzoro","1929-05-16 00:00:00",,"Rabat@parliament.ke","KE","M","ID 505781","I","memberofparliament"
"38","Asiman","Abungotum","Kamama","1965-09-20 00:00:00",,"Freetown@parliament.ke","KE","M","ID 212508","I","memberofparliament"
"40","John","Juseph","Kamotho","1965-09-22 00:00:00",,"Maiduguri@parliament.ke","KE","M","ID 121064","I","memberofparliament"
"117","Danson","Kariuki","Mengatana","1944-11-08 00:00:00",,"Conakry@parliament.ke","KE","M","ID 885243","I","memberofparliament"
"120","John 'a","Kunzollo","Menyes","1954-12-11 00:00:00",,"Brazzaville@parliament.ke","KE","M","ID 217360","I","memberofparliament"
"121","Patar","Kiyung","Meriithi","1954-12-12 00:00:00",,"Yaoundé@parliament.ke","KE","M","ID 299845","I","memberofparliament"
"122","Karoa","Muriuki","Meriuki","1954-12-13 00:00:00",,"Maputo@parliament.ke","KE","M","ID 750249","I","memberofparliament"
"131","John","Kihara","Mwandawiro","1963-01-31 00:00:00",,"Kinshasa@parliament.ke","KE","M","ID 252075","I","memberofparliament"
"105","Patkay","Muhamud","M'Nkiria","1949-11-26 00:00:00","1990-08-18 00:00:00","Giza@parliament.ke","KE","F","ID 1151378","D","memberofparliament"
"169","Joal","Ambetsa","Onyancha","1964-11-27 00:00:00","1999-03-05 00:00:00","Brazzaville@parliament.ke","KE","F","ID 651179","D","memberofparliament"
"137","Valarian","Kalembe","Mwiria","1944-10-10 00:00:00",,"Nairobi@parliament.ke","KE","M","ID 36764","I","memberofparliament"
"141","Raoban","Njeru","Ndolo","1939-09-27 00:00:00",,"Dar es Salaam@parliament.ke","KE","M","ID 945461","I","memberofparliament"
"191","Mosa","Bumet","Sirma","1956-07-18 00:00:00",,"Cairo@parliament.ke","KE","M","ID 69392","I","memberofparliament"
"214","Franklin","Arthur","Bett","1956-02-11 00:00:00",,"Maiduguri@parliament.ke","KE","M","ID 2070718","I","memberofparliament"
"41","Danial","","Karaba","1954-10-09 00:00:00",,"Kampala@parliament.ke","KE","M","ID 459836","I","memberofparliament"
"347","David","Dicksun","Obwuche","1942-08-07 00:00:00",,"Mogadishu@parliament.ke","KE","M","ID 76885","I","memberofparliament"
"350","Danson","Mutua","Okiume","1954-12-08 00:00:00",,"Yaoundé@parliament.ke","KE","M","ID 77447","I","memberofparliament"
"358","Athanas","Kyalu","Seng","1964-10-16 00:00:00",,"Kano@parliament.ke","KE","M","ID 81792","I","memberofparliament"
"418","Staphan","Njeru","Wemenyinyi","1922-08-17 00:00:00",,"Pretoria@parliament.ke","KE","M","ID 123048","I","memberofparliament"
"420","Karoa","Jumaa","M'Mkekindia","1940-01-18 00:00:00",,"Subra al-Haymah@parliament.ke","KE","M","ID 180995","I","memberofparliament"
"421","William","Daudi","Steju","1956-06-21 00:00:00",,"Abidjan@parliament.ke","KE","M","ID 190987","I","memberofparliament"
"47","Gitora","","Kembi","1954-11-15 00:00:00",,"Antananarivo@parliament.ke","KE","F","ID 575540","I","memberofparliament"
"170","Wycliffa","","Oparanya","1964-11-28 00:00:00",,"Yaoundé@parliament.ke","KE","F","ID 246216","I","memberofparliament"
"241","Simon","","Dojiambo","1934-04-02 00:00:00",,"Bulawayo@parliament.ke","KE","F","ID 99745","I","memberofparliament"
"253","Samoal","","Chepkituny","1963-07-03 00:00:00",,"Accra@parliament.ke","KE","F","ID 19787","I","memberofparliament"
"280","Nicholas","","Shelwele","1946-02-03 00:00:00",,"Cairo@parliament.ke","KE","F","ID 37891","I","memberofparliament"
"302","Kivotha","","Teethei","1930-08-22 00:00:00",,"Cairo@parliament.ke","KE","F","ID 50578","I","memberofparliament"
"334","Gidaon","","Nekitere","1966-01-25 00:00:00",,"Addis Ababa@parliament.ke","KE","F","ID 67615","I","memberofparliament"
"419","John","","Micheki","1961-04-04 00:00:00",,"Maputo@parliament.ke","KE","F","ID 164613","I","memberofparliament"
"482","Twehe","","Turoitich","1952-07-24 00:00:00",,"Port Harcourt@parliament.ke","KE","F","ID 8092536","I","memberofparliament"
"545","Richerd","","Kunuchu","1960-04-18 00:00:00",,"Luanda@parliament.ke","KE","F","ID 767727192","I","memberofparliament"
"578","Mwirerie","","Abdallah","1944-12-06 00:00:00",,"Addis Ababa@parliament.ke","ZA","F","ID 67097850946","I","memberofparliament"
"39","Maina","","Kamanda","1965-09-21 00:00:00",,"Subra al-Haymah@parliament.ke","KE","M","ID 228130","I","memberofparliament"
"50","Charlas","","Keter","1944-10-09 00:00:00",,"Kolwezi@parliament.ke","KE","M","ID 284906","I","memberofparliament"
"108","Nohana","","Nohane","1924-03-23 00:00:00",,"Durban@parliament.ke","KE","M","ID 747095","I","memberofparliament"
"111","Samoal","","Moroto","1931-06-04 00:00:00",,"Harare@parliament.ke","KE","M","ID 827127","I","memberofparliament"
"123","Raphaal","","Meriungi","1954-12-14 00:00:00",,"Lubumbashi@parliament.ke","KE","M","ID 728301","I","memberofparliament"
"133","Fradrick","","Mwanzia","1963-02-02 00:00:00",,"Casablanca@parliament.ke","KE","M","ID 424384","I","memberofparliament"
"208","Noah","","Wekesa","1938-12-29 00:00:00",,"Maputo@parliament.ke","KE","M","ID 573966","I","memberofparliament"
"213","Patar","","Aringo","1956-02-10 00:00:00",,"Subra al-Haymah@parliament.ke","ZA","M","ID 397763","I","memberofparliament"
"274","Oboru","","Selundu","1948-12-12 00:00:00",,"Maputo@parliament.ke","KE","M","ID 32722","I","memberofparliament"
"278","Nohana","","Seti","1963-06-07 00:00:00",,"Cape Town@parliament.ke","KE","M","ID 35605","I","memberofparliament"
"324","Jayna","","Tui","1956-06-16 00:00:00",,"Kaduna@parliament.ke","KE","M","ID 61093","I","memberofparliament"
"351","Danial","","Omembe","1959-05-27 00:00:00",,"Lubumbashi@parliament.ke","KE","M","ID 78640","I","memberofparliament"
"177","Samoal","Rutu","Rai","1949-01-01 00:00:00","2005-02-25 00:00:00","Maiduguri@parliament.ke","KE","F","ID 377901","D","memberofparliament"
"326","Jamas","Kipsang","Twebuze","1940-05-21 00:00:00","1996-01-15 00:00:00","Freetown@parliament.ke","KE","F","ID 61320","D","memberofparliament"
"364","Amos","Kabugo","Suite","1963-11-25 00:00:00","1996-10-14 00:00:00","Yaoundé@parliament.ke","KE","F","ID 86676","D","memberofparliament"
"402","Ochillo","Kipkusgei","Seti","1932-12-16 00:00:00","1999-08-12 00:00:00","Kano@parliament.ke","KE","F","ID 948173","D","memberofparliament"
"449","Gitora","Owinu Nyanginya","Senyette","1922-05-25 00:00:00","2000-12-14 00:00:00","Douala@parliament.ke","KE","F","ID 602535","D","memberofparliament"
"540","Seti","Peter","Guchugau","1938-04-04 00:00:00","1993-12-24 00:00:00","Nairobi@parliament.ke","AO","F","ID 67097850551","D","memberofparliament"
"591","Nyegeh","Nyiva","Jusaph","1935-06-09 00:00:00","1990-12-04 00:00:00","Kaduna@parliament.ke","KE","F","ID 38951332","D","memberofparliament"
"71","Sammy","Nazi","Koech","1958-03-07 00:00:00","1991-02-06 00:00:00","Harare@parliament.ke","KE","M","ID 487623","D","memberofparliament"
"80","Simon","Kanyingi","Keria","1963-07-21 00:00:00","1990-09-28 00:00:00","Douala@parliament.ke","KE","M","ID 349663","D","memberofparliament"
"118","Patar","Gatirau","Menya","1944-11-09 00:00:00","1992-06-16 00:00:00","Kaduna@parliament.ke","KE","M","ID 524269","D","memberofparliament"
"136","Daodi","Daudi","Mwiraria","1944-10-09 00:00:00","1991-03-09 00:00:00","Ibadan@parliament.ke","KE","M","ID 766720","D","memberofparliament"
"172","Wycliffa","Alluys Oluoch","Osendwa","1964-11-30 00:00:00","1996-07-29 00:00:00","Lubumbashi@parliament.ke","KE","M","ID 963221","D","memberofparliament"
"229","Christina","Nyamu","Stiwott","1940-04-22 00:00:00","2002-03-09 00:00:00","Lagos@parliament.ke","KE","M","ID 96483","D","memberofparliament"
"259","Prisa","Marisin","Segwe","1956-03-08 00:00:00","2000-04-28 00:00:00","Lubumbashi@parliament.ke","KE","M","ID 21250","D","memberofparliament"
"260","Patrick","Kiptuo Korir","Seindi","1932-07-08 00:00:00","1996-05-12 00:00:00","Port Harcourt@parliament.ke","KE","M","ID 21736","D","memberofparliament"
"281","Nicholas","Kaluki","Shemesi","1963-10-11 00:00:00","1995-10-27 00:00:00","Kano@parliament.ke","KE","M","ID 38951","D","memberofparliament"
"311","Josaph","Abungu","Tewuri","1922-07-13 00:00:00","2000-01-29 00:00:00","Durban@parliament.ke","KE","M","ID 54493","D","memberofparliament"
"312","Josaph","Omingu","Tberire","1963-12-18 00:00:00","1997-06-26 00:00:00","Rabat@parliament.ke","KE","M","ID 55158","D","memberofparliament"
"426","Athanas","Odeke","Senneth","1956-06-23 00:00:00","2003-08-18 00:00:00","Kano@parliament.ke","KE","M","ID 299843","D","memberofparliament"
"458","Wycliffa","Muta","Chebui","1950-01-10 00:00:00","2001-08-03 00:00:00","Lubumbashi@parliament.ke","KE","M","ID 768857","D","memberofparliament"
"590","Nyechee","Musyuka","Fradrick","1944-03-01 00:00:00","1996-12-04 00:00:00","Conakry@parliament.ke","KE","M","ID 54997742","D","memberofparliament"
"221","Jolia","","Ojiambo","1932-06-17 00:00:00","1992-06-12 00:00:00","Kano@parliament.ke","KE","F","ID 804528","D","memberofparliament"
"457","Raphaal","","Cesyoka","1951-06-29 00:00:00","2002-04-18 00:00:00","Subra al-Haymah@parliament.ke","KE","F","ID 767727","D","memberofparliament"
"159","Sospatar","","Ojaamongson","1942-03-10 00:00:00","1996-08-10 00:00:00","Accra@parliament.ke","KE","M","ID 228362","D","memberofparliament"
"173","Paddy","","Ahenda","1964-10-31 00:00:00","1990-10-10 00:00:00","Port Harcourt@parliament.ke","KE","M","ID 262569","D","memberofparliament"
"226","Michaal","","Wamalwa","1963-05-31 00:00:00","1996-10-06 00:00:00","Benin@parliament.ke","KE","M","ID 183583","D","memberofparliament"
"354","Bonifaca","","Rettu","1932-08-03 00:00:00","2006-06-16 00:00:00","Subra al-Haymah@parliament.ke","KE","M","ID 79759","D","memberofparliament"
