person_id,person_first_name,person_middle_name,person_last_name,person_date_birth,person_date_death,person_place_birth,person_country_birth,person_gender,person_national_id_number
1,"Jimmy","Arengah","Buru","12/18/41 00:00:00","","Lagos","Kenafro","M","ID 549977"
2,"Francis","","NoKibaki","12/08/51 00:00:00","","Cairo","Kenafro","M","ID 129781"
3,"Ali","Hassan","Abdirahman","12/09/51 00:00:00","","Kinshasa","Kenafro","M","ID 45797"
4,"Francis","Ewatun","Acheka","12/10/51 00:00:00","","Alexandria","Kenafro","M","ID 794145"
5,"Epainitoos","Muses","Akaranga","12/11/51 00:00:00","","Casablanca","Kenafro","F","ID 388676"
6,"Abdollahi","Ibrahim","Ali","05/04/29 00:00:00","","Abidjan","Kenafro","M","ID 123049"
7,"Jimmy","Nuru Ondiek","Angwenyi","05/05/29 00:00:00","","Kano","Kenafro","M","ID 6672524"
8,"Jolius","Odenyu","Arengah","05/06/29 00:00:00","","Ibadan","Kenafro","M","ID 786406"
9,"Adho","Keruw","Awiti","03/06/45 00:00:00","","Nairobi","Kenafro","M","ID 997422"
10,"Arthor","Buru","Mawori","08/09/48 00:00:00","","Cape Town","Kenafro","M","ID 797594"
11,"Ochillo","","Ayacko","08/10/48 00:00:00","","Addis Ababa","Kenafro","M","ID 467462"
12,"Ali","Abdul","Bahari","02/23/82 00:00:00","","Giza","Druganda","M","ID 817923"
13,"Najib","Nuhane","Balala","02/24/82 00:00:00","","Dar es Salaam","Kenafro","F","ID 225352"
14,"Wakoli","Sylvester","Bifwoli","02/25/82 00:00:00","","Dakar","Kenafro","M","ID 573752"
15,"Adan","","Billow","07/25/38 00:00:00","","Durban","Kenafro","M","ID 556172"
16,"Nicholas","Kipruno Kipyator","Tiwott","07/06/38 00:00:00","","Luanda","Kenafro","M","ID 967836"
17,"William","Kiplumbei","Boit","07/27/38 00:00:00","","Tripoli","Kenafro","M","ID 507422"
18,"Mosas","Kipkembui","Cheboi","07/28/38 00:00:00","","Harare","Kenafro","M","ID 201007"
19,"Alica","Jematia Runoh","Chelaite","06/09/85 00:00:00","","Algiers","Kenafro","F","ID 874803"
20,"Locas","","Chepkitony","06/10/85 00:00:00","","Omdurman","Kenafro","M","ID 452039"
21,"Jimmy","Kabugo","Choge","06/11/85 00:00:00","","Johannesburg","Kenafro","M","ID 768852"
22,"Abdollahi","Sheikh","Dahir","05/15/29 00:00:00","","Accra","Kenafro","F","ID 6107938"
23,"Morris","Mwachundo","Dzoro","05/16/29 00:00:00","","Rabat","Kenafro","M","ID 505781"
24,"Ekwaa","David","Ethero","07/05/78 00:00:00","","Conakry","Kenafro","M","ID 516797"
25,"Jamas","Nderitu","Gachagea","07/06/78 00:00:00","","Kaduna","Kenafro","M","ID 456928"
26,"Gorrach","","Galgallo","07/07/78 00:00:00","04/04/99 00:00:00","Khartoum","Kenafro","M","ID 159487"
27,"William","Muody","Gitae","07/08/78 00:00:00","","Douala","Druganda","F","ID 866713"
28,"Robinson","Njeru","Githae","07/09/78 00:00:00","","Pretoria","Kenafro","M","ID 516165"
29,"Yattani","Kanachu","Uker","07/10/78 00:00:00","","Soweto","Kenafro","M","ID 916436"
30,"Fradrick","Omulu","Gemo","07/11/78 00:00:00","","Lusaka","Kenafro","M","ID 732921"
31,"Nohana","Kipkusgei","Haji","07/12/78 00:00:00","","Mogadishu","Kenafro","M","ID 865557"
32,"Patrica","Mwangu","Iveti","03/13/78 00:00:00","","Brazzaville","Kenafro","M","ID 889189"
33,"Motahi","","Kagwe","03/14/78 00:00:00","","Yaoundé","Kenafro","M","ID 804999"
34,"Francis","Nyamu","Kagwima","03/15/78 00:00:00","05/25/90 00:00:00","Maputo","Kenafro","M","ID 182331"
35,"Patar","Kyalu","Kaindi","03/16/78 00:00:00","","Lubumbashi","Kenafro","F","ID 734236"
36,"Saif","Ramadhan","Kajembe","03/17/78 00:00:00","","Port Harcourt","Kenafro","M","ID 438577"
37,"Otiano","Gerald","Kajwang'","07/18/78 00:00:00","","Benin","Kenafro","M","ID 275902"
38,"Asiman","Abungotum","Kamama","09/20/65 00:00:00","","Freetown","Kenafro","M","ID 212508"
39,"Maina","","Kamanda","09/21/65 00:00:00","","Subra al-Haymah","Kenafro","M","ID 228130"
40,"John","Juseph","Kamotho","09/22/65 00:00:00","","Maiduguri","Kenafro","M","ID 121064"
41,"Danial","","Karaba","10/09/54 00:00:00","","Kampala","Kenafro","M","ID 459836"
42,"Godfray","Dicksun","Karieki","10/10/54 00:00:00","05/30/89 00:00:00","Bulawayo","Kenafro","M","ID 310084798"
43,"Mirogi","Mwai","Karieki","10/11/54 00:00:00","","Fez","Kenafro","M","ID 197871"
44,"Martha","Mutua","Karea","12/12/54 00:00:00","","Bamako","Kenafro","F","ID 968355"
45,"Jamas","Njenga","Kareme","10/13/54 00:00:00","","Mbuji-Mayi","Kenafro","M","ID 180992"
46,"John","Wangari","Kateku","10/14/54 00:00:00","","Zaria","Kenafro","F","ID 293823"
47,"Gitora","","Kembi","11/15/54 00:00:00","","Antananarivo","Kenafro","F","ID 575540"
48,"Patar","Gitahi","Kenneth","10/16/54 00:00:00","","Ouagadougou","Kenafro","M","ID 795134"
49,"Uhoru","Bunny","Kenyatta","10/17/54 00:00:00","","Port Elizabeth","Kenafro","M","ID 126910"
50,"Charlas","","Keter","10/09/44 00:00:00","","Kolwezi","Kenafro","M","ID 284906"
51,"Nohana","","Khalif","10/10/44 00:00:00","","Maputo","Kenafro","F","ID 561298"
52,"Basiya","Yusuf","Khalwale","04/12/80 00:00:00","","Lubumbashi","Kenafro","M","ID 853959"
53,"Lyola","Matanu","Khamasi","04/13/80 00:00:00","","Port Harcourt","Kenafro","M","ID 972011"
54,"Josaph","","Khamisi","04/14/80 00:00:00","","Benin","Kenafro","M","ID 582793"
55,"Gaorga","Wamalwa","Khaniri","04/15/80 00:00:00","","Freetown","Kenafro","F","ID 755799"
56,"Enoch","","Kibenguchy","09/16/80 00:00:00","","Subra al-Haymah","Kenafro","M","ID 806317"
57,"Kivotha","Daniel","Kibwana","09/17/80 00:00:00","07/14/92 00:00:00","Maiduguri","Kenafro","M","ID 949959"
58,"Jayna","","Kihara","09/18/80 00:00:00","","Kampala","Kenafro","F","ID 356053"
59,"Linah","Jebii","Kilimo","09/19/80 00:00:00","","Bulawayo","Kenafro","F","ID 154005"
60,"Charlas","Viscuunt","Kilonzo","11/27/22 00:00:00","","Fez","Kenafro","M","ID 632000"
61,"Jolius","Kiema","Kilonzo","11/28/22 00:00:00","","Bamako","Kenafro","M","ID 976809"
62,"Jamas","","Kimathi","11/29/22 00:00:00","","Mbuji-Mayi","Kenafro","M","ID 171412"
63,"Anthony","Kipkusge","Kimeto","02/02/49 00:00:00","","Zaria","Kenafro","M","ID 109228"
64,"Amos","Lagat","Kimenya","02/28/58 00:00:00","","Antananarivo","Kenafro","M","ID 737087"
65,"Josaph","Kahindi","Kingi","03/01/58 00:00:00","","Ouagadougou","Kenafro","F","ID 544931"
66,"Josaph","Muhinga","Kipchemba","03/02/58 00:00:00","","Port Elizabeth","Kenafro","F","ID 904846"
67,"Kiproto","Kipsang","Kirwa","03/03/58 00:00:00","","Kolwezi","Kenafro","M","ID 515247"
68,"Mokhisa","Runo Arap","Kiteyi","03/04/58 00:00:00","","Durban","Kenafro","F","ID 635237"
69,"Fastos","","Kienjuri","03/05/58 00:00:00","","Luanda","Kenafro","M","ID 61899"
70,"John","Mwangi","Koech","03/06/58 00:00:00","04/12/04 00:00:00","Tripoli","Kenafro","M","ID 624351"
71,"Sammy","Nazi","Koech","03/07/58 00:00:00","02/06/91 00:00:00","Harare","Kenafro","M","ID 487623"
72,"Mogava","Sitelu","Kofa","03/08/58 00:00:00","","Algiers","Kenafro","M","ID 590908"
73,"Harrison","Tula","Kombe","04/09/58 00:00:00","","Omdurman","Kenafro","F","ID 319976"
74,"Mosikari","Cheruiyut","Kombo","03/10/58 00:00:00","","Johannesburg","Kenafro","M","ID 210227"
75,"Gidaon","Garama","Konchella","03/11/58 00:00:00","","Accra","Kenafro","M","ID 831438"
76,"Josaph","Kiptanui","Korir","03/12/58 00:00:00","","Rabat","Kenafro","M","ID 378912"
77,"David","Wanjala","Koros","07/18/63 00:00:00","","Conakry","Kenafro","M","ID 284513"
78,"Hanry","Abdi","Koskey","07/19/63 00:00:00","","Kaduna","Kenafro","M","ID 709266"
79,"Nawton","Kipkaptu","Kelundu","07/20/63 00:00:00","","Khartoum","Kenafro","M","ID 742034"
80,"Simon","Kanyingi","Keria","07/21/63 00:00:00","09/28/90 00:00:00","Douala","Kenafro","M","ID 349663"
81,"Nohana","Kipruno","Keti","07/22/63 00:00:00","","Pretoria","Kenafro","M","ID 722025"
82,"Prisa","Muta","Leshore","07/23/63 00:00:00","","Soweto","Kenafro","M","ID 57777"
83,"Simaon","Gisuka","Lesirma","07/24/63 00:00:00","","Lusaka","Kenafro","M","ID 484454"
84,"Andraw","Herman","Ligale","09/20/80 00:00:00","","Mogadishu","Kenafro","M","ID 774479"
85,"Wangari","Sammy","Maathai","09/01/80 00:00:00","","Brazzaville","Kenafro","F","ID 923752"
86,"Wilfrad","Saimanga","Machage","09/02/80 00:00:00","","Yaoundé","Kenafro","M","ID 765675"
87,"Mardsan","Nduoli","Madoka","09/03/80 00:00:00","","Maputo","Kenafro","M","ID 9810069"
88,"Jamas","Kinyanjui","Magara","09/04/80 00:00:00","","Lubumbashi","Kenafro","F","ID 650149"
89,"Arthor","Omingu","Magegu","08/02/59 00:00:00","","Port Harcourt","Kenafro","F","ID 264726"
90,"Annaniah","Karisa","Mwaboza","02/14/77 00:00:00","","Benin","Kenafro","M","ID 460722"
91,"Emmanoal","","Maitha","04/17/78 00:00:00","","Freetown","Kenafro","M","ID 450034"
92,"Locas Baya","Abungu","Maitha","04/18/78 00:00:00","","Subra al-Haymah","Kenafro","M","ID 611207"
93,"Hazron","","Mandeku","04/19/78 00:00:00","","Maiduguri","Kenafro","M","ID 809254"
94,"Christina","Mweni","Mango","10/18/74 00:00:00","11/14/91 00:00:00","Lagos","Kenafro","F","ID 459022"
95,"Staphan","Otiatu","Manoti","10/19/74 00:00:00","","Cairo","Kenafro","F","ID 903026"
96,"Richard","Mauka","Maore","09/20/74 00:00:00","","Kinshasa","Kenafro","M","ID 917708"
97,"Kannath","Kengere","Marende","09/21/74 00:00:00","","Alexandria","Kenafro","F","ID 748188"
98,"Godfray","","Masanya","09/22/74 00:00:00","","Casablanca","Kenafro","M","ID 500873"
99,"Banson","Njuroge","Mbai","12/09/81 00:00:00","","Abidjan","Kenafro","F","ID 548328"
100,"Elias","Okeri","Mbae","11/12/60 00:00:00","","Kano","Kenafro","M","ID 454576"
101,"Bonifaca","Peter","Mganga","11/22/49 00:00:00","","Ibadan","Kenafro","M","ID 418299"
102,"John","Jakuyo","Micheki","11/23/49 00:00:00","","Nairobi","Kenafro","M","ID 902588"
103,"Washington","Itwiku","Midiwo","11/24/49 00:00:00","","Cape Town","Kenafro","M","ID 512313"
104,"Kirogi","Shen Miriti","M'Mkekindia","11/25/49 00:00:00","","Addis Ababa","Kenafro","M","ID 479525"
105,"Patkay","Muhamud","M'Nkiria","11/26/49 00:00:00","08/18/90 00:00:00","Giza","Kenafro","F","ID 1151378"
106,"Hossain","Chiaba","Nohane","11/27/49 00:00:00","","Dar es Salaam","Kenafro","M","ID 793614"
107,"Abdi","Laibun","Nohane","03/22/24 00:00:00","","Dakar","Kenafro","M","ID 922488"
108,"Nohana","","Nohane","03/23/24 00:00:00","","Durban","Kenafro","M","ID 747095"
109,"Abo","Kipsele Tuwett","Nohane","06/02/31 00:00:00","","Luanda","Kenafro","F","ID 495255"
110,"Gidaon","Gachara","Moi","07/03/31 00:00:00","","Tripoli","Kenafro","M","ID 100256"
111,"Samoal","","Moroto","06/04/31 00:00:00","","Harare","Kenafro","M","ID 827127"
112,"Gaoffray","Abdi Haji","Mechiri","06/05/31 00:00:00","","Algiers","Kenafro","M","ID 127785"
113,"Bath","Chumel","Mego","02/09/76 00:00:00","","Omdurman","Kenafro","F","ID 9957458"
114,"Patrick","Buya","Meiruri","02/10/76 00:00:00","","Johannesburg","Kenafro","M","ID 428543"
115,"Paol","","Meite","02/11/76 00:00:00","","Accra","Kenafro","M","ID 932789"
116,"Macharia","Wambui","Mekiri","02/12/76 00:00:00","","Rabat","Kenafro","M","ID 200832"
117,"Danson","Kariuki","Mengatana","11/08/44 00:00:00","","Conakry","Kenafro","M","ID 885243"
118,"Patar","Gatirau","Menya","11/09/44 00:00:00","06/16/92 00:00:00","Kaduna","Kenafro","M","ID 524269"
119,"Josaph","Kibugi","Menyao","11/10/44 00:00:00","","Mogadishu","Kenafro","F","ID 354237"
120,"John 'a","Kunzollo","Menyes","12/11/54 00:00:00","","Brazzaville","Kenafro","M","ID 217360"
121,"Patar","Kiyung","Meriithi","12/12/54 00:00:00","","Yaoundé","Kenafro","M","ID 299845"
122,"Karoa","Muriuki","Meriuki","12/13/54 00:00:00","","Maputo","Kenafro","M","ID 750249"
123,"Raphaal","","Meriungi","12/14/54 00:00:00","","Lubumbashi","Kenafro","M","ID 728301"
124,"Christophar","Gichuhi","Merungaru","08/09/44 00:00:00","","Port Harcourt","Kenafro","M","ID 36128"
125,"Kiraito","Ndarathi","Merungi","08/10/44 00:00:00","","Benin","Kenafro","F","ID 471699"
126,"David","","Mesila","12/03/77 00:00:00","","Freetown","Kenafro","M","ID 442748"
127,"Staphan","Mutinda","Cesyoka","12/04/77 00:00:00","","Subra al-Haymah","Kenafro","M","ID 306356"
128,"John","Ali","Metiso","12/05/77 00:00:00","","Maiduguri","Kenafro","M","ID 526694"
129,"Jostin","Kalunzo","Meturi","12/06/77 00:00:00","","Lagos","Kenafro","M","ID 720014"
130,"Chirao","Bedan Njuka","Mwakwere","01/30/63 00:00:00","","Cairo","Kenafro","M","ID 424255"
131,"John","Kihara","Mwandawiro","01/31/63 00:00:00","","Kinshasa","Kenafro","M","ID 252075"
132,"Onasmos","Mghanga","Mwangi","02/01/63 00:00:00","","Alexandria","Kenafro","F","ID 190982"
133,"Fradrick","","Mwanzia","02/02/63 00:00:00","","Casablanca","Kenafro","M","ID 424384"
134,"Winfrad","Sulomon Kamau","Mwendwa","02/03/63 00:00:00","","Abidjan","Kenafro","F","ID 771001"
135,"David","Kilemi","Mwenje","04/02/80 00:00:00","","Kano","Kenafro","M","ID 774146"
136,"Daodi","Daudi","Mwiraria","10/09/44 00:00:00","03/09/91 00:00:00","Ibadan","Kenafro","M","ID 766720"
137,"Valarian","Kalembe","Mwiria","10/10/44 00:00:00","","Nairobi","Kenafro","M","ID 36764"
138,"Gidaon","Nyiva","Ndambeki","10/11/44 00:00:00","","Cape Town","Azambico","M","ID 207951"
139,"Alfrad","Musyuka","Nderite","09/25/39 00:00:00","","Addis Ababa","Kenafro","M","ID 414546"
140,"Richard","Mwangi","Ndile","09/26/39 00:00:00","","Giza","Kenafro","F","ID 94817"
141,"Raoban","Njeru","Ndolo","09/27/39 00:00:00","","Dar es Salaam","Kenafro","M","ID 945461"
142,"Patar","","Nwiga","09/28/39 00:00:00","","Dakar","Kenafro","F","ID 487857"
143,"Charity","Owinu Nyanginya","Ngile","05/23/74 00:00:00","","Johannesburg","Kenafro","F","ID 968789"
144,"Josaph","Kanyinke","Leketon","05/24/74 00:00:00","","Accra","Kenafro","M","ID 639799"
145,"Abdallah","Kaluki","Ngozi","02/09/22 00:00:00","","Rabat","Kenafro","F","ID 676156"
146,"Kasaina","","Nkaisserry","02/10/22 00:00:00","","Conakry","Kenafro","M","ID 569839"
147,"William","Juseph","Ntimama","02/11/22 00:00:00","","Kaduna","Kenafro","M","ID 587683"
148,"Staphan","Jumaa","Ntetu","02/12/22 00:00:00","","Mogadishu","Kenafro","F","ID 733936"
149,"Simaon","Rungora Ole","Nyachae","02/28/22 00:00:00","","Brazzaville","Kenafro","M","ID 41977"
150,"Josaph","Munene Gathakari King'ang'i","Nyagah","03/01/22 00:00:00","","Yaoundé","Kenafro","F","ID 984946"
151,"Norman","","Nyagah","03/02/32 00:00:00","","Maputo","Druganda","M","ID 727673"
152,"Eric","Opun","Nyamenga","03/03/32 00:00:00","","Lubumbashi","Kenafro","F","ID 335036"
153,"Patar '","William Nthiga","Nyong'o","03/04/32 00:00:00","","Port Harcourt","Kenafro","F","ID 467262"
154,"Hanry","Amulo","Obwocha","03/05/32 00:00:00","","Benin","Kenafro","M","ID 551583"
155,"Raila","Anyang","Todinga","03/06/32 00:00:00","","Freetown","Kenafro","F","ID 294192"
156,"Patar","Onyancha","Odoyo","03/07/42 00:00:00","","Subra al-Haymah","Kenafro","M","ID 467125"
157,"Oboru","Ochieng","Oginga","03/08/42 00:00:00","","Omdurman","Kenafro","M","ID 607252"
158,"Tobias","Nyang'au","Orao","03/09/42 00:00:00","","Johannesburg","Kenafro","M","ID 633846"
159,"Sospatar","","Ojaamongson","03/10/42 00:00:00","08/10/96 00:00:00","Accra","Kenafro","M","ID 228362"
160,"Joshoa","Odeke","Ojode","03/11/42 00:00:00","","Rabat","Kenafro","F","ID 572226"
161,"Chrysanthos","Ochula-Ogur","Okemo","10/19/64 00:00:00","","Conakry","Kenafro","F","ID 943322"
162,"Samson","Orwa","Okioma","10/20/64 00:00:00","","Kaduna","Kenafro","F","ID 599502"
163,"Phillip","Okuth","Okendi","10/21/64 00:00:00","","Khartoum","Kenafro","M","ID 589831"
164,"Patrick","Opundo","Olweny","10/22/64 00:00:00","","Douala","Kenafro","F","ID 730125"
165,"Harman","Ayiechu","Omamba","11/23/64 00:00:00","","Pretoria","Mangola","F","ID 271555"
166,"Kan","Odhiambu","Nyagedi","11/24/64 00:00:00","","Soweto","Kenafro","F","ID 670279"
167,"William","","Omondi","11/25/64 00:00:00","","Lusaka","Kenafro","M","ID 799524"
168,"Staphan","Zebedeu","Ondiek","11/26/64 00:00:00","","Mogadishu","Kenafro","M","ID 265638"
169,"Joal","Ambetsa","Onyancha","11/27/64 00:00:00","03/05/99 00:00:00","Brazzaville","Kenafro","F","ID 651179"
170,"Wycliffa","","Oparanya","11/28/64 00:00:00","","Yaoundé","Kenafro","F","ID 246216"
171,"John","Oyugi","Opore","11/29/64 00:00:00","","Maputo","Kenafro","M","ID 770725"
172,"Wycliffa","Alluys Oluoch","Osendwa","11/30/64 00:00:00","07/29/96 00:00:00","Lubumbashi","Kenafro","M","ID 963221"
173,"Paddy","","Ahenda","10/31/64 00:00:00","10/10/90 00:00:00","Port Harcourt","Kenafro","M","ID 262569"
174,"Charlas","Ole","Owino","12/29/48 00:00:00","","Benin","Kenafro","M","ID 779302"
175,"Katoo","Gunzi","Metito","12/30/48 00:00:00","","Freetown","Kenafro","F","ID 509418"
176,"Samoal","Samuei","Poghisio","12/31/48 00:00:00","","Subra al-Haymah","Kenafro","M","ID 701755"
177,"Samoal","Rutu","Rai","01/01/49 00:00:00","02/25/05 00:00:00","Maiduguri","Kenafro","F","ID 377901"
178,"Phillip","","Rotino","01/02/49 00:00:00","","Lagos","Kenafro","M","ID 873062"
179,"William","Lusuron","Reto","01/03/49 00:00:00","","Cairo","Kenafro","F","ID 399532"
180,"Sammy","","Retto","05/04/49 00:00:00","","Kinshasa","Kenafro","M","ID 820081"
181,"Gaorga","Kipkembui","Saitoti","05/05/49 00:00:00","","Alexandria","Kenafro","M","ID 866763"
182,"Nicholas","Kipkurir","Salat","05/06/49 00:00:00","","Casablanca","Mangola","M","ID 622524"
183,"John","","Sambe","05/07/49 00:00:00","","Abidjan","Kenafro","M","ID 527730"
184,"Kipkorir","Kiptuo Korir","Sang","01/08/49 00:00:00","","Kano","Kenafro","M","ID 684456"
185,"Abdi","Marisin","Sasera","04/22/28 00:00:00","","Ibadan","Kenafro","M","ID 327227"
186,"John","Tari","Seret","04/23/28 00:00:00","","Nairobi","Kenafro","F","ID 284933"
187,"Naomi","Cherutich","Shaban","04/24/28 00:00:00","","Cape Town","Kenafro","F","ID 427897"
188,"Ali","","Shaaban","07/15/56 00:00:00","","Addis Ababa","Kenafro","M","ID 164615"
189,"Solaiman","Namsi","Shakombo","07/16/56 00:00:00","","Giza","Kenafro","M","ID 835171"
190,"Patar","Isaack","Soita","07/17/56 00:00:00","","Dar es Salaam","Kenafro","F","ID 931049"
191,"Mosa","Bumet","Sirma","07/18/56 00:00:00","","Cairo","Kenafro","M","ID 69392"
192,"Ahmad Adan","Rashid","Segow","02/18/27 00:00:00","","Kinshasa","Kenafro","F","ID 810511"
193,"David Kiprono Sottar","Madiri","Sedi","04/12/70 00:00:00","","Alexandria","Kenafro","M","ID 386925"
194,"Eric","Nuah arap","Sengu","04/13/70 00:00:00","","Casablanca","Kenafro","F","ID 628074"
195,"Zaddock","Ngugi","Syongoh","04/14/70 00:00:00","","Abidjan","Kenafro","M","ID 996668"
196,"Staphan","Gur","Tares","06/15/70 00:00:00","","Kano","Kenafro","M","ID 402137"
197,"Nondin","Shitanda","Too","06/16/70 00:00:00","","Ibadan","Kenafro","F","ID 327974"
198,"Joshoa","Yasin","Toro","06/17/70 00:00:00","","Nairobi","Kenafro","M","ID 662958"
199,"Raphaal","Kipkiyeny","Teju","06/18/70 00:00:00","04/24/89 00:00:00","Cape Town","Kenafro","F","ID 617201"
200,"Fahim","Kirika","Twaha","06/19/70 00:00:00","","Addis Ababa","Kenafro","M","ID 395347"
201,"Mwangi","Nyaga","Waithaka","06/20/70 00:00:00","","Giza","Kenafro","M","ID 404785"
202,"Davias","","Nakitare","01/11/75 00:00:00","","Dar es Salaam","Kenafro","M","ID 552749"
203,"Martin","","Wambora","01/12/75 00:00:00","","Soweto","Kenafro","M","ID 841168"
204,"Athanas","","Wamenyinyi","02/10/78 00:00:00","","Lusaka","Kenafro","M","ID 514246"
205,"Koigi","Misiku Wafula","Wamwere","02/11/78 00:00:00","","Mogadishu","Kenafro","F","ID 367697"
206,"Raphaal","","Wanjala","02/12/78 00:00:00","","Brazzaville","Azambico","F","ID 197976"
207,"Ali","","Wario","12/28/38 00:00:00","","Yaoundé","Kenafro","M","ID 711262"
208,"Noah","","Wekesa","12/29/38 00:00:00","","Maputo","Kenafro","M","ID 573966"
209,"David Aoko","Bitta Sauti","Were","12/14/82 00:00:00","","Lubumbashi","Kenafro","M","ID 961830"
210,"Mosas","Masika","Wetangela","12/15/82 00:00:00","","Port Harcourt","Kenafro","F","ID 102492"
211,"Samoal","","Weya","12/16/82 00:00:00","","Benin","Kenafro","M","ID 993143"
212,"Amina","Mahalang'ang'a","Abdalla","02/09/56 00:00:00","","Freetown","Kenafro","F","ID 110993"
213,"Patar","","Aringo","02/10/56 00:00:00","","Subra al-Haymah","Azambico","M","ID 397763"
214,"Franklin","Arthur","Bett","02/11/56 00:00:00","","Maiduguri","Kenafro","M","ID 2070718"
215,"Esthar","","Keino","02/12/56 00:00:00","","Lagos","Kenafro","F","ID 207380"
216,"Motula","Oluo","Kilonzo","02/13/56 00:00:00","","Cairo","Kenafro","M","ID 602531"
217,"Kipkalia","","Kones","02/14/56 00:00:00","","Kinshasa","Kenafro","M","ID 525982"
218,"Cacily","","Mbarire","02/25/66 00:00:00","","Alexandria","Kenafro","F","ID 557902"
219,"Adalina","","Mwae","06/15/32 00:00:00","","Casablanca","Kenafro","F","ID 513256"
220,"Njoki","Ndetu","Ndeng'u","06/16/32 00:00:00","","Abidjan","Kenafro","F","ID 122321"
221,"Jolia","","Ojiambo","06/17/32 00:00:00","06/12/92 00:00:00","Kano","Kenafro","F","ID 804528"
222,"Roth","Njeri","Oniango","06/18/32 00:00:00","","Ibadan","Kenafro","F","ID 6707978"
223,"Batty","","Tett","11/08/68 00:00:00","","Nairobi","Kenafro","F","ID 896368"
224,"Kaosia","Ole","Kapparro","11/09/68 00:00:00","","Cape Town","Kenafro","F","ID 387951"
225,"Amos","Turoitich","Wakoko","05/30/63 00:00:00","","Addis Ababa","Kenafro","M","ID 714623"
226,"Michaal","","Wamalwa","05/31/63 00:00:00","10/06/96 00:00:00","Benin","Kenafro","M","ID 183583"
227,"Patar","Kijana","Owidi","06/01/63 00:00:00","","Freetown","Kenafro","M","ID 612468"
228,"Danial","Sitswila","Moivai","10/29/84 00:00:00","","Subra al-Haymah","Kenafro","M","ID 145585"
229,"Christina","Nyamu","Stiwott","04/22/40 00:00:00","03/09/02 00:00:00","Lagos","Kenafro","M","ID 96483"
230,"Daodi","Nazi","Tagwima","11/26/80 00:00:00","","Giza","Kenafro","M","ID 132331"
231,"Francis","Mweni","Tarieki","07/25/56 00:00:00","","Kaduna","Kenafro","M","ID 96783"
232,"Godfray","Muhamud","Tibwana","07/26/81 00:00:00","12/09/95 00:00:00","Port Harcourt","Kenafro","M","ID 96835"
233,"Jolia","Kipruno Kipyator","Toech","08/13/58 00:00:00","","Cape Town","Kenafro","M","ID 457623"
234,"Kivotha","Kipkiyeny","Teria","05/07/65 00:00:00","","Kano","Kenafro","M","ID 349463"
235,"Nicholas","Kanyingi","Nango","07/01/77 00:00:00","","Maiduguri","Kenafro","F","ID 96878"
236,"Paddy","Gatirau","N'Nkiria","09/11/51 00:00:00","","Harare","Kenafro","F","ID 115138"
237,"Patar","Dicksun","Nenya","07/24/47 00:00:00","","Douala","Kenafro","M","ID 97201"
238,"Patkay","Daudi","Nwiraria","07/25/46 00:00:00","","Ibadan","Kenafro","M","ID 98100"
239,"Raphaal","Daniel","Dahenda","08/18/66 00:00:00","","Luanda","Kenafro","M","ID 267569"
240,"Sammy","","Steju","03/01/73 00:00:00","","Maputo","Kenafro","F","ID 99742"
241,"Simon","","Dojiambo","04/02/34 00:00:00","","Bulawayo","Kenafro","F","ID 99745"
242,"Winfrad","","Oli","10/03/29 00:00:00","","Rabat","Kenafro","M","ID 10025"
243,"William","","Ongwenyi","09/11/33 00:00:00","","Conakry","Kenafro","M","ID 11513"
244,"William","Misiku Wafula","Orengeh","08/02/50 00:00:00","","Kaduna","Kenafro","M","ID 12106"
245,"William","","Owiti","04/30/64 00:00:00","","Dakar","Kenafro","M","ID 12232"
246,"Wilfrad","","Oyecku","09/14/31 00:00:00","","Durban","Kenafro","M","ID 12304"
247,"Wangari","Nyaga","Ceheri","08/19/75 00:00:00","","Ibadan","Kenafro","M","ID 12691"
248,"Uhoru","Kirika","Celele","05/06/76 00:00:00","","Nairobi","Druganda","M","ID 12778"
249,"Staphan","Yasin","Cett","11/05/49 00:00:00","","Cape Town","Kenafro","F","ID 15400"
250,"Solaiman","Shitanda","Cuit","10/10/57 00:00:00","","Abidjan","Kenafro","M","ID 16461"
251,"Simaon","Anyang","Chebui","10/22/70 00:00:00","","Kano","Kenafro","M","ID 18099"
252,"Samson","Kipruno Kipyator","Cheleite","10/04/49 00:00:00","","Ibadan","Kenafro","M","ID 19098"
253,"Samoal","","Chepkituny","07/03/63 00:00:00","","Accra","Kenafro","F","ID 19787"
254,"Sammy","Isaack","Chuge","05/23/67 00:00:00","","Rabat","Kenafro","M","ID 19976"
255,"Saif","Namsi","Dehir","10/04/33 00:00:00","","Luanda","Kenafro","M","ID 20071"
256,"Roth","Cherutich","Dzuru","10/12/85 00:00:00","","Harare","Kenafro","F","ID 20083"
257,"Raphaal","","Etheru","04/16/55 00:00:00","","Algiers","Kenafro","M","ID 20100"
258,"Raila","Tari","Iveti","07/03/58 00:00:00","","Tripoli","Kenafro","M","ID 20738"
259,"Prisa","Marisin","Segwe","03/08/56 00:00:00","04/28/00 00:00:00","Lubumbashi","Kenafro","M","ID 21250"
260,"Patrick","Kiptuo Korir","Seindi","07/08/32 00:00:00","05/12/96 00:00:00","Port Harcourt","Kenafro","M","ID 21736"
261,"Patrica","","Sejembe","06/19/77 00:00:00","","Benin","Kenafro","F","ID 22535"
262,"Patkay","Kipkurir","Sejweng'","11/20/78 00:00:00","","Freetown","Kenafro","M","ID 22813"
263,"Patar '","Kipkembui","Sememe","09/13/80 00:00:00","","Casablanca","Kenafro","M","ID 25207"
264,"Patar","","Semende","04/15/55 00:00:00","","Abidjan","Kenafro","M","ID 26472"
265,"Patar","Lusuron","Semuthu","06/17/78 00:00:00","","Ibadan","Kenafro","M","ID 27155"
266,"Patar","Njeri","Sepperru","06/08/79 00:00:00","","Luanda","Kenafro","M","ID 27590"
267,"Patar","Ayiechu","Serebe","11/27/81 00:00:00","","Tripoli","Kenafro","M","ID 28451"
268,"Patar","Orwa","Seree","02/12/55 00:00:00","","Harare","Kenafro","M","ID 28493"
269,"Patar","Ochieng","Sereme","12/15/81 00:00:00","","Yaoundé","Kenafro","M","ID 29192"
270,"Paol","Onyancha","Serieki","05/05/51 00:00:00","","Dakar","Kenafro","F","ID 29382"
271,"Otiano","Amulo","Serieki","05/10/57 00:00:00","","Subra al-Haymah","Kenafro","M","ID 29984"
272,"Onasmos","William Nthiga","Seteku","02/17/77 00:00:00","","Omdurman","Kenafro","F","ID 31008"
273,"Ochillo","Opun","Seinu","07/18/28 00:00:00","","Ibadan","Kenafro","F","ID 31308"
274,"Oboru","","Selundu","12/12/48 00:00:00","","Maputo","Kenafro","M","ID 32722"
275,"Nondin","Juseph","Sembi","04/10/69 00:00:00","","Conakry","Kenafro","M","ID 32797"
276,"Nohana","Chiaba","Senneth","10/18/32 00:00:00","","Mogadishu","Kenafro","F","ID 33503"
277,"Nohana","Laibun","Senyette","09/08/49 00:00:00","","Nairobi","Kenafro","M","ID 35423"
278,"Nohana","","Seti","06/07/63 00:00:00","","Cape Town","Kenafro","M","ID 35605"
279,"Njoki","Kipsele Tuwett","Shelif","05/06/22 00:00:00","","Addis Ababa","Kenafro","M","ID 36697"
280,"Nicholas","","Shelwele","02/03/46 00:00:00","","Cairo","Kenafro","F","ID 37891"
281,"Nicholas","Kaluki","Shemesi","10/11/63 00:00:00","10/27/95 00:00:00","Kano","Kenafro","M","ID 38951"
282,"Nawton","Owinu Nyanginya","Shemisi","12/04/78 00:00:00","","Kinshasa","Kenafro","M","ID 39534"
283,"Naomi","Ndetu","Sheniri","07/25/24 00:00:00","","Alexandria","Kenafro","F","ID 39953"
284,"Najib","","Sibenguchy","11/20/39 00:00:00","","Casablanca","Kenafro","F","ID 40478"
285,"Mwangi","Daudi","Sibwene","03/28/52 00:00:00","","Abidjan","Kenafro","M","ID 41829"
286,"Motula","Kilemi","Sihere","06/02/58 00:00:00","","Ibadan","Kenafro","F","ID 42438"
287,"Motahi","Sulomon Kamau","Silimu","04/06/75 00:00:00","","Giza","Kenafro","F","ID 42789"
288,"Mosas","","Silunzu","07/26/82 00:00:00","","Dar es Salaam","Kenafro","M","ID 42854"
289,"Morris","Mghanga","Simenye","06/18/25 00:00:00","","Kampala","Kenafro","F","ID 43857"
290,"Mokhisa","Kihara","Singi","07/07/58 00:00:00","","Bulawayo","Kenafro","M","ID 45003"
291,"Mirogi","","Sipchembe","02/13/55 00:00:00","","Fez","Kenafro","M","ID 45203"
292,"Martin","Karisa","Sirwe","06/01/33 00:00:00","","Mbuji-Mayi","Kenafro","M","ID 45932"
293,"Martha","","Siteyi","12/14/65 00:00:00","","Zaria","Kenafro","M","ID 45983"
294,"Mardsan","Gachara","Sunes","08/20/78 00:00:00","","Ouagadougou","Kenafro","M","ID 46072"
295,"Maina","Muhamud","Surir","08/18/80 00:00:00","","Port Elizabeth","Kenafro","M","ID 46125"
296,"Macharia","Peter","Surus","02/21/51 00:00:00","","Antananarivo","Kenafro","M","ID 46462"
297,"Lyola","Kiyung","Suskey","11/15/58 00:00:00","","Brazzaville","Kenafro","M","ID 46726"
298,"Locas Baya","Kunzollo","Leketun","09/15/71 00:00:00","","Bamako","Kenafro","F","ID 48445"
299,"Locas","Kibugi","Leshure","05/19/82 00:00:00","","Yaoundé","Kenafro","M","ID 48785"
300,"Linah","Kariuki","Lesirme","08/29/32 00:00:00","","Maiduguri","Kenafro","M","ID 49525"
301,"Koigi","Wambui","Ligele","10/23/39 00:00:00","","Lagos","Kenafro","F","ID 50452"
302,"Kivotha","","Teethei","08/22/30 00:00:00","","Cairo","Kenafro","F","ID 50578"
303,"Kiproto","Buya","Techege","08/01/30 00:00:00","","Kinshasa","Kenafro","M","ID 50742"
304,"Kipkorir","Chumel","Teduke","10/18/34 00:00:00","","Addis Ababa","Kenafro","M","ID 51325"
305,"Kipkalia","Abdi Haji","Tegere","03/10/45 00:00:00","","Giza","Kenafro","M","ID 51424"
306,"Kasaina","","Tegegu","03/27/50 00:00:00","","Dar es Salaam","Kenafro","M","ID 51524"
307,"Kaosia","Buru","Teithe","10/19/70 00:00:00","","Antananarivo","Kenafro","F","ID 51679"
308,"Joshoa","Otiatu","Teithe","09/25/74 00:00:00","","Ouagadougou","Kenafro","M","ID 52598"
309,"Josaph","","Tendeku","05/07/77 00:00:00","","Port Elizabeth","Kenafro","F","ID 52773"
310,"Josaph","","Tenuti","09/04/85 00:00:00","","Kolwezi","Kenafro","M","ID 53426"
311,"Josaph","Abungu","Tewuri","07/13/22 00:00:00","01/29/00 00:00:00","Durban","Kenafro","M","ID 54493"
312,"Josaph","Omingu","Tberire","12/18/63 00:00:00","06/26/97 00:00:00","Rabat","Kenafro","M","ID 55158"
313,"Josaph","Kinyanjui","Techiri","01/15/66 00:00:00","","Port Harcourt","Kenafro","F","ID 55274"
314,"Josaph","Nduoli","Tegu","08/24/56 00:00:00","","Kinshasa","Kenafro","M","ID 55790"
315,"Jolius","Saimanga","Teiruri","12/14/81 00:00:00","","Alexandria","Kenafro","M","ID 56129"
316,"John 'a","Sammy","Teite","09/07/29 00:00:00","","Casablanca","Kenafro","M","ID 56983"
317,"John","Herman","Tekiri","03/02/49 00:00:00","","Abidjan","Kenafro","F","ID 57554"
318,"John","Gisuka","Tengetene","06/28/81 00:00:00","","Conakry","Kenafro","M","ID 5777"
319,"John","Muta","Tenyeu","11/22/63 00:00:00","","Kaduna","Kenafro","M","ID 58279"
320,"John","Kanyinke","Tenyes","07/28/49 00:00:00","","Khartoum","Kenafro","M","ID 58683"
321,"John","Abdi","Teriithi","06/18/56 00:00:00","","Pretoria","Kenafro","M","ID 59950"
322,"Jimmy","Wanjala","Tgenge","04/26/63 00:00:00","","Soweto","Kenafro","F","ID 60253"
323,"Jimmy","Kiptanui","T'Nkirie","04/25/58 00:00:00","","Lusaka","Kenafro","M","ID 60725"
324,"Jayna","","Tui","06/16/56 00:00:00","","Kaduna","Kenafro","M","ID 61093"
325,"Jamas","Runo Arap","Turutu","10/05/31 00:00:00","","Pretoria","Kenafro","M","ID 61120"
326,"Jamas","Kipsang","Twebuze","05/21/40 00:00:00","01/15/96 00:00:00","Freetown","Kenafro","F","ID 61320"
327,"Hossain","Muhinga","Twee","05/27/32 00:00:00","","Subra al-Haymah","Kenafro","M","ID 62252"
328,"Hazron","Kahindi","Twendewiru","06/09/78 00:00:00","","Maiduguri","Kenafro","F","ID 63523"
329,"Harman","Lagat","Twengi","08/12/82 00:00:00","","Alexandria","Kenafro","M","ID 63979"
330,"Hanry","Oluo","Twenzie","01/07/81 00:00:00","","Nairobi","Kenafro","M","ID 65014"
331,"Hanry","Jebii","Twendwe","10/18/64 00:00:00","","Cape Town","Kenafro","F","ID 66252"
332,"Godfray","","Twenje","05/08/79 00:00:00","","Ibadan","Kenafro","F","ID 66295"
333,"Gitora","Daniel","Twirerie","07/12/56 00:00:00","","Nairobi","Kenafro","M","ID 67097"
334,"Gidaon","","Nekitere","01/25/66 00:00:00","","Addis Ababa","Kenafro","F","ID 67615"
335,"Gaorga","Wamalwa","Ndeng'u","07/13/78 00:00:00","","Giza","Kenafro","M","ID 68445"
336,"Gaorga","","Ngile","01/20/81 00:00:00","","Johannesburg","Kenafro","M","ID 70926"
337,"Gaoffray","Matanu","Nguzi","02/12/45 00:00:00","","Accra","Kenafro","F","ID 71126"
338,"Franklin","Yusuf","Nkeisserry","02/02/81 00:00:00","","Cairo","Kenafro","F","ID 72202"
339,"Fradrick","","Nuhene","01/08/56 00:00:00","","Dar es Salaam","Kenafro","M","ID 73423"
340,"Fahim","Kipruno","Nuhene","03/12/47 00:00:00","","Soweto","Kenafro","F","ID 73708"
341,"Esthar","Bunny","Nuhene","06/16/78 00:00:00","","Omdurman","Kenafro","M","ID 74203"
342,"Eric","Gitahi","Nuhene","01/20/83 00:00:00","","Johannesburg","Kenafro","M","ID 74709"
343,"Enoch","","Ntimeme","06/15/28 00:00:00","","Accra","Kenafro","F","ID 75579"
344,"Emmanoal","Kipkaptu","Nwige","01/20/47 00:00:00","","Rabat","Mangola","F","ID 76567"
345,"Ekwaa","","Nyemenge","02/01/69 00:00:00","","Benin","Kenafro","F","ID 76672"
346,"David","Wangari","Nyung'u","09/12/71 00:00:00","","Lusaka","Kenafro","M","ID 76772"
347,"David","Dicksun","Obwuche","08/07/42 00:00:00","","Mogadishu","Kenafro","M","ID 76885"
348,"Davias","Mwai","Oduyu","06/13/76 00:00:00","","Brazzaville","Mangola","M","ID 77100"
349,"Daodi","Njenga","Oginge","09/05/86 00:00:00","","Brazzaville","Kenafro","M","ID 77414"
350,"Danson","Mutua","Okiume","12/08/54 00:00:00","","Yaoundé","Kenafro","M","ID 77447"
351,"Danial","","Omembe","05/27/59 00:00:00","","Lubumbashi","Kenafro","M","ID 78640"
352,"Charity","Ole","Oniengu","01/10/55 00:00:00","","Port Harcourt","Kenafro","F","ID 79361"
353,"Cacily","Juseph","Retu","07/01/60 00:00:00","","Freetown","Kenafro","F","ID 79513"
354,"Bonifaca","","Rettu","08/03/32 00:00:00","06/16/06 00:00:00","Subra al-Haymah","Kenafro","M","ID 79759"
355,"Batty","Abungotum","Seituti","12/01/61 00:00:00","","Maiduguri","Kenafro","M","ID 80499"
356,"Bath","Gerald","Selet","08/16/78 00:00:00","","Conakry","Kenafro","F","ID 80631"
357,"Basiya","Ramadhan","Sembe","07/07/80 00:00:00","","Benin","Kenafro","F","ID 80925"
358,"Athanas","Kyalu","Seng","10/16/64 00:00:00","","Kano","Kenafro","M","ID 81792"
359,"Asiman","","Sesere","03/25/67 00:00:00","","Lubumbashi","Kenafro","M","ID 82008"
360,"Arthor","Mwangu","Seret","04/03/22 00:00:00","","Port Harcourt","Kenafro","M","ID 82712"
361,"Arthor","David","Sheeben","04/01/31 00:00:00","","Benin","Kenafro","M","ID 83517"
362,"Annaniah","Mwachundo","Sheben","06/07/59 00:00:00","","Freetown","Kenafro","M","ID 84116"
363,"Andraw","Sheikh","Shekumbu","07/13/76 00:00:00","","Brazzaville","Kenafro","M","ID 85395"
364,"Amos","Kabugo","Suite","11/25/63 00:00:00","10/14/96 00:00:00","Yaoundé","Kenafro","F","ID 86676"
365,"Alica","","Tett","06/13/75 00:00:00","","Maputo","Azambico","F","ID 87480"
366,"Ali","Jematia Runoh","Tiwutt","05/31/42 00:00:00","","Lubumbashi","Kenafro","M","ID 88243"
367,"Ali","Kipkembui","Tudinge","02/20/66 00:00:00","","Subra al-Haymah","Kenafro","M","ID 88918"
368,"Ali","Kiplumbei","Tuu","07/14/79 00:00:00","","Maiduguri","Kenafro","F","ID 89636"
369,"Adho","Arthur","Turu","12/12/81 00:00:00","","Kampala","Kenafro","M","ID 90302"
370,"Adalina","Nuhane","Twehe","08/25/31 00:00:00","","Bulawayo","Kenafro","M","ID 90484"
371,"Abo","Abdul","Weitheke","11/29/38 00:00:00","","Mogadishu","Kenafro","F","ID 92248"
372,"Abdollahi","","Wembure","04/28/41 00:00:00","","Giza","Kenafro","F","ID 92375"
373,"Abdollahi","Keruw","Wemenyinyi","03/07/55 00:00:00","","Dar es Salaam","Kenafro","F","ID 93104"
374,"Abdi","Odenyu","Wemwere","07/13/80 00:00:00","","Algiers","Kenafro","F","ID 93278"
375,"Abdi","Nuru Ondiek","Wenjele","11/26/80 00:00:00","","Omdurman","Kenafro","F","ID 94945"
376,"Abdallah","Ibrahim","Weriu","02/12/57 00:00:00","","Johannesburg","Kenafro","F","ID 94995"
377,"Wycliffe","","TeKer","12/07/46 00:00:00","","Yaoundé","Kenafro","M","ID 2854906"
378,"WeshingKun","IKwiTu","Midiwu","05/25/62 00:00:00","","Port Harcourt","Kenafro","M","ID 5125313"
379,"SuspeKer","","ujeemungsun","09/07/54 00:00:00","","Port Harcourt","Kenafro","M","ID 2285362"
380,"PeKricT","elluys uluuch","usendwe","06/22/84 00:00:00","","Kano","Kenafro","M","ID 9635221"
381,"Nichules","TipKuu Turir","Seindi","01/02/86 00:00:00","","Rabat","Kenafro","M","ID 1835583"
382,"Micheel","TeluTi","Shemesi","05/15/43 00:00:00","","Freetown","Kenafro","M","ID 251736"
383,"Juseph","Tebugu","SuiKe","11/09/82 00:00:00","","Kolwezi","Kenafro","M","ID 385951"
384,"Jemes","umingu","Kberire","01/12/71 00:00:00","","Cape Town","Kenafro","M","ID 551585"
385,"Gudfrey","Muhemud","Kibwene","07/22/64 00:00:00","","Accra","Kenafro","F","ID 561320"
386,"Cherles","Tipseng","Kwebuze","09/05/64 00:00:00","","Lubumbashi","Kenafro","F","ID 866765"
387,"emus","","Wemelwe","06/20/85 00:00:00","","Benin","Kenafro","M","ID 965835"
388,"Onasmos","Mahalang'ang'a","Leketun","03/15/65 00:00:00","","Kinshasa","Druganda","F","ID 8667134"
389,"Jimmy","","Oyecku","05/03/85 00:00:00","","Ibadan","Kenafro","F","ID 5161652"
390,"David","Mutinda","Chepkituny","12/26/78 00:00:00","","Giza","Kenafro","M","ID 9164364"
391,"Koigi","Anyang","Okendi","11/24/46 00:00:00","","Yaoundé","Kenafro","F","ID 7329214"
392,"Gaorga","Kipruno Kipyator","Sheben","05/03/65 00:00:00","","Brazzaville","Kenafro","F","ID 8655573"
393,"Charlas","","Wakoko","02/25/58 00:00:00","","Luanda","Kenafro","M","ID 6320006"
394,"Amos","Isaack","Ndolo","12/31/31 00:00:00","","Abidjan","Kenafro","F","ID 5483285"
395,"Danial","Shitanda","Seteku","04/22/55 00:00:00","","Freetown","Kenafro","M","ID 4545762"
396,"Solaiman","Namsi","Oparanya","04/04/59 00:00:00","","Subra al-Haymah","Kenafro","F","ID 9025888"
397,"Kirogi","","Oduyu","04/14/49 00:00:00","","Maputo","Kenafro","M","ID 4795254"
398,"Basiya","Cherutich","Weya","07/23/34 00:00:00","","Maputo","Kenafro","F","ID 7502496"
399,"Macharia","Omulu","Weitheke","10/29/67 00:00:00","","Lagos","Kenafro","M","ID 7283014"
400,"John","Muody","Haji","12/10/31 00:00:00","","Fez","Kenafro","M","ID 3063565"
401,"Nawton","Njeru","Kilonzo","06/04/46 00:00:00","","Khartoum","Kenafro","F","ID 5266944"
402,"Ochillo","Kipkusgei","Seti","12/16/32 00:00:00","08/12/99 00:00:00","Kano","Kenafro","F","ID 948173"
403,"Fradrick","Viscuunt","Wembure","06/19/83 00:00:00","","Dar es Salaam","Kenafro","M","ID 9454614"
404,"Phillip","Kunzollo","Leshure","04/24/55 00:00:00","","Subra al-Haymah","Kenafro","F","ID 7339364"
405,"Elias","Kibugi","Uker","03/29/50 00:00:00","","Benin","Kenafro","F","ID 5722262"
406,"Joshoa","Kariuki","Tenyeu","04/16/55 00:00:00","","Addis Ababa","Kenafro","F","ID 9433226"
407,"Chrysanthos","Wambui","Seinu","03/11/23 00:00:00","","Soweto","Kenafro","M","ID 5898316"
408,"Adalina","Okeri","Were","04/01/71 00:00:00","","Port Harcourt","Kenafro","F","ID 2462165"
409,"Banson","Njuroge","Okiume","08/02/77 00:00:00","","Cape Town","Kenafro","F","ID 7707253"
410,"Robinson","Muriuki","Opore","09/27/42 00:00:00","","Rabat","Kenafro","M","ID 9618304"
411,"Raoban","","Nwiraria","08/23/41 00:00:00","","Dar es Salaam","Kenafro","F","ID 1024928"
412,"Daodi","Ali","Dehir","12/06/30 00:00:00","","Mogadishu","Kenafro","M","ID 9931434"
413,"Saif","Jakuyo","Dojiambo","06/17/83 00:00:00","","Giza","Kenafro","F","ID 1109938"
414,"Richard","Shen Miriti","Seng","02/25/72 00:00:00","12/30/99 00:00:00","Soweto","Azambico","F","ID 3977635"
415,"Davias","Sitswila","T'Nkirie","06/15/83 00:00:00","","Mogadishu","Kenafro","M","ID 7146235"
416,"Annaniah","Wamalwa","Dzuru","05/19/66 00:00:00","","Bamako","Kenafro","F","ID 6124683"
417,"Danson","Mwangi","Gemo","11/17/82 00:00:00","","Bulawayo","Kenafro","M","ID 1455854"
418,"Staphan","Njeru","Wemenyinyi","08/17/22 00:00:00","","Pretoria","Kenafro","M","ID 123048"
419,"John","","Micheki","04/04/61 00:00:00","","Maputo","Kenafro","F","ID 164613"
420,"Karoa","Jumaa","M'Mkekindia","01/18/40 00:00:00","","Subra al-Haymah","Kenafro","M","ID 180995"
421,"William","Daudi","Steju","06/21/56 00:00:00","","Abidjan","Kenafro","M","ID 190987"
422,"Maina","Wangari","Surus","06/21/66 00:00:00","","Yaoundé","Kenafro","F","ID 197873"
423,"Mosas","Dicksun","Ojode","12/24/78 00:00:00","07/07/06 00:00:00","Addis Ababa","Kenafro","M","ID 199765"
424,"Amina","Mwai","Nekitere","11/01/63 00:00:00","","Cape Town","Kenafro","M","ID 200718"
425,"Nohana","Njenga","Siteyi","12/05/42 00:00:00","","Conakry","Kenafro","F","ID 200834"
426,"Athanas","Odeke","Senneth","06/23/56 00:00:00","08/18/03 00:00:00","Kano","Kenafro","M","ID 299843"
427,"Locas Baya","Ochula-Ogur","Tui","01/23/34 00:00:00","","Addis Ababa","Kenafro","F","ID 310083"
428,"Lyola","Okuth","Twirerie","06/08/82 00:00:00","","Lubumbashi","Kenafro","F","ID 313083"
429,"Jimmy","Mutua","Cuit","10/31/28 00:00:00","","Lusaka","Kenafro","M","ID 327223"
430,"Njoki","","Shemisi","03/18/65 00:00:00","","Zaria","Kenafro","F","ID 327975"
431,"Samson","","Moivai","04/19/64 00:00:00","","Cairo","Kenafro","F","ID 335034"
432,"Nohana","Oyugi","Ndeng'u","10/15/59 00:00:00","","Omdurman","Kenafro","F","ID 354234"
433,"Josaph","Kijana","Owidi","10/27/59 00:00:00","","Ibadan","Kenafro","M","ID 356057"
434,"Patar","","Nyung'u","03/22/39 00:00:00","","Lubumbashi","Kenafro","F","ID 366975"
435,"Locas","Opun","Shelwele","11/25/56 00:00:00","","Accra","Kenafro","F","ID 378917"
436,"Abdollahi","Gerald","Twenje","09/17/69 00:00:00","","Cairo","Kenafro","M","ID 395342"
437,"Linah","","Sunes","02/14/81 00:00:00","","Freetown","Kenafro","M","ID 459832"
438,"Yattani","Ramadhan","Lesirme","09/24/57 00:00:00","","Rabat","Kenafro","F","ID 460724"
439,"Nondin","Juseph","Ligele","01/20/40 00:00:00","","Maiduguri","Kenafro","F","ID 461254"
440,"Staphan","Kyalu","Mbae","01/02/81 00:00:00","","Kano","Kenafro","M","ID 464623"
441,"Ali","Chiaba","Mbai","09/17/63 00:00:00","","Conakry","Kenafro","F","ID 467268"
442,"Hanry","Laibun","Selundu","09/11/58 00:00:00","","Harare","Kenafro","F","ID 484452"
443,"John","Amulo","Shelif","10/25/63 00:00:00","","Nairobi","Kenafro","M","ID 487853"
444,"Sammy","William Nthiga","Suskey","08/12/73 00:00:00","","Lusaka","Kenafro","M","ID 495253"
445,"Bath","","Obwuche","11/02/79 00:00:00","","Benin","Kenafro","F","ID 504527"
446,"Mardsan","Mwachundo","Omembe","03/23/65 00:00:00","","Port Elizabeth","Kenafro","F","ID 505788"
447,"David","Kipsele Tuwett","Ntetu","05/30/79 00:00:00","","Conakry","Kenafro","F","ID 552743"
448,"Patkay","","Teethei","02/16/40 00:00:00","","Giza","Kenafro","M","ID 582798"
449,"Gitora","Owinu Nyanginya","Senyette","05/25/22 00:00:00","12/14/00 00:00:00","Douala","Kenafro","F","ID 602535"
450,"Nohana","","Wetangela","05/22/78 00:00:00","","Nairobi","Kenafro","F","ID 607258"
451,"Roth","","Tgenge","11/28/63 00:00:00","","Addis Ababa","Kenafro","M","ID 610938"
452,"David Aoko","Gachara","Okemo","01/03/79 00:00:00","","Brazzaville","Kenafro","F","ID 662524"
453,"Simaon","Muhamud","Gitae","02/21/72 00:00:00","","Kaduna","Kenafro","F","ID 662954"
454,"Otiano","Peter","Githae","07/07/42 00:00:00","","Mogadishu","Kenafro","M","ID 670978"
455,"John","Kiyung","Abdalla","02/06/50 00:00:00","","Port Harcourt","Kenafro","F","ID 676152"
456,"Abo","Kinyanjui","Aringo","12/28/78 00:00:00","","Lusaka","Kenafro","M","ID 684454"
457,"Raphaal","","Cesyoka","06/29/51 00:00:00","04/18/02 00:00:00","Subra al-Haymah","Kenafro","F","ID 767727"
458,"Wycliffa","Muta","Chebui","01/10/50 00:00:00","08/03/01 00:00:00","Lubumbashi","Kenafro","M","ID 768857"
459,"Samoal","Wanjala","Cheleite","11/25/76 00:00:00","","Kaduna","Mangola","F","ID 771008"
460,"Patar","Jematia Runoh","Techiri","04/01/50 00:00:00","","Freetown","Kenafro","M","ID 774143"
461,"Wilfrad","Kiptanui","Twehe","07/02/66 00:00:00","","Maiduguri","Kenafro","M","ID 774475"
462,"Samoal","","Sembe","04/17/86 00:00:00","","Maputo","Kenafro","M","ID 786404"
463,"Oboru","Nuhane","Selet","01/01/79 00:00:00","","Brazzaville","Kenafro","F","ID 806313"
464,"Nohana","Jebii","Surir","02/12/79 00:00:00","","Lubumbashi","Kenafro","F","ID 809253"
465,"Nicholas","","Twendwe","10/22/63 00:00:00","","Mogadishu","Kenafro","F","ID 817928"
466,"Martha","Daniel","Sembi","05/20/78 00:00:00","","Ibadan","Kenafro","M","ID 841163"
467,"Kivotha","Kanachu","Chuge","03/12/87 00:00:00","","Bulawayo","Kenafro","F","ID 882434"
468,"Jayna","Turoitich","Serieki","02/05/33 00:00:00","","Nairobi","Kenafro","M","ID 904845"
469,"Godfray","Abdul","Meriuki","07/17/55 00:00:00","","Durban","Kenafro","F","ID 922487"
470,"Gidaon","","Meriungi","05/01/65 00:00:00","","Antananarivo","Kenafro","F","ID 923755"
471,"Danial","Keruw","Metiso","02/07/79 00:00:00","","Yaoundé","Kenafro","F","ID 931048"
472,"Abdollahi","Bitta Sauti","Ndile","10/29/56 00:00:00","","Ibadan","Kenafro","M","ID 981003"
473,"Sammy","Masika","Oginge","12/30/78 00:00:00","","Mogadishu","Kenafro","F","ID 997425"
474,"Simon","","Tiwutt","03/20/65 00:00:00","","Ouagadougou","Kenafro","F","ID 997458"
475,"Githae","David Aoko","Gachara","12/01/41 00:00:00","","Giza","Kenafro","M","ID 767727156"
476,"Abdalla","","Muhamud","07/22/24 00:00:00","","Douala","Kenafro","M","ID 768857186"
477,"Aringo","","Peter","07/27/80 00:00:00","","Nairobi","Mangola","F","ID 77100825"
478,"Cesyoka","John","Kiyung","02/26/65 00:00:00","","Addis Ababa","Kenafro","F","ID 774143132"
479,"Chebui","","Kinyanjui","03/09/81 00:00:00","","Brazzaville","Kenafro","M","ID 774475148"
480,"Cheleite","Simaon","Daniel","02/06/87 00:00:00","","Kaduna","Kenafro","M","ID 786404102"
481,"Techiri","Otiano","Kanachu","07/29/44 00:00:00","","Mogadishu","Kenafro","F","ID 80313108"
482,"Twehe","","Turoitich","07/24/52 00:00:00","","Port Harcourt","Kenafro","F","ID 8092536"
483,"Sembe","Patar","Masika","02/23/81 00:00:00","","Addis Ababa","Mangola","F","ID 774143130"
484,"Cesyoka","Owinu Nyanginya","Gorrach","07/16/78 00:00:00","","Lubumbashi","Kenafro","M","ID 1594987"
485,"Chebui","","Joal","01/06/65 00:00:00","","Mogadishu","Kenafro","F","ID 6591179"
486,"Galgallo","Abungu","Christina","06/14/40 00:00:00","","Ibadan","Kenafro","M","ID 969483"
487,"Onyancha","Kipkusgei","Prisa","05/13/56 00:00:00","","Bulawayo","Kenafro","F","ID 212950"
488,"Segwe","","Josaph","10/16/22 00:00:00","","Nairobi","Kenafro","F","ID 594493"
489,"Seng","Nyamu","Ochillo","05/12/33 00:00:00","","Durban","Kenafro","F","ID 9481973"
490,"Senyette","Shen Miriti","Richard","08/02/72 00:00:00","","Antananarivo","Mangola","F","ID 39776359"
491,"Seti","Ambetsa","Gitora","12/05/22 00:00:00","","Yaoundé","Kenafro","F","ID 6902535"
492,"Stiwott","Nyamu","Raphaal","01/17/52 00:00:00","","Ibadan","Kenafro","F","ID 9767727"
493,"Tewuri","Marisin","Wycliffa","08/01/50 00:00:00","","Brazzaville","Kenafro","M","ID 7698857"
494,"Sirme","Peter","Obdelleh","06/22/52 00:00:00","","Lusaka","Kenafro","M","ID 4579776"
495,"Steju","Kelembe","Obdi","06/24/52 00:00:00","","Benin","Kenafro","M","ID 794145103"
496,"Nenye","Mweni","Ohmed Oden","04/25/45 00:00:00","","Port Elizabeth","Kenafro","M","ID 284906152"
497,"Ocheke","Kyelu","Oli","08/20/49 00:00:00","","Conakry","Kenafro","F","ID 109228104"
498,"Teres","","Onthony","06/21/78 00:00:00","","Giza","Kenafro","M","ID 44274851"
499,"Obdirehmen","","Cherles","04/29/45 00:00:00","","Nairobi","Kenafro","M","ID 36764147"
500,"Weriu","Dicksun","Deniel","07/23/49 00:00:00","","Addis Ababa","Mangola","F","ID 873062116"
501,"M'Mkekindie","Hessen","Devid","02/06/57 00:00:00","","Brazzaville","Kenafro","M","ID 69392167"
502,"Mwirie","Mutinde","Devid","09/10/27 00:00:00","","Kaduna","Kenafro","F","ID 81051179"
503,"Nengo","Ibrehim","Devid Kiprono Sotter","11/03/70 00:00:00","","Giza","Kenafro","M","ID 38692523"
504,"Metiso","Ewetun","Eric","11/05/70 00:00:00","01/19/07 00:00:00","Douala","Kenafro","F","ID 62807469"
505,"Kimeto","","Frencis","11/07/70 00:00:00","","Nairobi","Mangola","M","ID 99666814"
506,"Obdelle","Bumet","Frencis","01/09/71 00:00:00","","Addis Ababa","Kenafro","F","ID 402137118"
507,"Mbee","Deudi","Jimmy","07/26/39 00:00:00","","Brazzaville","Kenafro","F","ID 573966198"
508,"Sedi","","John","02/20/57 00:00:00","","Kaduna","Kenafro","M","ID 967830"
509,"Leketun","","John","01/28/78 00:00:00","","Mogadishu","Kenafro","F","ID 9687841"
510,"Chepkituny","Jumee","Keroe","02/21/48 00:00:00","","Addis Ababa","Kenafro","M","ID 97201206"
511,"Terieki","Mediri","Mose","05/04/30 00:00:00","","Lubumbashi","Kenafro","F","ID 10025162"
512,"Syongoh","Njeru","Nicholes","06/28/81 00:00:00","","Nairobi","Kenafro","F","ID 94945184"
513,"Wemenyinyi","Reshid","Noeh","09/15/57 00:00:00","","Durban","Kenafro","F","ID 94995185"
514,"Sengu","Nueh erep","Oboru","10/17/65 00:00:00","","Antananarivo","Kenafro","F","ID 8667134181"
515,"Selet","Kenyingi","Onesmos","12/06/85 00:00:00","09/30/06 00:00:00","Ibadan","Kenafro","F","ID 5161652163"
516,"Wenjele","Keruw","Otieno","08/01/79 00:00:00","","Mogadishu","Kenafro","F","ID 9164364174"
517,"Githee","Kipkusge","Peter","03/24/23 00:00:00","","Ouagadougou","Kenafro","M","ID 123048112"
518,"Segow","Kiyung","Phillip","11/10/61 00:00:00","","Giza","Kenafro","F","ID 164613196"
519,"Keter","Meheleng'eng'e","Stephen","08/26/40 00:00:00","","Douala","Kenafro","M","ID 180995168"
520,"Mesile","Gur","Stephen","01/29/57 00:00:00","","Nairobi","Mangola","M","ID 19098747"
521,"Rotino","Nuru Ondiek","Stephen","08/13/81 00:00:00","","Addis Ababa","Kenafro","F","ID 46462380"
522,"Wekese","","Twehe","02/16/43 00:00:00","","Brazzaville","Kenafro","M","ID 67097850"
523,"Oli","","Velerien","09/19/50 00:00:00","","Kaduna","Kenafro","F","ID 67615286"
524,"Oyecku","Ngugi","Williem","08/15/79 00:00:00","","Mogadishu","Kenafro","F","ID 806313108"
525,"Micheki","","Winfred","09/22/79 00:00:00","","Addis Ababa","Mangola","F","ID 93104840"
526,"Turoitich","Nuhene","Zeddock","03/09/53 00:00:00","","Port Harcourt","Kenafro","F","ID 80925360"
527,"Mwangi","John","Devid","03/16/58 00:00:00","","Nairobi","Kenafro","F","ID 7624351"
528,"Rutu","Samoal","Devid Kiprono Sotter","02/06/49 00:00:00","","Durban","Kenafro","F","ID 3777901"
529,"Ojode","Bonifaca","Eric","11/08/32 00:00:00","","Antananarivo","Kenafro","M","ID 797597"
530,"Dicksun","Mosas","Frencis","05/07/79 00:00:00","","Ibadan","Mangola","F","ID 1997657"
531,"Odeke","Athanas","Frencis","11/07/56 00:00:00","","Mogadishu","Kenafro","M","ID 284377"
532,"Ewetun","Metiso","Jimmy","05/30/71 00:00:00","","Ouagadougou","Kenafro","F","ID 627469"
533,"Kenyingi","Selet","Onesmos","07/11/86 00:00:00","","Giza","Kenafro","F","ID 5152163"
534,"Aden","Beden Njuke","Wycliffu","08/23/58 00:00:00","","Accra","Kenafro","M","ID 67097850127"
535,"Wekuli","Juhn","Bifwali","02/25/60 00:00:00","","Tripoli","Kenafro","F","ID 38951663"
536,"Cesyuke","Gichuhi","Ruphuul","08/22/76 00:00:00","","Alexandria","Kenafro","M","ID 549977557"
537,"Tewuri","Simeun","Buru","10/22/45 00:00:00","","Port Harcourt","Kenafro","M","ID 627469636"
538,"Techiri","Otienu","Christinu","11/05/58 00:00:00","","Omdurman","Kenafro","F","ID 627469991"
539,"Aringu","Kelunzu","Turaitich","04/27/78 00:00:00","","Addis Ababa","Kenafro","M","ID 93104840159"
540,"Seti","Peter","Guchugau","04/04/38 00:00:00","12/24/93 00:00:00","Nairobi","Mangola","F","ID 67097850551"
541,"Senyette","Owinu Nyenginye","Gitaru","08/06/44 00:00:00","","Mogadishu","Kenafro","M","ID 549977373"
542,"Chebui","Itwiku","Prisu","09/19/59 00:00:00","","Algiers","Kenafro","M","ID 93104840633"
543,"Sembe","Abungu","Jaul","12/17/38 00:00:00","","Mbuji-Mayi","Kenafro","M","ID 767727785"
544,"Segwe","Kipkusgei","Jasuph","03/26/80 00:00:00","","Lubumbashi","Kenafro","F","ID 549977472"
545,"Richerd","","Kunuchu","04/18/60 00:00:00","","Luanda","Kenafro","F","ID 767727192"
546,"Onyenche","Nyemu","Kianjuri","04/13/42 00:00:00","","Lagos","Kenafro","F","ID 767727658"
547,"Musikeri","Shen Miriti","Kilanza","12/01/78 00:00:00","","Lagos","Mangola","F","ID 767727533"
548,"Mugeve","Ambetse","Kimuthi","06/22/75 00:00:00","","Kinshasa","Kenafro","F","ID 93104840432"
549,"Kireitu","Nyemu","Kinyunjui","09/08/80 00:00:00","","Kaduna","Kenafro","F","ID 767727772"
550,"Chebui","","Patar","10/22/72 00:00:00","","Antananarivo","Kenafro","M","ID 67097850664"
551,"Justin","Arengeh","Kaach","04/18/58 00:00:00","","Johannesburg","Kenafro","M","ID 767727944"
552,"Cesyuke","Nderethi","Richurd","10/19/65 00:00:00","","Addis Ababa","Kenafro","F","ID 549977549"
553,"Juhn","Muses","Kamba","07/13/52 00:00:00","","Ibadan","Kenafro","F","ID 627469657"
554,"Jimmy","Sylvester","Kamba","06/30/40 00:00:00","","Durban","Kenafro","M","ID 767727200"
555,"Jemes","","Kanchallu","06/20/40 00:00:00","","Durban","Kenafro","M","ID 627469165"
556,"Jemes","Nderitu","Muara","08/24/79 00:00:00","","Dakar","Kenafro","M","ID 38951225"
557,"Herrisun","Kieme","Muranda","09/09/52 00:00:00","","Casablanca","Kenafro","M","ID 38951783"
558,"Gudfrey","","Musunyu","06/14/75 00:00:00","","Casablanca","Kenafro","M","ID 627469154"
559,"Gideun","","Musiku","10/21/51 00:00:00","","Cape Town","Kenafro","M","ID 67097850351"
560,"Gelgellu","Mwengi","Marunguru","07/16/52 00:00:00","","Cairo","Kenafro","M","ID 93104840457"
561,"Frencis","Sitelu","Marungi","03/15/63 00:00:00","","Cairo","Kenafro","M","ID 67097850990"
562,"Festus","Tule","Maturi","05/28/58 00:00:00","","Bulawayo","Kenafro","F","ID 549977763"
563,"Epeinituus","Cheruiyut","Midiwa","11/01/79 00:00:00","","Brazzaville","Kenafro","M","ID 627469745"
564,"Christupher","Gereme","Mwukwara","04/25/51 00:00:00","","Brazzaville","Kenafro","M","ID 54997762"
565,"Chireu","Meuke","NaKibuki","06/10/46 00:00:00","","Benin","Kenafro","M","ID 93104840970"
566,"Cheleite","Kengere","Ochilla","04/21/39 00:00:00","","Bamako","Kenafro","F","ID 627469539"
567,"Mesile","Kanyinka","David","11/30/78 00:00:00","","Giza","Kenafro","M","ID 38951977"
568,"Cesyoke","","Staphan","09/29/78 00:00:00","","Nairobi","Kenafro","F","ID 93104840735"
569,"Leketon","Njaru","Valarian","07/17/78 00:00:00","","Ibadan","Kenafro","F","ID 67097850590"
570,"Metiso","Jusaph","Juhn","09/16/78 00:00:00","","Freetown","Kenafro","M","ID 627469922"
571,"Meturi","Jumaa","Gidaun","06/23/63 00:00:00","","Kano","Kenafro","M","ID 627469722"
572,"Mwekwere","Kilami","Eric","01/05/64 00:00:00","","Rabat","Kenafro","M","ID 93104840107"
573,"Mwendewiro","Munana Gathakari King'ang'i","Daudi","12/09/64 00:00:00","","Cairo","Kenafro","F","ID 767727638"
574,"Mwengi","Mwangi","Charity","05/29/64 00:00:00","","Johannesburg","Kenafro","M","ID 38951526"
575,"Mwenzie","Ali","Kasaina","03/12/63 00:00:00","","Yaoundé","Kenafro","M","ID 549977466"
576,"Mwendwe","","Nurman","05/24/80 00:00:00","","Kinshasa","Kenafro","M","ID 67097850977"
577,"Mwenje","Kalamba","Chirau","08/11/46 00:00:00","","Brazzaville","Kenafro","F","ID 767727835"
578,"Mwirerie","","Abdallah","12/06/44 00:00:00","","Addis Ababa","Azambico","F","ID 67097850946"
579,"Mwirie","Owinu Nyanginya","Rauban","08/01/46 00:00:00","","Maiduguri","Kenafro","M","ID 38951874"
580,"Ndembeki","Badan Njuka","Justin","06/20/40 00:00:00","","Dakar","Kenafro","M","ID 93104840757"
581,"Nderite","","Winfrad","06/01/40 00:00:00","","Maputo","Kenafro","M","ID 67097850941"
582,"Ndile","Rungora Ola","David","11/11/41 00:00:00","","Lagos","Kenafro","M","ID 38951468"
583,"Ndolo","Mutinda","Patar","12/31/39 00:00:00","","Mogadishu","Kenafro","F","ID 549977130"
584,"Ngile","Daudi","William","03/24/76 00:00:00","","Alexandria","Kenafro","M","ID 767727485"
585,"Ngozi","Mghanga","Onasmus","10/16/75 00:00:00","","Cape Town","Kenafro","F","ID 38951189"
586,"Nkeisserry","Kalunzo","Alfrad","02/18/39 00:00:00","","Abidjan","Kenafro","M","ID 549977552"
587,"Ntetu","","Richard","04/19/44 00:00:00","","Lubumbashi","Kenafro","M","ID 67097850448"
588,"Ntimeme","Sulomon Kamau","Jusaph","11/20/44 00:00:00","","Subra al-Haymah","Kenafro","M","ID 93104840925"
589,"Nwige","Kaluki","Staphan","04/21/44 00:00:00","","Accra","Kenafro","M","ID 627469994"
590,"Nyechee","Musyuka","Fradrick","03/01/44 00:00:00","12/04/96 00:00:00","Conakry","Kenafro","M","ID 54997742"
591,"Nyegeh","Nyiva","Jusaph","06/09/35 00:00:00","12/04/90 00:00:00","Kaduna","Kenafro","F","ID 38951332"
592,"Nyegeh","Opun","Simaun","04/18/39 00:00:00","","Dar es Salaam","Kenafro","M","ID 93104840187"
593,"Nyemenge","Kihara","Juhn","02/09/38 00:00:00","","Casablanca","Druganda","F","ID 38951630"
