1,0,"E",01/23/88 12:00 AM,12/12/91 12:00 AM,"resignation"
2,0,"E",01/23/88 12:00 AM,11/05/92 12:00 AM,"end mandate"
3,0,"E",01/23/88 12:00 AM,11/05/92 12:00 AM,"end mandate"
4,0,"E",01/23/88 12:00 AM,11/05/92 12:00 AM,"end mandate"
5,0,"E",01/23/88 12:00 AM,11/05/92 12:00 AM,"end mandate"
6,0,"E",01/23/88 12:00 AM,11/05/92 12:00 AM,"end mandate"
7,0,"E",01/23/88 12:00 AM,11/05/92 12:00 AM,"end mandate"
8,0,"E",01/23/88 12:00 AM,11/05/92 12:00 AM,"end mandate"
9,0,"E",01/23/88 12:00 AM,11/05/92 12:00 AM,"end mandate"
10,0,"E",01/23/88 12:00 AM,11/05/92 12:00 AM,"end mandate"
11,0,"E",01/23/88 12:00 AM,11/05/92 12:00 AM,"end mandate"
12,0,"E",01/23/88 12:00 AM,11/05/92 12:00 AM,"end mandate"
13,0,"E",01/23/88 12:00 AM,11/05/92 12:00 AM,"end mandate"
14,0,"E",01/23/88 12:00 AM,11/05/92 12:00 AM,"end mandate"
15,0,"E",01/23/88 12:00 AM,11/05/92 12:00 AM,"end mandate"
16,0,"E",01/23/88 12:00 AM,11/05/92 12:00 AM,"end mandate"
17,0,"E",01/23/88 12:00 AM,11/05/92 12:00 AM,"end mandate"
18,0,"E",01/23/88 12:00 AM,11/05/92 12:00 AM,"end mandate"
19,1,"E",01/23/88 12:00 AM,11/05/92 12:00 AM,"end mandate"
20,2,"E",01/23/88 12:00 AM,11/05/92 12:00 AM,"end mandate"
21,3,"E",01/23/88 12:00 AM,11/05/92 12:00 AM,"end mandate"
22,4,"E",01/23/88 12:00 AM,11/05/92 12:00 AM,"end mandate"
23,5,"E",01/23/88 12:00 AM,10/10/90 12:00 AM,"death"
24,6,"E",01/23/88 12:00 AM,11/05/92 12:00 AM,"end mandate"
25,7,"E",01/23/88 12:00 AM,11/05/92 12:00 AM,"end mandate"
26,8,"E",01/23/88 12:00 AM,11/05/92 12:00 AM,"end mandate"
27,9,"E",01/23/88 12:00 AM,11/05/92 12:00 AM,"end mandate"
28,10,"E",01/23/88 12:00 AM,11/05/92 12:00 AM,"end mandate"
29,11,"E",01/23/88 12:00 AM,11/05/92 12:00 AM,"end mandate"
30,12,"E",01/23/88 12:00 AM,11/05/92 12:00 AM,"end mandate"
31,13,"E",01/23/88 12:00 AM,11/05/92 12:00 AM,"end mandate"
32,14,"E",01/23/88 12:00 AM,11/05/92 12:00 AM,"end mandate"
33,15,"E",01/23/88 12:00 AM,06/12/92 12:00 AM,"death"
34,16,"E",01/23/88 12:00 AM,11/05/92 12:00 AM,"end mandate"
35,18,"E",01/23/88 12:00 AM,11/05/92 12:00 AM,"end mandate"
36,19,"E",01/23/88 12:00 AM,11/05/92 12:00 AM,"end mandate"
37,20,"E",01/23/88 12:00 AM,11/05/92 12:00 AM,"end mandate"
38,21,"E",01/23/88 12:00 AM,11/05/92 12:00 AM,"end mandate"
39,22,"E",01/23/88 12:00 AM,11/05/92 12:00 AM,"end mandate"
40,23,"E",01/23/88 12:00 AM,11/05/92 12:00 AM,"end mandate"
41,26,"E",01/23/88 12:00 AM,11/05/92 12:00 AM,"end mandate"
42,27,"E",01/23/88 12:00 AM,11/05/92 12:00 AM,"end mandate"
43,28,"E",01/23/88 12:00 AM,11/05/92 12:00 AM,"end mandate"
44,29,"E",01/23/88 12:00 AM,06/16/92 12:00 AM,"death"
45,30,"E",01/23/88 12:00 AM,11/05/92 12:00 AM,"end mandate"
46,31,"E",01/23/88 12:00 AM,11/05/92 12:00 AM,"end mandate"
47,32,"E",01/23/88 12:00 AM,11/05/92 12:00 AM,"end mandate"
48,33,"E",01/23/88 12:00 AM,11/05/92 12:00 AM,"end mandate"
49,34,"E",01/23/88 12:00 AM,11/05/92 12:00 AM,"end mandate"
50,35,"E",01/23/88 12:00 AM,11/05/92 12:00 AM,"end mandate"
51,36,"E",01/23/88 12:00 AM,11/05/92 12:00 AM,"end mandate"
52,37,"E",01/23/88 12:00 AM,11/05/92 12:00 AM,"end mandate"
53,39,"E",01/23/88 12:00 AM,11/05/92 12:00 AM,"end mandate"
54,40,"E",01/23/88 12:00 AM,11/05/92 12:00 AM,"end mandate"
55,41,"E",01/23/88 12:00 AM,11/05/92 12:00 AM,"end mandate"
56,42,"E",01/23/88 12:00 AM,11/05/92 12:00 AM,"end mandate"
57,43,"E",01/23/88 12:00 AM,11/05/92 12:00 AM,"end mandate"
58,44,"E",01/23/88 12:00 AM,11/05/92 12:00 AM,"end mandate"
59,45,"E",01/23/88 12:00 AM,11/05/92 12:00 AM,"end mandate"
60,46,"E",01/23/88 12:00 AM,11/05/92 12:00 AM,"end mandate"
61,47,"E",01/23/88 12:00 AM,11/05/92 12:00 AM,"end mandate"
62,48,"E",01/23/88 12:00 AM,11/05/92 12:00 AM,"end mandate"
63,49,"E",01/23/88 12:00 AM,11/05/92 12:00 AM,"end mandate"
64,51,"E",01/23/88 12:00 AM,11/05/92 12:00 AM,"end mandate"
65,52,"E",01/23/88 12:00 AM,11/05/92 12:00 AM,"end mandate"
66,53,"E",01/23/88 12:00 AM,11/05/92 12:00 AM,"end mandate"
67,54,"E",01/23/88 12:00 AM,11/05/92 12:00 AM,"end mandate"
68,55,"E",01/23/88 12:00 AM,11/05/92 12:00 AM,"end mandate"
69,56,"E",01/23/88 12:00 AM,11/05/92 12:00 AM,"end mandate"
70,57,"E",01/23/88 12:00 AM,11/05/92 12:00 AM,"end mandate"
71,58,"E",01/23/88 12:00 AM,11/05/92 12:00 AM,"end mandate"
72,59,"E",01/23/88 12:00 AM,11/05/92 12:00 AM,"end mandate"
73,60,"E",01/23/88 12:00 AM,05/30/89 12:00 AM,"resignation"
74,61,"E",01/23/88 12:00 AM,11/05/92 12:00 AM,"end mandate"
75,63,"E",01/23/88 12:00 AM,11/05/92 12:00 AM,"end mandate"
76,64,"E",01/23/88 12:00 AM,11/05/92 12:00 AM,"end mandate"
77,65,"E",01/23/88 12:00 AM,11/05/92 12:00 AM,"end mandate"
78,66,"E",01/23/88 12:00 AM,11/05/92 12:00 AM,"end mandate"
79,67,"E",01/23/88 12:00 AM,11/05/92 12:00 AM,"end mandate"
80,68,"E",01/23/88 12:00 AM,11/05/92 12:00 AM,"end mandate"
81,69,"E",01/23/88 12:00 AM,11/05/92 12:00 AM,"end mandate"
82,70,"E",01/23/88 12:00 AM,11/05/92 12:00 AM,"end mandate"
83,71,"E",01/23/88 12:00 AM,11/05/92 12:00 AM,"end mandate"
84,72,"E",01/23/88 12:00 AM,11/05/92 12:00 AM,"end mandate"
85,73,"E",01/23/88 12:00 AM,11/05/92 12:00 AM,"end mandate"
86,75,"E",01/23/88 12:00 AM,11/05/92 12:00 AM,"end mandate"
87,76,"E",01/23/88 12:00 AM,11/05/92 12:00 AM,"end mandate"
88,78,"E",01/23/88 12:00 AM,11/05/92 12:00 AM,"end mandate"
89,79,"E",01/23/88 12:00 AM,11/05/92 12:00 AM,"end mandate"
90,80,"E",01/23/88 12:00 AM,11/05/92 12:00 AM,"end mandate"
91,81,"E",01/23/88 12:00 AM,11/05/92 12:00 AM,"end mandate"
92,82,"E",01/23/88 12:00 AM,11/05/92 12:00 AM,"end mandate"
93,83,"E",01/23/88 12:00 AM,11/05/92 12:00 AM,"end mandate"
94,84,"E",01/23/88 12:00 AM,11/05/92 12:00 AM,"end mandate"
95,85,"E",01/23/88 12:00 AM,11/05/92 12:00 AM,"end mandate"
96,86,"E",01/23/88 12:00 AM,05/25/90 12:00 AM,"death"
97,87,"E",01/23/88 12:00 AM,11/05/92 12:00 AM,"end mandate"
98,88,"E",01/23/88 12:00 AM,11/05/92 12:00 AM,"end mandate"
99,89,"E",01/23/88 12:00 AM,11/05/92 12:00 AM,"end mandate"
100,90,"E",01/23/88 12:00 AM,11/05/92 12:00 AM,"end mandate"
101,91,"E",01/23/88 12:00 AM,11/05/92 12:00 AM,"end mandate"
102,92,"E",01/23/88 12:00 AM,11/05/92 12:00 AM,"end mandate"
103,93,"E",01/23/88 12:00 AM,11/05/92 12:00 AM,"end mandate"
104,94,"E",01/23/88 12:00 AM,11/05/92 12:00 AM,"end mandate"
105,95,"E",01/23/88 12:00 AM,02/06/91 12:00 AM,"death"
106,97,"E",01/23/88 12:00 AM,11/05/92 12:00 AM,"end mandate"
107,98,"E",01/23/88 12:00 AM,11/05/92 12:00 AM,"end mandate"
108,99,"E",01/23/88 12:00 AM,11/05/92 12:00 AM,"end mandate"
109,100,"E",01/23/88 12:00 AM,11/05/92 12:00 AM,"end mandate"
110,101,"E",01/23/88 12:00 AM,11/05/92 12:00 AM,"end mandate"
111,102,"E",01/23/88 12:00 AM,11/05/92 12:00 AM,"end mandate"
112,103,"E",01/23/88 12:00 AM,11/05/92 12:00 AM,"end mandate"
113,104,"E",01/23/88 12:00 AM,11/05/92 12:00 AM,"end mandate"
114,105,"E",01/23/88 12:00 AM,11/05/92 12:00 AM,"end mandate"
115,106,"E",01/23/88 12:00 AM,11/05/92 12:00 AM,"end mandate"
116,107,"E",01/23/88 12:00 AM,11/05/92 12:00 AM,"end mandate"
117,108,"E",01/23/88 12:00 AM,11/05/92 12:00 AM,"end mandate"
118,109,"E",01/23/88 12:00 AM,11/05/92 12:00 AM,"end mandate"
119,110,"E",01/23/88 12:00 AM,11/05/92 12:00 AM,"end mandate"
120,111,"E",01/23/88 12:00 AM,11/05/92 12:00 AM,"end mandate"
121,112,"E",01/23/88 12:00 AM,11/05/92 12:00 AM,"end mandate"
122,114,"E",01/23/88 12:00 AM,11/05/92 12:00 AM,"end mandate"
123,115,"E",01/23/88 12:00 AM,11/05/92 12:00 AM,"end mandate"
124,116,"E",01/23/88 12:00 AM,11/05/92 12:00 AM,"end mandate"
125,117,"E",01/23/88 12:00 AM,11/05/92 12:00 AM,"end mandate"
126,118,"E",01/23/88 12:00 AM,11/05/92 12:00 AM,"end mandate"
127,119,"E",01/23/88 12:00 AM,11/05/92 12:00 AM,"end mandate"
128,120,"E",01/23/88 12:00 AM,11/05/92 12:00 AM,"end mandate"
129,121,"E",01/23/88 12:00 AM,11/05/92 12:00 AM,"end mandate"
130,122,"E",01/23/88 12:00 AM,11/05/92 12:00 AM,"end mandate"
131,123,"E",01/23/88 12:00 AM,11/05/92 12:00 AM,"end mandate"
132,125,"E",01/23/88 12:00 AM,11/05/92 12:00 AM,"end mandate"
133,126,"E",01/23/88 12:00 AM,11/05/92 12:00 AM,"end mandate"
134,127,"E",01/23/88 12:00 AM,11/05/92 12:00 AM,"end mandate"
135,128,"E",01/23/88 12:00 AM,11/05/92 12:00 AM,"end mandate"
136,129,"E",01/23/88 12:00 AM,11/05/92 12:00 AM,"end mandate"
137,130,"E",01/23/88 12:00 AM,11/05/92 12:00 AM,"end mandate"
138,131,"E",01/23/88 12:00 AM,11/05/92 12:00 AM,"end mandate"
139,132,"E",01/23/88 12:00 AM,11/05/92 12:00 AM,"end mandate"
140,133,"E",01/23/88 12:00 AM,11/05/92 12:00 AM,"end mandate"
141,134,"E",01/23/88 12:00 AM,11/05/92 12:00 AM,"end mandate"
142,135,"E",01/23/88 12:00 AM,11/05/92 12:00 AM,"end mandate"
143,136,"E",01/23/88 12:00 AM,11/05/92 12:00 AM,"end mandate"
144,138,"E",01/23/88 12:00 AM,11/05/92 12:00 AM,"end mandate"
145,139,"E",01/23/88 12:00 AM,11/05/92 12:00 AM,"end mandate"
146,140,"E",01/23/88 12:00 AM,11/05/92 12:00 AM,"end mandate"
147,141,"E",01/23/88 12:00 AM,11/05/92 12:00 AM,"end mandate"
148,142,"E",01/23/88 12:00 AM,11/05/92 12:00 AM,"end mandate"
149,143,"E",01/23/88 12:00 AM,11/05/92 12:00 AM,"end mandate"
150,144,"E",01/23/88 12:00 AM,11/05/92 12:00 AM,"end mandate"
151,145,"E",01/23/88 12:00 AM,11/05/92 12:00 AM,"end mandate"
152,146,"E",01/23/88 12:00 AM,11/05/92 12:00 AM,"end mandate"
153,147,"E",01/23/88 12:00 AM,11/05/92 12:00 AM,"end mandate"
154,148,"E",01/23/88 12:00 AM,11/05/92 12:00 AM,"end mandate"
155,149,"E",01/23/88 12:00 AM,11/05/92 12:00 AM,"end mandate"
156,151,"E",01/23/88 12:00 AM,11/05/92 12:00 AM,"end mandate"
157,152,"E",01/23/88 12:00 AM,11/05/92 12:00 AM,"end mandate"
158,153,"E",01/23/88 12:00 AM,11/05/92 12:00 AM,"end mandate"
159,154,"E",01/23/88 12:00 AM,11/05/92 12:00 AM,"end mandate"
160,155,"E",01/23/88 12:00 AM,11/05/92 12:00 AM,"end mandate"
161,156,"E",01/23/88 12:00 AM,09/28/90 12:00 AM,"death"
162,157,"E",01/23/88 12:00 AM,03/09/91 12:00 AM,"resignation"
163,158,"E",01/23/88 12:00 AM,11/05/92 12:00 AM,"end mandate"
164,159,"E",01/23/88 12:00 AM,11/05/92 12:00 AM,"end mandate"
165,160,"E",01/23/88 12:00 AM,11/05/92 12:00 AM,"end mandate"
166,161,"E",01/23/88 12:00 AM,11/05/92 12:00 AM,"end mandate"
167,162,"E",01/23/88 12:00 AM,11/14/91 12:00 AM,"death"
168,163,"E",01/23/88 12:00 AM,11/05/92 12:00 AM,"end mandate"
169,164,"E",01/23/88 12:00 AM,11/05/92 12:00 AM,"end mandate"
170,165,"E",01/23/88 12:00 AM,11/05/92 12:00 AM,"end mandate"
171,166,"E",01/23/88 12:00 AM,11/05/92 12:00 AM,"end mandate"
172,167,"E",01/23/88 12:00 AM,11/05/92 12:00 AM,"end mandate"
173,168,"E",01/23/88 12:00 AM,11/05/92 12:00 AM,"end mandate"
174,169,"E",01/23/88 12:00 AM,11/05/92 12:00 AM,"end mandate"
175,170,"E",01/23/88 12:00 AM,11/05/92 12:00 AM,"end mandate"
176,171,"E",01/23/88 12:00 AM,11/05/92 12:00 AM,"end mandate"
177,172,"E",01/23/88 12:00 AM,11/05/92 12:00 AM,"end mandate"
178,173,"E",01/23/88 12:00 AM,04/24/89 12:00 AM,"death"
179,174,"E",01/23/88 12:00 AM,11/05/92 12:00 AM,"end mandate"
180,175,"E",01/23/88 12:00 AM,11/05/92 12:00 AM,"end mandate"
181,176,"E",01/23/88 12:00 AM,11/05/92 12:00 AM,"end mandate"
182,177,"E",01/23/88 12:00 AM,11/05/92 12:00 AM,"end mandate"
183,178,"E",01/23/88 12:00 AM,11/05/92 12:00 AM,"end mandate"
184,179,"E",01/23/88 12:00 AM,11/05/92 12:00 AM,"end mandate"
185,181,"E",01/23/88 12:00 AM,11/05/92 12:00 AM,"end mandate"
186,182,"E",01/23/88 12:00 AM,11/05/92 12:00 AM,"end mandate"
187,183,"E",01/23/88 12:00 AM,11/05/92 12:00 AM,"end mandate"
188,185,"E",01/23/88 12:00 AM,07/14/92 12:00 AM,"resignation"
189,186,"E",01/23/88 12:00 AM,11/05/92 12:00 AM,"end mandate"
190,187,"E",01/23/88 12:00 AM,11/05/92 12:00 AM,"end mandate"
191,188,"E",01/23/88 12:00 AM,11/05/92 12:00 AM,"end mandate"
192,189,"E",01/23/88 12:00 AM,11/05/92 12:00 AM,"end mandate"
193,190,"E",01/23/88 12:00 AM,11/05/92 12:00 AM,"end mandate"
194,191,"E",01/23/88 12:00 AM,11/05/92 12:00 AM,"end mandate"
195,192,"E",01/23/88 12:00 AM,11/05/92 12:00 AM,"end mandate"
196,193,"E",01/23/88 12:00 AM,11/05/92 12:00 AM,"end mandate"
197,194,"E",01/23/88 12:00 AM,11/05/92 12:00 AM,"end mandate"
198,195,"E",01/23/88 12:00 AM,11/05/92 12:00 AM,"end mandate"
199,196,"E",01/23/88 12:00 AM,11/05/92 12:00 AM,"end mandate"
200,197,"E",01/23/88 12:00 AM,11/05/92 12:00 AM,"end mandate"
201,198,"E",01/23/88 12:00 AM,11/05/92 12:00 AM,"end mandate"
202,200,"E",01/23/88 12:00 AM,11/05/92 12:00 AM,"end mandate"
203,201,"E",01/23/88 12:00 AM,11/05/92 12:00 AM,"end mandate"
204,202,"E",01/23/88 12:00 AM,11/05/92 12:00 AM,"end mandate"
205,203,"E",01/23/88 12:00 AM,11/05/92 12:00 AM,"end mandate"
206,204,"E",01/23/88 12:00 AM,11/05/92 12:00 AM,"end mandate"
207,205,"E",01/23/88 12:00 AM,11/05/92 12:00 AM,"end mandate"
208,206,"E",01/23/88 12:00 AM,11/05/92 12:00 AM,"end mandate"
209,208,"E",01/23/88 12:00 AM,11/05/92 12:00 AM,"end mandate"
210,209,"E",01/23/88 12:00 AM,11/05/92 12:00 AM,"end mandate"
211,210,"E",01/23/88 12:00 AM,11/05/92 12:00 AM,"end mandate"
212,207,"E",01/23/88 12:00 AM,11/05/92 12:00 AM,"end mandate"
213,150,"E",01/23/88 12:00 AM,11/05/92 12:00 AM,"end mandate"
214,74,"E",01/23/88 12:00 AM,11/05/92 12:00 AM,"end mandate"
215,184,"E",01/23/88 12:00 AM,11/05/92 12:00 AM,"end mandate"
216,199,"E",01/23/88 12:00 AM,08/18/90 12:00 AM,"resignation"
217,96,"E",01/23/88 12:00 AM,11/05/92 12:00 AM,"end mandate"
218,180,"E",01/23/88 12:00 AM,11/05/92 12:00 AM,"end mandate"
219,17,"E",01/23/88 12:00 AM,11/05/92 12:00 AM,"end mandate"
220,62,"E",01/23/88 12:00 AM,11/05/92 12:00 AM,"end mandate"
221,50,"E",01/23/88 12:00 AM,11/05/92 12:00 AM,"end mandate"
222,113,"E",01/23/88 12:00 AM,11/05/92 12:00 AM,"end mandate"
223,77,"E",01/23/88 12:00 AM,11/05/92 12:00 AM,"end mandate"
224,24,"E",01/23/88 12:00 AM,11/05/92 12:00 AM,"end mandate"
225,124,"E",01/23/88 12:00 AM,11/05/92 12:00 AM,"end mandate"
226,25,"E",01/23/88 12:00 AM,11/05/92 12:00 AM,"end mandate"
227,38,"E",01/23/88 12:00 AM,11/05/92 12:00 AM,"end mandate"
228,137,"E",01/23/88 12:00 AM,11/05/92 12:00 AM,"end mandate"
229,173,"E",07/14/89 12:00 AM,11/05/92 12:00 AM,"end mandate"
230,60,"E",08/30/89 12:00 AM,11/05/92 12:00 AM,"end mandate"
231,86,"E",08/25/90 12:00 AM,11/05/92 12:00 AM,"end mandate"
232,199,"E",11/19/90 12:00 AM,11/05/92 12:00 AM,"end mandate"
233,156,"E",12/28/90 12:00 AM,11/05/92 12:00 AM,"end mandate"
234,5,"E",01/10/91 12:00 AM,11/05/92 12:00 AM,"end mandate"
235,95,"E",05/06/91 12:00 AM,11/05/92 12:00 AM,"end mandate"
236,157,"E",06/09/91 12:00 AM,11/05/92 12:00 AM,"end mandate"
237,162,"E",02/04/92 12:00 AM,11/05/92 12:00 AM,"end mandate"
238,0,"E",02/12/92 12:00 AM,11/05/92 12:00 AM,"end mandate"
239,29,"E",09/06/92 12:00 AM,11/05/92 12:00 AM,"end mandate"
240,15,"E",09/15/92 12:00 AM,11/05/92 12:00 AM,"end mandate"
241,185,"E",10/17/92 12:00 AM,11/05/92 12:00 AM,"end mandate"
242,56,"E",02/03/93 12:00 AM,12/03/97 12:00 AM,"end mandate"
243,55,"E",02/03/93 12:00 AM,12/03/97 12:00 AM,"end mandate"
244,76,"E",02/03/93 12:00 AM,12/03/97 12:00 AM,"end mandate"
245,103,"E",02/03/93 12:00 AM,12/03/97 12:00 AM,"end mandate"
246,67,"E",02/03/93 12:00 AM,12/03/97 12:00 AM,"end mandate"
247,37,"E",02/03/93 12:00 AM,12/03/97 12:00 AM,"end mandate"
248,78,"E",02/03/93 12:00 AM,12/03/97 12:00 AM,"end mandate"
249,24,"E",02/03/93 12:00 AM,12/03/97 12:00 AM,"end mandate"
250,45,"E",02/03/93 12:00 AM,12/03/97 12:00 AM,"end mandate"
251,181,"E",02/03/93 12:00 AM,12/03/97 12:00 AM,"end mandate"
252,163,"E",02/03/93 12:00 AM,12/03/97 12:00 AM,"end mandate"
253,174,"E",02/03/93 12:00 AM,12/03/97 12:00 AM,"end mandate"
254,149,"E",02/03/93 12:00 AM,12/03/97 12:00 AM,"end mandate"
255,0,"E",02/03/93 12:00 AM,12/03/97 12:00 AM,"end mandate"
256,152,"E",02/03/93 12:00 AM,02/02/97 12:00 AM,"resignation"
257,122,"E",02/03/93 12:00 AM,12/03/97 12:00 AM,"end mandate"
258,16,"E",02/03/93 12:00 AM,12/03/97 12:00 AM,"end mandate"
259,0,"E",02/03/93 12:00 AM,12/03/97 12:00 AM,"end mandate"
260,104,"E",02/03/93 12:00 AM,12/03/97 12:00 AM,"end mandate"
261,169,"E",02/03/93 12:00 AM,12/03/97 12:00 AM,"end mandate"
262,209,"E",02/03/93 12:00 AM,12/03/97 12:00 AM,"end mandate"
263,171,"E",02/03/93 12:00 AM,12/03/97 12:00 AM,"end mandate"
264,188,"E",02/03/93 12:00 AM,12/03/97 12:00 AM,"end mandate"
265,33,"E",02/03/93 12:00 AM,12/03/97 12:00 AM,"end mandate"
266,85,"E",02/03/93 12:00 AM,12/03/97 12:00 AM,"end mandate"
267,93,"E",02/03/93 12:00 AM,12/03/97 12:00 AM,"end mandate"
268,158,"E",02/03/93 12:00 AM,12/03/97 12:00 AM,"end mandate"
269,105,"E",02/03/93 12:00 AM,12/03/97 12:00 AM,"end mandate"
270,109,"E",02/03/93 12:00 AM,12/03/97 12:00 AM,"end mandate"
271,2,"E",02/03/93 12:00 AM,12/03/97 12:00 AM,"end mandate"
272,154,"E",02/03/93 12:00 AM,12/03/97 12:00 AM,"end mandate"
273,137,"E",02/03/93 12:00 AM,10/18/96 12:00 AM,"resignation"
274,143,"E",02/03/93 12:00 AM,12/03/97 12:00 AM,"end mandate"
275,131,"E",02/03/93 12:00 AM,12/03/97 12:00 AM,"end mandate"
276,135,"E",02/03/93 12:00 AM,12/03/97 12:00 AM,"end mandate"
277,77,"E",02/03/93 12:00 AM,12/03/97 12:00 AM,"end mandate"
278,197,"E",02/03/93 12:00 AM,12/03/97 12:00 AM,"end mandate"
279,51,"E",02/03/93 12:00 AM,12/03/97 12:00 AM,"end mandate"
280,28,"E",02/03/93 12:00 AM,12/03/97 12:00 AM,"end mandate"
281,95,"E",02/03/93 12:00 AM,12/03/97 12:00 AM,"end mandate"
282,0,"E",02/03/93 12:00 AM,12/03/97 12:00 AM,"end mandate"
283,0,"E",02/03/93 12:00 AM,12/03/97 12:00 AM,"end mandate"
284,147,"E",02/03/93 12:00 AM,12/03/97 12:00 AM,"end mandate"
285,173,"E",02/03/93 12:00 AM,12/03/97 12:00 AM,"end mandate"
286,114,"E",02/03/93 12:00 AM,12/03/97 12:00 AM,"end mandate"
287,58,"E",02/03/93 12:00 AM,12/03/97 12:00 AM,"end mandate"
288,179,"E",02/03/93 12:00 AM,12/03/97 12:00 AM,"end mandate"
289,119,"E",02/03/93 12:00 AM,12/03/97 12:00 AM,"end mandate"
290,99,"E",02/03/93 12:00 AM,12/03/97 12:00 AM,"end mandate"
291,38,"E",02/03/93 12:00 AM,12/03/97 12:00 AM,"end mandate"
292,96,"E",02/03/93 12:00 AM,12/03/97 12:00 AM,"end mandate"
293,43,"E",02/03/93 12:00 AM,12/03/97 12:00 AM,"end mandate"
294,160,"E",02/03/93 12:00 AM,08/10/96 12:00 AM,"death"
295,117,"E",02/03/93 12:00 AM,12/03/97 12:00 AM,"end mandate"
296,57,"E",02/03/93 12:00 AM,12/03/97 12:00 AM,"end mandate"
297,157,"E",02/03/93 12:00 AM,12/03/97 12:00 AM,"end mandate"
298,68,"E",02/03/93 12:00 AM,12/03/97 12:00 AM,"end mandate"
299,202,"E",02/03/93 12:00 AM,12/03/97 12:00 AM,"end mandate"
300,4,"E",02/03/93 12:00 AM,12/03/97 12:00 AM,"end mandate"
301,81,"E",02/03/93 12:00 AM,12/03/97 12:00 AM,"end mandate"
302,42,"E",02/03/93 12:00 AM,12/03/97 12:00 AM,"end mandate"
303,9,"E",02/03/93 12:00 AM,12/03/97 12:00 AM,"end mandate"
304,17,"E",02/03/93 12:00 AM,12/03/97 12:00 AM,"end mandate"
305,164,"E",02/03/93 12:00 AM,07/29/96 12:00 AM,"death"
306,12,"E",02/03/93 12:00 AM,12/03/97 12:00 AM,"end mandate"
307,82,"E",02/03/93 12:00 AM,12/03/97 12:00 AM,"end mandate"
308,0,"E",02/03/93 12:00 AM,12/03/97 12:00 AM,"end mandate"
309,142,"E",02/03/93 12:00 AM,12/03/97 12:00 AM,"end mandate"
310,116,"E",02/03/93 12:00 AM,12/03/97 12:00 AM,"end mandate"
311,167,"E",02/03/93 12:00 AM,12/03/97 12:00 AM,"end mandate"
312,79,"E",02/03/93 12:00 AM,12/03/97 12:00 AM,"end mandate"
313,23,"E",02/03/93 12:00 AM,12/03/97 12:00 AM,"end mandate"
314,69,"E",02/03/93 12:00 AM,12/03/97 12:00 AM,"end mandate"
315,14,"E",02/03/93 12:00 AM,12/03/97 12:00 AM,"end mandate"
316,118,"E",02/03/93 12:00 AM,12/03/97 12:00 AM,"end mandate"
317,198,"E",02/03/93 12:00 AM,12/03/97 12:00 AM,"end mandate"
318,0,"E",02/03/93 12:00 AM,12/03/97 12:00 AM,"end mandate"
319,200,"E",02/03/93 12:00 AM,12/03/97 12:00 AM,"end mandate"
320,115,"E",02/03/93 12:00 AM,12/03/97 12:00 AM,"end mandate"
321,126,"E",02/03/93 12:00 AM,12/03/97 12:00 AM,"end mandate"
322,72,"E",02/03/93 12:00 AM,12/03/97 12:00 AM,"end mandate"
323,0,"E",02/03/93 12:00 AM,12/03/97 12:00 AM,"end mandate"
324,141,"E",02/03/93 12:00 AM,10/06/96 12:00 AM,"death"
325,136,"E",02/03/93 12:00 AM,12/03/97 12:00 AM,"end mandate"
326,106,"E",02/03/93 12:00 AM,12/03/97 12:00 AM,"end mandate"
327,162,"E",02/03/93 12:00 AM,12/03/97 12:00 AM,"end mandate"
328,199,"E",02/03/93 12:00 AM,12/03/97 12:00 AM,"end mandate"
329,10,"E",02/03/93 12:00 AM,12/03/97 12:00 AM,"end mandate"
330,3,"E",02/03/93 12:00 AM,12/03/97 12:00 AM,"end mandate"
331,112,"E",02/03/93 12:00 AM,12/03/97 12:00 AM,"end mandate"
332,46,"E",02/03/93 12:00 AM,12/03/97 12:00 AM,"end mandate"
333,178,"E",02/03/93 12:00 AM,12/03/97 12:00 AM,"end mandate"
334,194,"E",02/03/93 12:00 AM,12/03/97 12:00 AM,"end mandate"
335,196,"E",02/03/93 12:00 AM,12/03/97 12:00 AM,"end mandate"
336,168,"E",02/03/93 12:00 AM,12/03/97 12:00 AM,"end mandate"
337,47,"E",02/03/93 12:00 AM,12/03/97 12:00 AM,"end mandate"
338,92,"E",02/03/93 12:00 AM,12/03/97 12:00 AM,"end mandate"
339,63,"E",02/03/93 12:00 AM,12/03/97 12:00 AM,"end mandate"
340,208,"E",02/03/93 12:00 AM,12/03/97 12:00 AM,"end mandate"
341,193,"E",02/03/93 12:00 AM,12/03/97 12:00 AM,"end mandate"
342,90,"E",02/03/93 12:00 AM,12/03/97 12:00 AM,"end mandate"
343,124,"E",02/03/93 12:00 AM,12/03/97 12:00 AM,"end mandate"
344,84,"E",02/03/93 12:00 AM,12/03/97 12:00 AM,"end mandate"
345,190,"E",02/03/93 12:00 AM,05/12/96 12:00 AM,"death"
346,22,"E",02/03/93 12:00 AM,12/03/97 12:00 AM,"end mandate"
347,121,"E",02/03/93 12:00 AM,12/03/97 12:00 AM,"end mandate"
348,205,"E",02/03/93 12:00 AM,12/03/97 12:00 AM,"end mandate"
349,187,"E",02/03/93 12:00 AM,12/03/97 12:00 AM,"end mandate"
350,65,"E",02/03/93 12:00 AM,12/03/97 12:00 AM,"end mandate"
351,111,"E",02/03/93 12:00 AM,12/03/97 12:00 AM,"end mandate"
352,88,"E",02/03/93 12:00 AM,12/03/97 12:00 AM,"end mandate"
353,138,"E",02/03/93 12:00 AM,12/03/97 12:00 AM,"end mandate"
354,62,"E",02/03/93 12:00 AM,12/03/97 12:00 AM,"end mandate"
355,146,"E",02/03/93 12:00 AM,12/03/97 12:00 AM,"end mandate"
356,13,"E",02/03/93 12:00 AM,12/03/97 12:00 AM,"end mandate"
357,60,"E",02/03/93 12:00 AM,12/03/97 12:00 AM,"end mandate"
358,61,"E",02/03/93 12:00 AM,12/03/97 12:00 AM,"end mandate"
359,5,"E",02/03/93 12:00 AM,12/03/97 12:00 AM,"end mandate"
360,180,"E",02/03/93 12:00 AM,12/03/97 12:00 AM,"end mandate"
361,127,"E",02/03/93 12:00 AM,12/03/97 12:00 AM,"end mandate"
362,70,"E",02/03/93 12:00 AM,12/03/97 12:00 AM,"end mandate"
363,21,"E",02/03/93 12:00 AM,12/03/97 12:00 AM,"end mandate"
364,201,"E",02/03/93 12:00 AM,12/03/97 12:00 AM,"end mandate"
365,151,"E",02/03/93 12:00 AM,12/03/97 12:00 AM,"end mandate"
366,192,"E",02/03/93 12:00 AM,10/27/95 12:00 AM,"resignation"
367,74,"E",02/03/93 12:00 AM,12/03/97 12:00 AM,"end mandate"
368,177,"E",02/03/93 12:00 AM,12/03/97 12:00 AM,"end mandate"
369,144,"E",02/03/93 12:00 AM,12/03/97 12:00 AM,"end mandate"
370,0,"E",02/03/93 12:00 AM,12/03/97 12:00 AM,"end mandate"
371,18,"E",02/03/93 12:00 AM,12/03/97 12:00 AM,"end mandate"
372,27,"E",02/03/93 12:00 AM,12/03/97 12:00 AM,"end mandate"
373,170,"E",02/03/93 12:00 AM,12/03/97 12:00 AM,"end mandate"
374,166,"E",02/03/93 12:00 AM,12/03/97 12:00 AM,"end mandate"
375,113,"E",02/03/93 12:00 AM,12/03/97 12:00 AM,"end mandate"
376,207,"E",02/03/93 12:00 AM,12/03/97 12:00 AM,"end mandate"
377,161,"E",02/03/93 12:00 AM,12/03/97 12:00 AM,"end mandate"
378,0,"E",02/03/93 12:00 AM,12/03/97 12:00 AM,"end mandate"
379,139,"E",02/03/93 12:00 AM,12/03/97 12:00 AM,"end mandate"
380,0,"E",02/03/93 12:00 AM,12/03/97 12:00 AM,"end mandate"
381,80,"E",02/03/93 12:00 AM,12/03/97 12:00 AM,"end mandate"
382,44,"E",02/03/93 12:00 AM,12/03/97 12:00 AM,"end mandate"
383,134,"E",02/03/93 12:00 AM,12/03/97 12:00 AM,"end mandate"
384,210,"E",02/03/93 12:00 AM,12/03/97 12:00 AM,"end mandate"
385,71,"E",02/03/93 12:00 AM,12/03/97 12:00 AM,"end mandate"
386,15,"E",02/03/93 12:00 AM,12/03/97 12:00 AM,"end mandate"
387,175,"E",02/03/93 12:00 AM,12/03/97 12:00 AM,"end mandate"
388,39,"E",02/03/93 12:00 AM,12/03/97 12:00 AM,"end mandate"
389,0,"E",02/03/93 12:00 AM,12/03/97 12:00 AM,"end mandate"
390,30,"E",02/03/93 12:00 AM,12/03/97 12:00 AM,"end mandate"
391,125,"E",02/03/93 12:00 AM,12/03/97 12:00 AM,"end mandate"
392,87,"E",02/03/93 12:00 AM,12/03/97 12:00 AM,"end mandate"
393,59,"E",02/03/93 12:00 AM,12/03/97 12:00 AM,"end mandate"
394,204,"E",02/03/93 12:00 AM,12/03/97 12:00 AM,"end mandate"
395,29,"E",02/03/93 12:00 AM,12/03/97 12:00 AM,"end mandate"
396,75,"E",02/03/93 12:00 AM,12/03/97 12:00 AM,"end mandate"
397,40,"E",02/03/93 12:00 AM,06/26/97 12:00 AM,"resignation"
398,11,"E",02/03/93 12:00 AM,12/03/97 12:00 AM,"end mandate"
399,189,"E",02/03/93 12:00 AM,12/03/97 12:00 AM,"end mandate"
400,176,"E",02/03/93 12:00 AM,12/03/97 12:00 AM,"end mandate"
401,0,"E",02/03/93 12:00 AM,12/03/97 12:00 AM,"end mandate"
402,123,"E",02/03/93 12:00 AM,12/03/97 12:00 AM,"end mandate"
403,52,"E",02/03/93 12:00 AM,12/03/97 12:00 AM,"end mandate"
404,7,"E",02/03/93 12:00 AM,12/03/97 12:00 AM,"end mandate"
405,54,"E",02/03/93 12:00 AM,12/03/97 12:00 AM,"end mandate"
406,153,"E",02/03/93 12:00 AM,12/03/97 12:00 AM,"end mandate"
407,107,"E",02/03/93 12:00 AM,12/03/97 12:00 AM,"end mandate"
408,191,"E",02/03/93 12:00 AM,12/03/97 12:00 AM,"end mandate"
409,31,"E",02/03/93 12:00 AM,12/03/97 12:00 AM,"end mandate"
410,0,"E",02/03/93 12:00 AM,12/03/97 12:00 AM,"end mandate"
411,172,"E",02/03/93 12:00 AM,01/15/96 12:00 AM,"death"
412,165,"E",02/03/93 12:00 AM,12/03/97 12:00 AM,"end mandate"
413,48,"E",02/03/93 12:00 AM,12/03/97 12:00 AM,"end mandate"
414,34,"E",02/03/93 12:00 AM,12/03/97 12:00 AM,"end mandate"
415,19,"E",02/03/93 12:00 AM,12/03/97 12:00 AM,"end mandate"
416,120,"E",02/03/93 12:00 AM,12/03/97 12:00 AM,"end mandate"
417,49,"E",02/03/93 12:00 AM,12/03/97 12:00 AM,"end mandate"
418,50,"E",02/03/93 12:00 AM,12/03/97 12:00 AM,"end mandate"
419,86,"E",02/03/93 12:00 AM,12/03/97 12:00 AM,"end mandate"
420,182,"E",02/03/93 12:00 AM,12/03/97 12:00 AM,"end mandate"
421,0,"E",02/03/93 12:00 AM,12/03/97 12:00 AM,"end mandate"
422,195,"E",02/03/93 12:00 AM,12/03/97 12:00 AM,"end mandate"
423,89,"E",02/03/93 12:00 AM,12/03/97 12:00 AM,"end mandate"
424,32,"E",02/03/93 12:00 AM,12/03/97 12:00 AM,"end mandate"
425,129,"E",02/03/93 12:00 AM,12/03/97 12:00 AM,"end mandate"
426,183,"E",02/03/93 12:00 AM,12/03/97 12:00 AM,"end mandate"
427,133,"E",02/03/93 12:00 AM,12/03/97 12:00 AM,"end mandate"
428,97,"E",02/03/93 12:00 AM,12/03/97 12:00 AM,"end mandate"
429,36,"E",02/03/93 12:00 AM,12/03/97 12:00 AM,"end mandate"
430,155,"E",02/03/93 12:00 AM,12/03/97 12:00 AM,"end mandate"
431,156,"E",02/03/93 12:00 AM,12/03/97 12:00 AM,"end mandate"
432,186,"E",02/03/93 12:00 AM,12/03/97 12:00 AM,"end mandate"
433,25,"E",02/03/93 12:00 AM,12/03/97 12:00 AM,"end mandate"
434,132,"E",02/03/93 12:00 AM,12/03/97 12:00 AM,"end mandate"
435,148,"E",02/03/93 12:00 AM,12/03/97 12:00 AM,"end mandate"
436,102,"E",02/03/93 12:00 AM,12/03/97 12:00 AM,"end mandate"
437,203,"E",02/03/93 12:00 AM,12/03/97 12:00 AM,"end mandate"
438,128,"E",02/03/93 12:00 AM,12/03/97 12:00 AM,"end mandate"
439,150,"E",02/03/93 12:00 AM,12/03/97 12:00 AM,"end mandate"
440,100,"E",02/03/93 12:00 AM,12/03/97 12:00 AM,"end mandate"
441,108,"E",02/03/93 12:00 AM,12/03/97 12:00 AM,"end mandate"
442,6,"E",02/03/93 12:00 AM,12/03/97 12:00 AM,"end mandate"
443,130,"E",02/03/93 12:00 AM,12/03/97 12:00 AM,"end mandate"
444,53,"E",02/03/93 12:00 AM,12/03/97 12:00 AM,"end mandate"
445,91,"E",02/03/93 12:00 AM,12/03/97 12:00 AM,"end mandate"
446,0,"E",02/03/93 12:00 AM,12/03/97 12:00 AM,"end mandate"
447,20,"E",02/03/93 12:00 AM,12/03/97 12:00 AM,"end mandate"
448,8,"E",02/03/93 12:00 AM,12/03/97 12:00 AM,"end mandate"
449,83,"E",02/03/93 12:00 AM,10/14/96 12:00 AM,"death"
450,140,"E",02/03/93 12:00 AM,12/03/97 12:00 AM,"end mandate"
451,26,"E",02/03/93 12:00 AM,12/03/97 12:00 AM,"end mandate"
452,73,"E",02/03/93 12:00 AM,12/03/97 12:00 AM,"end mandate"
453,98,"E",02/03/93 12:00 AM,12/03/97 12:00 AM,"end mandate"
454,35,"E",02/03/93 12:00 AM,12/03/97 12:00 AM,"end mandate"
455,101,"E",02/03/93 12:00 AM,12/03/97 12:00 AM,"end mandate"
456,94,"E",02/03/93 12:00 AM,12/03/97 12:00 AM,"end mandate"
457,159,"E",02/03/93 12:00 AM,12/03/97 12:00 AM,"end mandate"
458,0,"E",02/03/93 12:00 AM,12/03/97 12:00 AM,"end mandate"
459,66,"E",02/03/93 12:00 AM,12/03/97 12:00 AM,"end mandate"
460,184,"E",02/03/93 12:00 AM,12/03/97 12:00 AM,"end mandate"
461,185,"E",02/03/93 12:00 AM,12/03/97 12:00 AM,"end mandate"
462,0,"E",02/03/93 12:00 AM,12/03/97 12:00 AM,"end mandate"
463,0,"E",02/03/93 12:00 AM,12/03/97 12:00 AM,"end mandate"
464,145,"E",02/03/93 12:00 AM,12/09/95 12:00 AM,"death"
465,41,"E",02/03/93 12:00 AM,12/03/97 12:00 AM,"end mandate"
466,206,"E",02/03/93 12:00 AM,12/03/97 12:00 AM,"end mandate"
467,64,"E",02/03/93 12:00 AM,12/03/97 12:00 AM,"end mandate"
468,110,"E",02/03/93 12:00 AM,12/03/97 12:00 AM,"end mandate"
469,1,"E",02/03/93 12:00 AM,12/03/97 12:00 AM,"end mandate"
470,152,"E",05/05/97 12:00 AM,12/03/97 12:00 AM,"end mandate"
471,137,"E",01/11/97 12:00 AM,12/03/97 12:00 AM,"end mandate"
472,160,"E",10/24/96 12:00 AM,12/03/97 12:00 AM,"end mandate"
473,164,"E",11/04/96 12:00 AM,12/03/97 12:00 AM,"end mandate"
474,141,"E",01/01/97 12:00 AM,12/03/97 12:00 AM,"end mandate"
475,190,"E",07/07/96 12:00 AM,12/03/97 12:00 AM,"end mandate"
476,192,"E",12/22/95 12:00 AM,12/03/97 12:00 AM,"end mandate"
477,40,"E",10/02/97 12:00 AM,12/03/97 12:00 AM,"end mandate"
478,172,"E",02/29/96 12:00 AM,12/03/97 12:00 AM,"end mandate"
479,83,"E",12/31/96 12:00 AM,12/03/97 12:00 AM,"end mandate"
480,145,"E",03/16/96 12:00 AM,12/03/97 12:00 AM,"end mandate"
481,56,"E",01/09/98 12:00 AM,11/25/02 12:00 AM,"end mandate"
482,55,"E",01/09/98 12:00 AM,11/25/02 12:00 AM,"end mandate"
483,76,"E",01/09/98 12:00 AM,11/25/02 12:00 AM,"end mandate"
484,103,"E",01/09/98 12:00 AM,11/25/02 12:00 AM,"end mandate"
485,67,"E",01/09/98 12:00 AM,11/25/02 12:00 AM,"end mandate"
486,37,"E",01/09/98 12:00 AM,11/25/02 12:00 AM,"end mandate"
487,78,"E",01/09/98 12:00 AM,11/25/02 12:00 AM,"end mandate"
488,24,"E",01/09/98 12:00 AM,11/25/02 12:00 AM,"end mandate"
489,45,"E",01/09/98 12:00 AM,04/04/99 12:00 AM,"death"
490,152,"E",01/09/98 12:00 AM,11/25/02 12:00 AM,"end mandate"
491,16,"E",01/09/98 12:00 AM,11/25/02 12:00 AM,"end mandate"
492,0,"E",01/09/98 12:00 AM,11/25/02 12:00 AM,"end mandate"
493,104,"E",01/09/98 12:00 AM,11/25/02 12:00 AM,"end mandate"
494,169,"E",01/09/98 12:00 AM,11/25/02 12:00 AM,"end mandate"
495,209,"E",01/09/98 12:00 AM,11/25/02 12:00 AM,"end mandate"
496,171,"E",01/09/98 12:00 AM,11/25/02 12:00 AM,"end mandate"
497,188,"E",01/09/98 12:00 AM,11/25/02 12:00 AM,"end mandate"
498,33,"E",01/09/98 12:00 AM,11/25/02 12:00 AM,"end mandate"
499,85,"E",01/09/98 12:00 AM,11/25/02 12:00 AM,"end mandate"
500,93,"E",01/09/98 12:00 AM,11/25/02 12:00 AM,"end mandate"
501,158,"E",01/09/98 12:00 AM,11/25/02 12:00 AM,"end mandate"
502,105,"E",01/09/98 12:00 AM,11/25/02 12:00 AM,"end mandate"
503,137,"E",01/09/98 12:00 AM,11/25/02 12:00 AM,"end mandate"
504,77,"E",01/09/98 12:00 AM,11/25/02 12:00 AM,"end mandate"
505,197,"E",01/09/98 12:00 AM,11/25/02 12:00 AM,"end mandate"
506,51,"E",01/09/98 12:00 AM,11/25/02 12:00 AM,"end mandate"
507,0,"E",01/09/98 12:00 AM,11/25/02 12:00 AM,"end mandate"
508,0,"E",01/09/98 12:00 AM,11/25/02 12:00 AM,"end mandate"
509,147,"E",01/09/98 12:00 AM,11/25/02 12:00 AM,"end mandate"
510,173,"E",01/09/98 12:00 AM,11/25/02 12:00 AM,"end mandate"
511,114,"E",01/09/98 12:00 AM,11/25/02 12:00 AM,"end mandate"
512,99,"E",01/09/98 12:00 AM,11/25/02 12:00 AM,"end mandate"
513,38,"E",01/09/98 12:00 AM,11/25/02 12:00 AM,"end mandate"
514,96,"E",01/09/98 12:00 AM,11/25/02 12:00 AM,"end mandate"
515,43,"E",01/09/98 12:00 AM,11/25/02 12:00 AM,"end mandate"
516,68,"E",01/09/98 12:00 AM,11/25/02 12:00 AM,"end mandate"
517,202,"E",01/09/98 12:00 AM,11/25/02 12:00 AM,"end mandate"
518,4,"E",01/09/98 12:00 AM,11/25/02 12:00 AM,"end mandate"
519,81,"E",01/09/98 12:00 AM,11/25/02 12:00 AM,"end mandate"
520,42,"E",01/09/98 12:00 AM,03/05/99 12:00 AM,"death"
521,12,"E",01/09/98 12:00 AM,11/25/02 12:00 AM,"end mandate"
522,82,"E",01/09/98 12:00 AM,11/25/02 12:00 AM,"end mandate"
523,0,"E",01/09/98 12:00 AM,11/25/02 12:00 AM,"end mandate"
524,142,"E",01/09/98 12:00 AM,11/25/02 12:00 AM,"end mandate"
525,116,"E",01/09/98 12:00 AM,11/25/02 12:00 AM,"end mandate"
526,167,"E",01/09/98 12:00 AM,11/25/02 12:00 AM,"end mandate"
527,79,"E",01/09/98 12:00 AM,11/25/02 12:00 AM,"end mandate"
528,23,"E",01/09/98 12:00 AM,11/25/02 12:00 AM,"end mandate"
529,69,"E",01/09/98 12:00 AM,11/25/02 12:00 AM,"end mandate"
530,14,"E",01/09/98 12:00 AM,11/25/02 12:00 AM,"end mandate"
531,118,"E",01/09/98 12:00 AM,11/25/02 12:00 AM,"end mandate"
532,198,"E",01/09/98 12:00 AM,11/25/02 12:00 AM,"end mandate"
533,0,"E",01/09/98 12:00 AM,03/09/02 12:00 AM,"resignation"
534,0,"E",01/09/98 12:00 AM,11/25/02 12:00 AM,"end mandate"
535,41,"E",01/09/98 12:00 AM,11/25/02 12:00 AM,"end mandate"
536,206,"E",01/09/98 12:00 AM,11/25/02 12:00 AM,"end mandate"
537,162,"E",01/09/98 12:00 AM,11/25/02 12:00 AM,"end mandate"
538,199,"E",01/09/98 12:00 AM,11/25/02 12:00 AM,"end mandate"
539,10,"E",01/09/98 12:00 AM,11/25/02 12:00 AM,"end mandate"
540,3,"E",01/09/98 12:00 AM,11/25/02 12:00 AM,"end mandate"
541,46,"E",01/09/98 12:00 AM,11/25/02 12:00 AM,"end mandate"
542,178,"E",01/09/98 12:00 AM,11/25/02 12:00 AM,"end mandate"
543,194,"E",01/09/98 12:00 AM,11/25/02 12:00 AM,"end mandate"
544,90,"E",01/09/98 12:00 AM,11/25/02 12:00 AM,"end mandate"
545,124,"E",01/09/98 12:00 AM,11/25/02 12:00 AM,"end mandate"
546,84,"E",01/09/98 12:00 AM,04/28/00 12:00 AM,"death"
547,22,"E",01/09/98 12:00 AM,11/25/02 12:00 AM,"end mandate"
548,121,"E",01/09/98 12:00 AM,11/25/02 12:00 AM,"end mandate"
549,205,"E",01/09/98 12:00 AM,11/25/02 12:00 AM,"end mandate"
550,187,"E",01/09/98 12:00 AM,11/25/02 12:00 AM,"end mandate"
551,65,"E",01/09/98 12:00 AM,11/25/02 12:00 AM,"end mandate"
552,111,"E",01/09/98 12:00 AM,11/25/02 12:00 AM,"end mandate"
553,88,"E",01/09/98 12:00 AM,11/25/02 12:00 AM,"end mandate"
554,138,"E",01/09/98 12:00 AM,11/25/02 12:00 AM,"end mandate"
555,62,"E",01/09/98 12:00 AM,11/25/02 12:00 AM,"end mandate"
556,146,"E",01/09/98 12:00 AM,11/25/02 12:00 AM,"end mandate"
557,177,"E",01/09/98 12:00 AM,11/25/02 12:00 AM,"end mandate"
558,144,"E",01/09/98 12:00 AM,11/25/02 12:00 AM,"end mandate"
559,0,"E",01/09/98 12:00 AM,11/25/02 12:00 AM,"end mandate"
560,18,"E",01/09/98 12:00 AM,11/25/02 12:00 AM,"end mandate"
561,27,"E",01/09/98 12:00 AM,11/25/02 12:00 AM,"end mandate"
562,170,"E",01/09/98 12:00 AM,11/25/02 12:00 AM,"end mandate"
563,166,"E",01/09/98 12:00 AM,11/25/02 12:00 AM,"end mandate"
564,113,"E",01/09/98 12:00 AM,11/25/02 12:00 AM,"end mandate"
565,207,"E",01/09/98 12:00 AM,11/25/02 12:00 AM,"end mandate"
566,161,"E",01/09/98 12:00 AM,11/25/02 12:00 AM,"end mandate"
567,39,"E",01/09/98 12:00 AM,11/25/02 12:00 AM,"end mandate"
568,0,"E",01/09/98 12:00 AM,11/25/02 12:00 AM,"end mandate"
569,30,"E",01/09/98 12:00 AM,11/25/02 12:00 AM,"end mandate"
570,125,"E",01/09/98 12:00 AM,11/25/02 12:00 AM,"end mandate"
571,87,"E",01/09/98 12:00 AM,11/25/02 12:00 AM,"end mandate"
572,59,"E",01/09/98 12:00 AM,11/25/02 12:00 AM,"end mandate"
573,204,"E",01/09/98 12:00 AM,11/25/02 12:00 AM,"end mandate"
574,29,"E",01/09/98 12:00 AM,11/25/02 12:00 AM,"end mandate"
575,75,"E",01/09/98 12:00 AM,01/29/00 12:00 AM,"resignation"
576,189,"E",01/09/98 12:00 AM,11/25/02 12:00 AM,"end mandate"
577,176,"E",01/09/98 12:00 AM,11/25/02 12:00 AM,"end mandate"
578,0,"E",01/09/98 12:00 AM,11/25/02 12:00 AM,"end mandate"
579,123,"E",01/09/98 12:00 AM,11/25/02 12:00 AM,"end mandate"
580,52,"E",01/09/98 12:00 AM,11/25/02 12:00 AM,"end mandate"
581,54,"E",01/09/98 12:00 AM,11/25/02 12:00 AM,"end mandate"
582,153,"E",01/09/98 12:00 AM,11/25/02 12:00 AM,"end mandate"
583,192,"E",01/09/98 12:00 AM,11/25/02 12:00 AM,"end mandate"
584,165,"E",01/09/98 12:00 AM,11/25/02 12:00 AM,"end mandate"
585,48,"E",01/09/98 12:00 AM,11/25/02 12:00 AM,"end mandate"
586,34,"E",01/09/98 12:00 AM,11/25/02 12:00 AM,"end mandate"
587,19,"E",01/09/98 12:00 AM,11/25/02 12:00 AM,"end mandate"
588,190,"E",01/09/98 12:00 AM,11/25/02 12:00 AM,"end mandate"
589,195,"E",01/09/98 12:00 AM,11/25/02 12:00 AM,"end mandate"
590,89,"E",01/09/98 12:00 AM,11/25/02 12:00 AM,"end mandate"
591,32,"E",01/09/98 12:00 AM,11/25/02 12:00 AM,"end mandate"
592,129,"E",01/09/98 12:00 AM,11/25/02 12:00 AM,"end mandate"
593,183,"E",01/09/98 12:00 AM,11/25/02 12:00 AM,"end mandate"
594,133,"E",01/09/98 12:00 AM,11/25/02 12:00 AM,"end mandate"
595,97,"E",01/09/98 12:00 AM,11/25/02 12:00 AM,"end mandate"
596,36,"E",01/09/98 12:00 AM,11/25/02 12:00 AM,"end mandate"
597,155,"E",01/09/98 12:00 AM,11/25/02 12:00 AM,"end mandate"
598,203,"E",01/09/98 12:00 AM,11/25/02 12:00 AM,"end mandate"
599,128,"E",01/09/98 12:00 AM,11/25/02 12:00 AM,"end mandate"
600,150,"E",01/09/98 12:00 AM,11/25/02 12:00 AM,"end mandate"
601,100,"E",01/09/98 12:00 AM,11/25/02 12:00 AM,"end mandate"
602,53,"E",01/09/98 12:00 AM,11/25/02 12:00 AM,"end mandate"
603,91,"E",01/09/98 12:00 AM,11/25/02 12:00 AM,"end mandate"
604,172,"E",01/09/98 12:00 AM,11/25/02 12:00 AM,"end mandate"
605,8,"E",01/09/98 12:00 AM,11/25/02 12:00 AM,"end mandate"
606,140,"E",01/09/98 12:00 AM,11/25/02 12:00 AM,"end mandate"
607,73,"E",01/09/98 12:00 AM,11/25/02 12:00 AM,"end mandate"
608,98,"E",01/09/98 12:00 AM,11/25/02 12:00 AM,"end mandate"
609,35,"E",01/09/98 12:00 AM,11/25/02 12:00 AM,"end mandate"
610,66,"E",01/09/98 12:00 AM,11/25/02 12:00 AM,"end mandate"
611,184,"E",01/09/98 12:00 AM,11/25/02 12:00 AM,"end mandate"
612,185,"E",01/09/98 12:00 AM,11/25/02 12:00 AM,"end mandate"
613,181,"E",01/09/98 12:00 AM,11/25/02 12:00 AM,"end mandate"
614,163,"E",01/09/98 12:00 AM,11/25/02 12:00 AM,"end mandate"
615,174,"E",01/09/98 12:00 AM,11/25/02 12:00 AM,"end mandate"
616,149,"E",01/09/98 12:00 AM,11/25/02 12:00 AM,"end mandate"
617,164,"E",01/09/98 12:00 AM,11/25/02 12:00 AM,"end mandate"
618,122,"E",01/09/98 12:00 AM,11/25/02 12:00 AM,"end mandate"
619,109,"E",01/09/98 12:00 AM,11/25/02 12:00 AM,"end mandate"
620,2,"E",01/09/98 12:00 AM,11/25/02 12:00 AM,"end mandate"
621,154,"E",01/09/98 12:00 AM,11/25/02 12:00 AM,"end mandate"
622,143,"E",01/09/98 12:00 AM,11/25/02 12:00 AM,"end mandate"
623,131,"E",01/09/98 12:00 AM,11/25/02 12:00 AM,"end mandate"
624,135,"E",01/09/98 12:00 AM,11/25/02 12:00 AM,"end mandate"
625,28,"E",01/09/98 12:00 AM,11/25/02 12:00 AM,"end mandate"
626,95,"E",01/09/98 12:00 AM,11/25/02 12:00 AM,"end mandate"
627,58,"E",01/09/98 12:00 AM,08/12/99 12:00 AM,"death"
628,179,"E",01/09/98 12:00 AM,11/25/02 12:00 AM,"end mandate"
629,119,"E",01/09/98 12:00 AM,11/25/02 12:00 AM,"end mandate"
630,117,"E",01/09/98 12:00 AM,11/25/02 12:00 AM,"end mandate"
631,57,"E",01/09/98 12:00 AM,11/25/02 12:00 AM,"end mandate"
632,157,"E",01/09/98 12:00 AM,11/25/02 12:00 AM,"end mandate"
633,9,"E",01/09/98 12:00 AM,11/25/02 12:00 AM,"end mandate"
634,17,"E",01/09/98 12:00 AM,11/25/02 12:00 AM,"end mandate"
635,160,"E",01/09/98 12:00 AM,11/25/02 12:00 AM,"end mandate"
636,200,"E",01/09/98 12:00 AM,11/25/02 12:00 AM,"end mandate"
637,115,"E",01/09/98 12:00 AM,11/25/02 12:00 AM,"end mandate"
638,126,"E",01/09/98 12:00 AM,11/25/02 12:00 AM,"end mandate"
639,72,"E",01/09/98 12:00 AM,12/30/99 12:00 AM,"death"
640,145,"E",01/09/98 12:00 AM,11/25/02 12:00 AM,"end mandate"
641,136,"E",01/09/98 12:00 AM,11/25/02 12:00 AM,"end mandate"
642,106,"E",01/09/98 12:00 AM,11/25/02 12:00 AM,"end mandate"
643,112,"E",01/09/98 12:00 AM,11/25/02 12:00 AM,"end mandate"
644,196,"E",01/09/98 12:00 AM,11/25/02 12:00 AM,"end mandate"
645,168,"E",01/09/98 12:00 AM,11/25/02 12:00 AM,"end mandate"
646,47,"E",01/09/98 12:00 AM,11/25/02 12:00 AM,"end mandate"
647,92,"E",01/09/98 12:00 AM,11/25/02 12:00 AM,"end mandate"
648,63,"E",01/09/98 12:00 AM,11/25/02 12:00 AM,"end mandate"
649,208,"E",01/09/98 12:00 AM,11/25/02 12:00 AM,"end mandate"
650,193,"E",01/09/98 12:00 AM,11/25/02 12:00 AM,"end mandate"
651,13,"E",01/09/98 12:00 AM,11/25/02 12:00 AM,"end mandate"
652,60,"E",01/09/98 12:00 AM,11/25/02 12:00 AM,"end mandate"
653,61,"E",01/09/98 12:00 AM,11/25/02 12:00 AM,"end mandate"
654,5,"E",01/09/98 12:00 AM,11/25/02 12:00 AM,"end mandate"
655,180,"E",01/09/98 12:00 AM,11/25/02 12:00 AM,"end mandate"
656,127,"E",01/09/98 12:00 AM,11/25/02 12:00 AM,"end mandate"
657,70,"E",01/09/98 12:00 AM,11/25/02 12:00 AM,"end mandate"
658,21,"E",01/09/98 12:00 AM,11/25/02 12:00 AM,"end mandate"
659,201,"E",01/09/98 12:00 AM,11/25/02 12:00 AM,"end mandate"
660,151,"E",01/09/98 12:00 AM,11/25/02 12:00 AM,"end mandate"
661,74,"E",01/09/98 12:00 AM,11/25/02 12:00 AM,"end mandate"
662,141,"E",01/09/98 12:00 AM,11/25/02 12:00 AM,"end mandate"
663,139,"E",01/09/98 12:00 AM,11/25/02 12:00 AM,"end mandate"
664,83,"E",01/09/98 12:00 AM,11/25/02 12:00 AM,"end mandate"
665,80,"E",01/09/98 12:00 AM,11/25/02 12:00 AM,"end mandate"
666,44,"E",01/09/98 12:00 AM,11/25/02 12:00 AM,"end mandate"
667,134,"E",01/09/98 12:00 AM,11/25/02 12:00 AM,"end mandate"
668,210,"E",01/09/98 12:00 AM,11/25/02 12:00 AM,"end mandate"
669,71,"E",01/09/98 12:00 AM,11/25/02 12:00 AM,"end mandate"
670,15,"E",01/09/98 12:00 AM,11/25/02 12:00 AM,"end mandate"
671,175,"E",01/09/98 12:00 AM,11/25/02 12:00 AM,"end mandate"
672,11,"E",01/09/98 12:00 AM,11/25/02 12:00 AM,"end mandate"
673,7,"E",01/09/98 12:00 AM,11/25/02 12:00 AM,"end mandate"
674,107,"E",01/09/98 12:00 AM,12/14/00 12:00 AM,"resignation"
675,191,"E",01/09/98 12:00 AM,11/25/02 12:00 AM,"end mandate"
676,31,"E",01/09/98 12:00 AM,11/25/02 12:00 AM,"end mandate"
677,120,"E",01/09/98 12:00 AM,11/25/02 12:00 AM,"end mandate"
678,49,"E",01/09/98 12:00 AM,11/25/02 12:00 AM,"end mandate"
679,50,"E",01/09/98 12:00 AM,11/25/02 12:00 AM,"end mandate"
680,86,"E",01/09/98 12:00 AM,11/25/02 12:00 AM,"end mandate"
681,182,"E",01/09/98 12:00 AM,11/25/02 12:00 AM,"end mandate"
682,156,"E",01/09/98 12:00 AM,04/18/02 12:00 AM,"resignation"
683,186,"E",01/09/98 12:00 AM,08/03/01 12:00 AM,"death"
684,25,"E",01/09/98 12:00 AM,11/25/02 12:00 AM,"end mandate"
685,132,"E",01/09/98 12:00 AM,11/25/02 12:00 AM,"end mandate"
686,148,"E",01/09/98 12:00 AM,11/25/02 12:00 AM,"end mandate"
687,102,"E",01/09/98 12:00 AM,11/25/02 12:00 AM,"end mandate"
688,108,"E",01/09/98 12:00 AM,11/25/02 12:00 AM,"end mandate"
689,6,"E",01/09/98 12:00 AM,11/25/02 12:00 AM,"end mandate"
690,130,"E",01/09/98 12:00 AM,11/25/02 12:00 AM,"end mandate"
691,20,"E",01/09/98 12:00 AM,11/25/02 12:00 AM,"end mandate"
692,26,"E",01/09/98 12:00 AM,11/25/02 12:00 AM,"end mandate"
693,101,"E",01/09/98 12:00 AM,11/25/02 12:00 AM,"end mandate"
694,94,"E",01/09/98 12:00 AM,11/25/02 12:00 AM,"end mandate"
695,159,"E",01/09/98 12:00 AM,11/25/02 12:00 AM,"end mandate"
696,40,"E",01/09/98 12:00 AM,11/25/02 12:00 AM,"end mandate"
697,64,"E",01/09/98 12:00 AM,11/25/02 12:00 AM,"end mandate"
698,110,"E",01/09/98 12:00 AM,11/25/02 12:00 AM,"end mandate"
699,1,"E",01/09/98 12:00 AM,11/25/02 12:00 AM,"end mandate"
700,0,"E",01/09/98 12:00 AM,11/25/02 12:00 AM,"end mandate"
701,0,"E",01/09/98 12:00 AM,11/25/02 12:00 AM,"end mandate"
702,0,"E",01/09/98 12:00 AM,11/25/02 12:00 AM,"end mandate"
703,0,"E",01/09/98 12:00 AM,11/25/02 12:00 AM,"end mandate"
704,0,"E",01/09/98 12:00 AM,11/25/02 12:00 AM,"end mandate"
705,0,"E",01/09/98 12:00 AM,11/25/02 12:00 AM,"end mandate"
706,0,"E",01/09/98 12:00 AM,11/25/02 12:00 AM,"end mandate"
707,0,"E",01/09/98 12:00 AM,11/25/02 12:00 AM,"end mandate"
708,0,"E",01/09/98 12:00 AM,11/25/02 12:00 AM,"end mandate"
709,45,"E",07/04/99 12:00 AM,11/25/02 12:00 AM,"end mandate"
710,42,"E",06/04/99 12:00 AM,11/25/02 12:00 AM,"end mandate"
711,0,"E",06/08/02 12:00 AM,11/25/02 12:00 AM,"end mandate"
712,84,"E",07/28/00 12:00 AM,11/25/02 12:00 AM,"end mandate"
713,75,"E",04/29/00 12:00 AM,11/25/02 12:00 AM,"end mandate"
714,58,"E",11/11/99 12:00 AM,11/25/02 12:00 AM,"end mandate"
715,72,"E",03/30/00 12:00 AM,11/25/02 12:00 AM,"end mandate"
716,107,"E",03/15/01 12:00 AM,11/25/02 12:00 AM,"end mandate"
717,156,"E",07/18/02 12:00 AM,11/25/02 12:00 AM,"end mandate"
718,186,"E",11/02/01 12:00 AM,11/25/02 12:00 AM,"end mandate"
719,56,"E",01/05/03 12:00 AM,,"end mandate"
720,55,"E",01/05/03 12:00 AM,,"end mandate"
721,67,"E",01/05/03 12:00 AM,,"end mandate"
722,37,"E",01/05/03 12:00 AM,,"end mandate"
723,78,"E",01/05/03 12:00 AM,,"end mandate"
724,24,"E",01/05/03 12:00 AM,,"end mandate"
725,16,"E",01/05/03 12:00 AM,,"end mandate"
726,0,"E",01/05/03 12:00 AM,,"end mandate"
727,169,"E",01/05/03 12:00 AM,,"end mandate"
728,209,"E",01/05/03 12:00 AM,04/12/04 12:00 AM,"resignation"
729,171,"E",01/05/03 12:00 AM,,"end mandate"
730,188,"E",01/05/03 12:00 AM,,"end mandate"
731,33,"E",01/05/03 12:00 AM,,"end mandate"
732,85,"E",01/05/03 12:00 AM,,"end mandate"
733,93,"E",01/05/03 12:00 AM,,"end mandate"
734,158,"E",01/05/03 12:00 AM,,"end mandate"
735,105,"E",01/05/03 12:00 AM,,"end mandate"
736,137,"E",01/05/03 12:00 AM,,"end mandate"
737,77,"E",01/05/03 12:00 AM,,"end mandate"
738,197,"E",01/05/03 12:00 AM,,"end mandate"
739,0,"E",01/05/03 12:00 AM,,"end mandate"
740,0,"E",01/05/03 12:00 AM,,"end mandate"
741,173,"E",01/05/03 12:00 AM,,"end mandate"
742,114,"E",01/05/03 12:00 AM,,"end mandate"
743,99,"E",01/05/03 12:00 AM,,"end mandate"
744,38,"E",01/05/03 12:00 AM,,"end mandate"
745,96,"E",01/05/03 12:00 AM,,"end mandate"
746,43,"E",01/05/03 12:00 AM,,"end mandate"
747,68,"E",01/05/03 12:00 AM,,"end mandate"
748,202,"E",01/05/03 12:00 AM,,"end mandate"
749,4,"E",01/05/03 12:00 AM,,"end mandate"
750,81,"E",01/05/03 12:00 AM,,"end mandate"
751,12,"E",01/05/03 12:00 AM,,"end mandate"
752,82,"E",01/05/03 12:00 AM,,"end mandate"
753,0,"E",01/05/03 12:00 AM,,"end mandate"
754,142,"E",01/05/03 12:00 AM,02/25/05 12:00 AM,"death"
755,199,"E",01/05/03 12:00 AM,,"end mandate"
756,10,"E",01/05/03 12:00 AM,,"end mandate"
757,3,"E",01/05/03 12:00 AM,,"end mandate"
758,46,"E",01/05/03 12:00 AM,,"end mandate"
759,178,"E",01/05/03 12:00 AM,,"end mandate"
760,194,"E",01/05/03 12:00 AM,,"end mandate"
761,90,"E",01/05/03 12:00 AM,,"end mandate"
762,124,"E",01/05/03 12:00 AM,,"end mandate"
763,22,"E",01/05/03 12:00 AM,,"end mandate"
764,121,"E",01/05/03 12:00 AM,,"end mandate"
765,205,"E",01/05/03 12:00 AM,,"end mandate"
766,187,"E",01/05/03 12:00 AM,,"end mandate"
767,65,"E",01/05/03 12:00 AM,,"end mandate"
768,111,"E",01/05/03 12:00 AM,,"end mandate"
769,88,"E",01/05/03 12:00 AM,,"end mandate"
770,138,"E",01/05/03 12:00 AM,,"end mandate"
771,62,"E",01/05/03 12:00 AM,,"end mandate"
772,146,"E",01/05/03 12:00 AM,,"end mandate"
773,177,"E",01/05/03 12:00 AM,,"end mandate"
774,144,"E",01/05/03 12:00 AM,,"end mandate"
775,0,"E",01/05/03 12:00 AM,,"end mandate"
776,18,"E",01/05/03 12:00 AM,,"end mandate"
777,27,"E",01/05/03 12:00 AM,,"end mandate"
778,170,"E",01/05/03 12:00 AM,,"end mandate"
779,166,"E",01/05/03 12:00 AM,,"end mandate"
780,113,"E",01/05/03 12:00 AM,,"end mandate"
781,207,"E",01/05/03 12:00 AM,,"end mandate"
782,161,"E",01/05/03 12:00 AM,,"end mandate"
783,39,"E",01/05/03 12:00 AM,,"end mandate"
784,0,"E",01/05/03 12:00 AM,,"end mandate"
785,30,"E",01/05/03 12:00 AM,,"end mandate"
786,125,"E",01/05/03 12:00 AM,,"end mandate"
787,87,"E",01/05/03 12:00 AM,,"end mandate"
788,59,"E",01/05/03 12:00 AM,,"end mandate"
789,204,"E",01/05/03 12:00 AM,,"end mandate"
790,29,"E",01/05/03 12:00 AM,,"end mandate"
791,189,"E",01/05/03 12:00 AM,,"end mandate"
792,176,"E",01/05/03 12:00 AM,,"end mandate"
793,0,"E",01/05/03 12:00 AM,,"end mandate"
794,123,"E",01/05/03 12:00 AM,,"end mandate"
795,52,"E",01/05/03 12:00 AM,,"end mandate"
796,54,"E",01/05/03 12:00 AM,,"end mandate"
797,153,"E",01/05/03 12:00 AM,,"end mandate"
798,192,"E",01/05/03 12:00 AM,,"end mandate"
799,165,"E",01/05/03 12:00 AM,,"end mandate"
800,48,"E",01/05/03 12:00 AM,,"end mandate"
801,34,"E",01/05/03 12:00 AM,,"end mandate"
802,19,"E",01/05/03 12:00 AM,,"end mandate"
803,190,"E",01/05/03 12:00 AM,,"end mandate"
804,195,"E",01/05/03 12:00 AM,,"end mandate"
805,89,"E",01/05/03 12:00 AM,,"end mandate"
806,32,"E",01/05/03 12:00 AM,,"end mandate"
807,129,"E",01/05/03 12:00 AM,,"end mandate"
808,183,"E",01/05/03 12:00 AM,,"end mandate"
809,133,"E",01/05/03 12:00 AM,,"end mandate"
810,97,"E",01/05/03 12:00 AM,,"end mandate"
811,36,"E",01/05/03 12:00 AM,,"end mandate"
812,155,"E",01/05/03 12:00 AM,,"end mandate"
813,203,"E",01/05/03 12:00 AM,,"end mandate"
814,128,"E",01/05/03 12:00 AM,,"end mandate"
815,150,"E",01/05/03 12:00 AM,06/16/06 12:00 AM,"death"
816,100,"E",01/05/03 12:00 AM,,"end mandate"
817,53,"E",01/05/03 12:00 AM,,"end mandate"
818,91,"E",01/05/03 12:00 AM,,"end mandate"
819,172,"E",01/05/03 12:00 AM,,"end mandate"
820,8,"E",01/05/03 12:00 AM,,"end mandate"
821,140,"E",01/05/03 12:00 AM,,"end mandate"
822,73,"E",01/05/03 12:00 AM,,"end mandate"
823,98,"E",01/05/03 12:00 AM,,"end mandate"
824,35,"E",01/05/03 12:00 AM,,"end mandate"
825,66,"E",01/05/03 12:00 AM,,"end mandate"
826,149,"E",01/05/03 12:00 AM,,"end mandate"
827,164,"E",01/05/03 12:00 AM,,"end mandate"
828,122,"E",01/05/03 12:00 AM,,"end mandate"
829,109,"E",01/05/03 12:00 AM,,"end mandate"
830,2,"E",01/05/03 12:00 AM,,"end mandate"
831,154,"E",01/05/03 12:00 AM,,"end mandate"
832,143,"E",01/05/03 12:00 AM,,"end mandate"
833,131,"E",01/05/03 12:00 AM,,"end mandate"
834,135,"E",01/05/03 12:00 AM,,"end mandate"
835,28,"E",01/05/03 12:00 AM,,"end mandate"
836,95,"E",01/05/03 12:00 AM,,"end mandate"
837,179,"E",01/05/03 12:00 AM,,"end mandate"
838,119,"E",01/05/03 12:00 AM,,"end mandate"
839,117,"E",01/05/03 12:00 AM,,"end mandate"
840,57,"E",01/05/03 12:00 AM,,"end mandate"
841,157,"E",01/05/03 12:00 AM,,"end mandate"
842,9,"E",01/05/03 12:00 AM,,"end mandate"
843,17,"E",01/05/03 12:00 AM,,"end mandate"
844,160,"E",01/05/03 12:00 AM,,"end mandate"
845,200,"E",01/05/03 12:00 AM,,"end mandate"
846,115,"E",01/05/03 12:00 AM,,"end mandate"
847,126,"E",01/05/03 12:00 AM,,"end mandate"
848,145,"E",01/05/03 12:00 AM,,"end mandate"
849,136,"E",01/05/03 12:00 AM,,"end mandate"
850,106,"E",01/05/03 12:00 AM,,"end mandate"
851,92,"E",01/05/03 12:00 AM,,"end mandate"
852,63,"E",01/05/03 12:00 AM,07/07/06 12:00 AM,"death"
853,208,"E",01/05/03 12:00 AM,,"end mandate"
854,193,"E",01/05/03 12:00 AM,,"end mandate"
855,13,"E",01/05/03 12:00 AM,08/18/03 12:00 AM,"death"
856,60,"E",01/05/03 12:00 AM,,"end mandate"
857,61,"E",01/05/03 12:00 AM,,"end mandate"
858,5,"E",01/05/03 12:00 AM,,"end mandate"
859,180,"E",01/05/03 12:00 AM,,"end mandate"
860,127,"E",01/05/03 12:00 AM,,"end mandate"
861,70,"E",01/05/03 12:00 AM,,"end mandate"
862,21,"E",01/05/03 12:00 AM,,"end mandate"
863,201,"E",01/05/03 12:00 AM,,"end mandate"
864,151,"E",01/05/03 12:00 AM,,"end mandate"
865,74,"E",01/05/03 12:00 AM,,"end mandate"
866,141,"E",01/05/03 12:00 AM,,"end mandate"
867,139,"E",01/05/03 12:00 AM,,"end mandate"
868,83,"E",01/05/03 12:00 AM,,"end mandate"
869,44,"E",01/05/03 12:00 AM,,"end mandate"
870,134,"E",01/05/03 12:00 AM,,"end mandate"
871,210,"E",01/05/03 12:00 AM,,"end mandate"
872,71,"E",01/05/03 12:00 AM,,"end mandate"
873,15,"E",01/05/03 12:00 AM,,"end mandate"
874,175,"E",01/05/03 12:00 AM,,"end mandate"
875,11,"E",01/05/03 12:00 AM,,"end mandate"
876,7,"E",01/05/03 12:00 AM,,"end mandate"
877,191,"E",01/05/03 12:00 AM,,"end mandate"
878,31,"E",01/05/03 12:00 AM,,"end mandate"
879,120,"E",01/05/03 12:00 AM,,"end mandate"
880,49,"E",01/05/03 12:00 AM,,"end mandate"
881,182,"E",01/05/03 12:00 AM,,"end mandate"
882,25,"E",01/05/03 12:00 AM,,"end mandate"
883,132,"E",01/05/03 12:00 AM,,"end mandate"
884,148,"E",01/05/03 12:00 AM,,"end mandate"
885,102,"E",01/05/03 12:00 AM,,"end mandate"
886,6,"E",01/05/03 12:00 AM,,"end mandate"
887,130,"E",01/05/03 12:00 AM,,"end mandate"
888,20,"E",01/05/03 12:00 AM,,"end mandate"
889,26,"E",01/05/03 12:00 AM,,"end mandate"
890,101,"E",01/05/03 12:00 AM,,"end mandate"
891,94,"E",01/05/03 12:00 AM,,"end mandate"
892,159,"E",01/05/03 12:00 AM,,"end mandate"
893,64,"E",01/05/03 12:00 AM,,"end mandate"
894,110,"E",01/05/03 12:00 AM,,"end mandate"
895,1,"E",01/05/03 12:00 AM,,"end mandate"
896,0,"E",01/05/03 12:00 AM,,"end mandate"
897,0,"E",01/05/03 12:00 AM,,"end mandate"
898,0,"E",01/05/03 12:00 AM,,"end mandate"
899,0,"E",01/05/03 12:00 AM,,"end mandate"
900,0,"E",01/05/03 12:00 AM,,"end mandate"
901,0,"E",01/05/03 12:00 AM,,"end mandate"
902,0,"E",01/05/03 12:00 AM,,"end mandate"
903,0,"E",01/05/03 12:00 AM,,"end mandate"
904,45,"E",01/05/03 12:00 AM,,"end mandate"
905,42,"E",01/05/03 12:00 AM,,"end mandate"
906,0,"E",01/05/03 12:00 AM,,"end mandate"
907,84,"E",01/05/03 12:00 AM,,"end mandate"
908,75,"E",01/05/03 12:00 AM,,"end mandate"
909,58,"E",01/05/03 12:00 AM,,"end mandate"
910,72,"E",01/05/03 12:00 AM,,"end mandate"
911,107,"E",01/05/03 12:00 AM,,"end mandate"
912,156,"E",01/05/03 12:00 AM,,"end mandate"
913,186,"E",01/05/03 12:00 AM,,"end mandate"
914,76,"E",01/05/03 12:00 AM,,"end mandate"
915,103,"E",01/05/03 12:00 AM,,"end mandate"
916,152,"E",01/05/03 12:00 AM,,"end mandate"
917,104,"E",01/05/03 12:00 AM,,"end mandate"
918,51,"E",01/05/03 12:00 AM,,"end mandate"
919,147,"E",01/05/03 12:00 AM,,"end mandate"
920,116,"E",01/05/03 12:00 AM,,"end mandate"
921,167,"E",01/05/03 12:00 AM,,"end mandate"
922,79,"E",01/05/03 12:00 AM,,"end mandate"
923,23,"E",01/05/03 12:00 AM,,"end mandate"
924,69,"E",01/05/03 12:00 AM,01/19/07 12:00 AM,"death"
925,14,"E",01/05/03 12:00 AM,,"end mandate"
926,118,"E",01/05/03 12:00 AM,,"end mandate"
927,198,"E",01/05/03 12:00 AM,,"end mandate"
928,0,"E",01/05/03 12:00 AM,,"end mandate"
929,41,"E",01/05/03 12:00 AM,,"end mandate"
930,206,"E",01/05/03 12:00 AM,,"end mandate"
931,162,"E",01/05/03 12:00 AM,,"end mandate"
932,184,"E",01/05/03 12:00 AM,,"end mandate"
933,185,"E",01/05/03 12:00 AM,,"end mandate"
934,181,"E",01/05/03 12:00 AM,,"end mandate"
935,163,"E",01/05/03 12:00 AM,09/30/06 12:00 AM,"resignation"
936,174,"E",01/05/03 12:00 AM,,"end mandate"
937,112,"E",01/05/03 12:00 AM,,"end mandate"
938,196,"E",01/05/03 12:00 AM,,"end mandate"
939,168,"E",01/05/03 12:00 AM,,"end mandate"
940,47,"E",01/05/03 12:00 AM,,"end mandate"
941,80,"E",01/05/03 12:00 AM,,"end mandate"
942,50,"E",01/05/03 12:00 AM,,"end mandate"
943,86,"E",01/05/03 12:00 AM,,"end mandate"
944,108,"E",01/05/03 12:00 AM,,"end mandate"
945,40,"E",01/05/03 12:00 AM,,"end mandate"
946,0,"E",01/05/03 12:00 AM,,"end mandate"
947,209,"E",07/06/04 12:00 AM,,"end mandate"
948,142,"E",05/21/05 12:00 AM,,"end mandate"
949,150,"E",09/09/06 12:00 AM,,"end mandate"
950,63,"E",09/30/06 12:00 AM,,"end mandate"
951,13,"E",11/11/03 12:00 AM,,"end mandate"
952,69,"E",04/14/07 12:00 AM,,"end mandate"
953,163,"E",12/24/06 12:00 AM,,"end mandate"
