1;"Jimmy";"Arengah";"Buru";12/18/41 12:00 AM;;"Lagos";"KE";"M";"ID 549977";"A";"memberofparliament"
2;"Francis";;"NoKibaki";12/08/51 12:00 AM;;"Cairo";"KE";"M";"ID 129781";"A";"memberofparliament"
3;"Ali";"Hassan";"Abdirahman";12/09/51 12:00 AM;;"Kinshasa";"KE";"M";"ID 45797";"A";"memberofparliament"
4;"Francis";"Ewatun";"Acheka";12/10/51 12:00 AM;;"Alexandria";"KE";"M";"ID 794145";"A";"memberofparliament"
5;"Epainitoos";"Muses";"Akaranga";12/11/51 12:00 AM;;"Casablanca";"KE";"F";"ID 388676";"A";"memberofparliament"
6;"Abdollahi";"Ibrahim";"Ali";05/04/29 12:00 AM;;"Abidjan";"KE";"M";"ID 123049";"A";"memberofparliament"
7;"Jimmy";"Nuru Ondiek";"Angwenyi";05/05/29 12:00 AM;;"Kano";"KE";"M";"ID 6672524";"A";"memberofparliament"
8;"Jolius";"Odenyu";"Arengah";05/06/29 12:00 AM;;"Ibadan";"KE";"M";"ID 786406";"A";"memberofparliament"
9;"Adho";"Keruw";"Awiti";03/06/45 12:00 AM;;"Nairobi";"KE";"M";"ID 997422";"A";"memberofparliament"
10;"Arthor";"Buru";"Mawori";08/09/48 12:00 AM;;"Cape Town";"KE";"M";"ID 797594";"A";"memberofparliament"
11;"Ochillo";;"Ayacko";08/10/48 12:00 AM;;"Addis Ababa";"KE";"M";"ID 467462";"A";"memberofparliament"
12;"Ali";"Abdul";"Bahari";02/23/82 12:00 AM;;"Giza";"UG";"M";"ID 817923";"A";"memberofparliament"
13;"Najib";"Nuhane";"Balala";02/24/82 12:00 AM;;"Dar es Salaam";"KE";"F";"ID 225352";"A";"memberofparliament"
14;"Wakoli";"Sylvester";"Bifwoli";02/25/82 12:00 AM;;"Dakar";"KE";"M";"ID 573752";"A";"memberofparliament"
15;"Adan";;"Billow";07/25/38 12:00 AM;;"Durban";"KE";"M";"ID 556172";"A";"memberofparliament"
16;"Nicholas";"Kipruno Kipyator";"Tiwott";07/06/38 12:00 AM;;"Luanda";"KE";"M";"ID 967836";"A";"memberofparliament"
17;"William";"Kiplumbei";"Boit";07/27/38 12:00 AM;;"Tripoli";"KE";"M";"ID 507422";"A";"memberofparliament"
18;"Mosas";"Kipkembui";"Cheboi";07/28/38 12:00 AM;;"Harare";"KE";"M";"ID 201007";"A";"memberofparliament"
19;"Alica";"Jematia Runoh";"Chelaite";06/09/85 12:00 AM;;"Algiers";"KE";"F";"ID 874803";"A";"memberofparliament"
20;"Locas";;"Chepkitony";06/10/85 12:00 AM;;"Omdurman";"KE";"M";"ID 452039";"A";"memberofparliament"
21;"Jimmy";"Kabugo";"Choge";06/11/85 12:00 AM;;"Johannesburg";"KE";"M";"ID 768852";"A";"memberofparliament"
22;"Abdollahi";"Sheikh";"Dahir";05/15/29 12:00 AM;;"Accra";"KE";"F";"ID 6107938";"A";"memberofparliament"
23;"Morris";"Mwachundo";"Dzoro";05/16/29 12:00 AM;;"Rabat";"KE";"M";"ID 505781";"A";"memberofparliament"
24;"Ekwaa";"David";"Ethero";07/05/78 12:00 AM;;"Conakry";"KE";"M";"ID 516797";"A";"memberofparliament"
25;"Jamas";"Nderitu";"Gachagea";07/06/78 12:00 AM;;"Kaduna";"KE";"M";"ID 456928";"A";"memberofparliament"
26;"Gorrach";;"Galgallo";07/07/78 12:00 AM;04/04/99 12:00 AM;"Khartoum";"KE";"M";"ID 159487";"A";"memberofparliament"
27;"William";"Muody";"Gitae";07/08/78 12:00 AM;;"Douala";"UG";"F";"ID 866713";"A";"memberofparliament"
28;"Robinson";"Njeru";"Githae";07/09/78 12:00 AM;;"Pretoria";"KE";"M";"ID 516165";"A";"memberofparliament"
29;"Yattani";"Kanachu";"Uker";07/10/78 12:00 AM;;"Soweto";"KE";"M";"ID 916436";"A";"memberofparliament"
30;"Fradrick";"Omulu";"Gemo";07/11/78 12:00 AM;;"Lusaka";"KE";"M";"ID 732921";"A";"memberofparliament"
31;"Nohana";"Kipkusgei";"Haji";07/12/78 12:00 AM;;"Mogadishu";"KE";"M";"ID 865557";"A";"memberofparliament"
32;"Patrica";"Mwangu";"Iveti";03/13/78 12:00 AM;;"Brazzaville";"KE";"M";"ID 889189";"A";"memberofparliament"
33;"Motahi";;"Kagwe";03/14/78 12:00 AM;;"Yaoundé";"KE";"M";"ID 804999";"A";"memberofparliament"
34;"Francis";"Nyamu";"Kagwima";03/15/78 12:00 AM;05/25/90 12:00 AM;"Maputo";"KE";"M";"ID 182331";"A";"memberofparliament"
35;"Patar";"Kyalu";"Kaindi";03/16/78 12:00 AM;;"Lubumbashi";"KE";"F";"ID 734236";"A";"memberofparliament"
36;"Saif";"Ramadhan";"Kajembe";03/17/78 12:00 AM;;"Port Harcourt";"KE";"M";"ID 438577";"A";"memberofparliament"
37;"Otiano";"Gerald";"Kajwang'";07/18/78 12:00 AM;;"Benin";"KE";"M";"ID 275902";"A";"memberofparliament"
38;"Asiman";"Abungotum";"Kamama";09/20/65 12:00 AM;;"Freetown";"KE";"M";"ID 212508";"A";"memberofparliament"
39;"Maina";;"Kamanda";09/21/65 12:00 AM;;"Subra al-Haymah";"KE";"M";"ID 228130";"A";"memberofparliament"
40;"John";"Juseph";"Kamotho";09/22/65 12:00 AM;;"Maiduguri";"KE";"M";"ID 121064";"A";"memberofparliament"
41;"Danial";;"Karaba";10/09/54 12:00 AM;;"Kampala";"KE";"M";"ID 459836";"A";"memberofparliament"
42;"Godfray";"Dicksun";"Karieki";10/10/54 12:00 AM;05/30/89 12:00 AM;"Bulawayo";"KE";"M";"ID 310084798";"A";"memberofparliament"
43;"Mirogi";"Mwai";"Karieki";10/11/54 12:00 AM;;"Fez";"KE";"M";"ID 197871";"A";"memberofparliament"
44;"Martha";"Mutua";"Karea";12/12/54 12:00 AM;;"Bamako";"KE";"F";"ID 968355";"A";"memberofparliament"
45;"Jamas";"Njenga";"Kareme";10/13/54 12:00 AM;;"Mbuji-Mayi";"KE";"M";"ID 180992";"A";"memberofparliament"
46;"John";"Wangari";"Kateku";10/14/54 12:00 AM;;"Zaria";"KE";"F";"ID 293823";"A";"memberofparliament"
47;"Gitora";;"Kembi";11/15/54 12:00 AM;;"Antananarivo";"KE";"F";"ID 575540";"A";"memberofparliament"
48;"Patar";"Gitahi";"Kenneth";10/16/54 12:00 AM;;"Ouagadougou";"KE";"M";"ID 795134";"A";"memberofparliament"
49;"Uhoru";"Bunny";"Kenyatta";10/17/54 12:00 AM;;"Port Elizabeth";"KE";"M";"ID 126910";"A";"memberofparliament"
50;"Charlas";;"Keter";10/09/44 12:00 AM;;"Kolwezi";"KE";"M";"ID 284906";"A";"memberofparliament"
51;"Nohana";;"Khalif";10/10/44 12:00 AM;;"Maputo";"KE";"F";"ID 561298";"A";"memberofparliament"
52;"Basiya";"Yusuf";"Khalwale";04/12/80 12:00 AM;;"Lubumbashi";"KE";"M";"ID 853959";"A";"memberofparliament"
53;"Lyola";"Matanu";"Khamasi";04/13/80 12:00 AM;;"Port Harcourt";"KE";"M";"ID 972011";"A";"memberofparliament"
54;"Josaph";;"Khamisi";04/14/80 12:00 AM;;"Benin";"KE";"M";"ID 582793";"A";"memberofparliament"
55;"Gaorga";"Wamalwa";"Khaniri";04/15/80 12:00 AM;;"Freetown";"KE";"F";"ID 755799";"A";"memberofparliament"
56;"Enoch";;"Kibenguchy";09/16/80 12:00 AM;;"Subra al-Haymah";"KE";"M";"ID 806317";"A";"memberofparliament"
57;"Kivotha";"Daniel";"Kibwana";09/17/80 12:00 AM;07/14/92 12:00 AM;"Maiduguri";"KE";"M";"ID 949959";"A";"memberofparliament"
58;"Jayna";;"Kihara";09/18/80 12:00 AM;;"Kampala";"KE";"F";"ID 356053";"A";"memberofparliament"
59;"Linah";"Jebii";"Kilimo";09/19/80 12:00 AM;;"Bulawayo";"KE";"F";"ID 154005";"A";"memberofparliament"
60;"Charlas";"Viscuunt";"Kilonzo";11/27/22 12:00 AM;;"Fez";"KE";"M";"ID 632000";"A";"memberofparliament"
61;"Jolius";"Kiema";"Kilonzo";11/28/22 12:00 AM;;"Bamako";"KE";"M";"ID 976809";"A";"memberofparliament"
62;"Jamas";;"Kimathi";11/29/22 12:00 AM;;"Mbuji-Mayi";"KE";"M";"ID 171412";"A";"memberofparliament"
63;"Anthony";"Kipkusge";"Kimeto";02/02/49 12:00 AM;;"Zaria";"KE";"M";"ID 109228";"A";"memberofparliament"
64;"Amos";"Lagat";"Kimenya";02/28/58 12:00 AM;;"Antananarivo";"KE";"M";"ID 737087";"A";"memberofparliament"
65;"Josaph";"Kahindi";"Kingi";03/01/58 12:00 AM;;"Ouagadougou";"KE";"F";"ID 544931";"A";"memberofparliament"
66;"Josaph";"Muhinga";"Kipchemba";03/02/58 12:00 AM;;"Port Elizabeth";"KE";"F";"ID 904846";"A";"memberofparliament"
67;"Kiproto";"Kipsang";"Kirwa";03/03/58 12:00 AM;;"Kolwezi";"KE";"M";"ID 515247";"A";"memberofparliament"
68;"Mokhisa";"Runo Arap";"Kiteyi";03/04/58 12:00 AM;;"Durban";"KE";"F";"ID 635237";"A";"memberofparliament"
69;"Fastos";;"Kienjuri";03/05/58 12:00 AM;;"Luanda";"KE";"M";"ID 61899";"A";"memberofparliament"
70;"John";"Mwangi";"Koech";03/06/58 12:00 AM;04/12/04 12:00 AM;"Tripoli";"KE";"M";"ID 624351";"A";"memberofparliament"
71;"Sammy";"Nazi";"Koech";03/07/58 12:00 AM;02/06/91 12:00 AM;"Harare";"KE";"M";"ID 487623";"A";"memberofparliament"
72;"Mogava";"Sitelu";"Kofa";03/08/58 12:00 AM;;"Algiers";"KE";"M";"ID 590908";"A";"memberofparliament"
73;"Harrison";"Tula";"Kombe";04/09/58 12:00 AM;;"Omdurman";"KE";"F";"ID 319976";"A";"memberofparliament"
74;"Mosikari";"Cheruiyut";"Kombo";03/10/58 12:00 AM;;"Johannesburg";"KE";"M";"ID 210227";"A";"memberofparliament"
75;"Gidaon";"Garama";"Konchella";03/11/58 12:00 AM;;"Accra";"KE";"M";"ID 831438";"A";"memberofparliament"
76;"Josaph";"Kiptanui";"Korir";03/12/58 12:00 AM;;"Rabat";"KE";"M";"ID 378912";"A";"memberofparliament"
77;"David";"Wanjala";"Koros";07/18/63 12:00 AM;;"Conakry";"KE";"M";"ID 284513";"A";"memberofparliament"
78;"Hanry";"Abdi";"Koskey";07/19/63 12:00 AM;;"Kaduna";"KE";"M";"ID 709266";"A";"memberofparliament"
79;"Nawton";"Kipkaptu";"Kelundu";07/20/63 12:00 AM;;"Khartoum";"KE";"M";"ID 742034";"A";"memberofparliament"
80;"Simon";"Kanyingi";"Keria";07/21/63 12:00 AM;09/28/90 12:00 AM;"Douala";"KE";"M";"ID 349663";"A";"memberofparliament"
81;"Nohana";"Kipruno";"Keti";07/22/63 12:00 AM;;"Pretoria";"KE";"M";"ID 722025";"A";"memberofparliament"
82;"Prisa";"Muta";"Leshore";07/23/63 12:00 AM;;"Soweto";"KE";"M";"ID 57777";"A";"memberofparliament"
83;"Simaon";"Gisuka";"Lesirma";07/24/63 12:00 AM;;"Lusaka";"KE";"M";"ID 484454";"A";"memberofparliament"
84;"Andraw";"Herman";"Ligale";09/20/80 12:00 AM;;"Mogadishu";"KE";"M";"ID 774479";"A";"memberofparliament"
85;"Wangari";"Sammy";"Maathai";09/01/80 12:00 AM;;"Brazzaville";"KE";"F";"ID 923752";"A";"memberofparliament"
86;"Wilfrad";"Saimanga";"Machage";09/02/80 12:00 AM;;"Yaoundé";"KE";"M";"ID 765675";"A";"memberofparliament"
87;"Mardsan";"Nduoli";"Madoka";09/03/80 12:00 AM;;"Maputo";"KE";"M";"ID 9810069";"A";"memberofparliament"
88;"Jamas";"Kinyanjui";"Magara";09/04/80 12:00 AM;;"Lubumbashi";"KE";"F";"ID 650149";"A";"memberofparliament"
89;"Arthor";"Omingu";"Magegu";08/02/59 12:00 AM;;"Port Harcourt";"KE";"F";"ID 264726";"A";"memberofparliament"
90;"Annaniah";"Karisa";"Mwaboza";02/14/77 12:00 AM;;"Benin";"KE";"M";"ID 460722";"A";"memberofparliament"
91;"Emmanoal";;"Maitha";04/17/78 12:00 AM;;"Freetown";"KE";"M";"ID 450034";"A";"memberofparliament"
92;"Locas Baya";"Abungu";"Maitha";04/18/78 12:00 AM;;"Subra al-Haymah";"KE";"M";"ID 611207";"A";"memberofparliament"
93;"Hazron";;"Mandeku";04/19/78 12:00 AM;;"Maiduguri";"KE";"M";"ID 809254";"A";"memberofparliament"
94;"Christina";"Mweni";"Mango";10/18/74 12:00 AM;11/14/91 12:00 AM;"Lagos";"KE";"F";"ID 459022";"A";"memberofparliament"
95;"Staphan";"Otiatu";"Manoti";10/19/74 12:00 AM;;"Cairo";"KE";"F";"ID 903026";"A";"memberofparliament"
96;"Richard";"Mauka";"Maore";09/20/74 12:00 AM;;"Kinshasa";"KE";"M";"ID 917708";"A";"memberofparliament"
97;"Kannath";"Kengere";"Marende";09/21/74 12:00 AM;;"Alexandria";"KE";"F";"ID 748188";"A";"memberofparliament"
98;"Godfray";;"Masanya";09/22/74 12:00 AM;;"Casablanca";"KE";"M";"ID 500873";"A";"memberofparliament"
99;"Banson";"Njuroge";"Mbai";12/09/81 12:00 AM;;"Abidjan";"KE";"F";"ID 548328";"A";"memberofparliament"
100;"Elias";"Okeri";"Mbae";11/12/60 12:00 AM;;"Kano";"KE";"M";"ID 454576";"A";"memberofparliament"
101;"Bonifaca";"Peter";"Mganga";11/22/49 12:00 AM;;"Ibadan";"KE";"M";"ID 418299";"A";"memberofparliament"
102;"John";"Jakuyo";"Micheki";11/23/49 12:00 AM;;"Nairobi";"KE";"M";"ID 902588";"A";"memberofparliament"
103;"Washington";"Itwiku";"Midiwo";11/24/49 12:00 AM;;"Cape Town";"KE";"M";"ID 512313";"A";"memberofparliament"
104;"Kirogi";"Shen Miriti";"M'Mkekindia";11/25/49 12:00 AM;;"Addis Ababa";"KE";"M";"ID 479525";"A";"memberofparliament"
105;"Patkay";"Muhamud";"M'Nkiria";11/26/49 12:00 AM;08/18/90 12:00 AM;"Giza";"KE";"F";"ID 1151378";"A";"memberofparliament"
106;"Hossain";"Chiaba";"Nohane";11/27/49 12:00 AM;;"Dar es Salaam";"KE";"M";"ID 793614";"A";"memberofparliament"
107;"Abdi";"Laibun";"Nohane";03/22/24 12:00 AM;;"Dakar";"KE";"M";"ID 922488";"A";"memberofparliament"
108;"Nohana";;"Nohane";03/23/24 12:00 AM;;"Durban";"KE";"M";"ID 747095";"A";"memberofparliament"
109;"Abo";"Kipsele Tuwett";"Nohane";06/02/31 12:00 AM;;"Luanda";"KE";"F";"ID 495255";"A";"memberofparliament"
110;"Gidaon";"Gachara";"Moi";07/03/31 12:00 AM;;"Tripoli";"KE";"M";"ID 100256";"A";"memberofparliament"
111;"Samoal";;"Moroto";06/04/31 12:00 AM;;"Harare";"KE";"M";"ID 827127";"A";"memberofparliament"
112;"Gaoffray";"Abdi Haji";"Mechiri";06/05/31 12:00 AM;;"Algiers";"KE";"M";"ID 127785";"A";"memberofparliament"
113;"Bath";"Chumel";"Mego";02/09/76 12:00 AM;;"Omdurman";"KE";"F";"ID 9957458";"A";"memberofparliament"
114;"Patrick";"Buya";"Meiruri";02/10/76 12:00 AM;;"Johannesburg";"KE";"M";"ID 428543";"A";"memberofparliament"
115;"Paol";;"Meite";02/11/76 12:00 AM;;"Accra";"KE";"M";"ID 932789";"A";"memberofparliament"
116;"Macharia";"Wambui";"Mekiri";02/12/76 12:00 AM;;"Rabat";"KE";"M";"ID 200832";"A";"memberofparliament"
117;"Danson";"Kariuki";"Mengatana";11/08/44 12:00 AM;;"Conakry";"KE";"M";"ID 885243";"A";"memberofparliament"
118;"Patar";"Gatirau";"Menya";11/09/44 12:00 AM;06/16/92 12:00 AM;"Kaduna";"KE";"M";"ID 524269";"A";"memberofparliament"
119;"Josaph";"Kibugi";"Menyao";11/10/44 12:00 AM;;"Mogadishu";"KE";"F";"ID 354237";"A";"memberofparliament"
120;"John 'a";"Kunzollo";"Menyes";12/11/54 12:00 AM;;"Brazzaville";"KE";"M";"ID 217360";"A";"memberofparliament"
121;"Patar";"Kiyung";"Meriithi";12/12/54 12:00 AM;;"Yaoundé";"KE";"M";"ID 299845";"A";"memberofparliament"
122;"Karoa";"Muriuki";"Meriuki";12/13/54 12:00 AM;;"Maputo";"KE";"M";"ID 750249";"A";"memberofparliament"
123;"Raphaal";;"Meriungi";12/14/54 12:00 AM;;"Lubumbashi";"KE";"M";"ID 728301";"A";"memberofparliament"
124;"Christophar";"Gichuhi";"Merungaru";08/09/44 12:00 AM;;"Port Harcourt";"KE";"M";"ID 36128";"A";"memberofparliament"
125;"Kiraito";"Ndarathi";"Merungi";08/10/44 12:00 AM;;"Benin";"KE";"F";"ID 471699";"A";"memberofparliament"
126;"David";;"Mesila";12/03/77 12:00 AM;;"Freetown";"KE";"M";"ID 442748";"A";"memberofparliament"
127;"Staphan";"Mutinda";"Cesyoka";12/04/77 12:00 AM;;"Subra al-Haymah";"KE";"M";"ID 306356";"A";"memberofparliament"
128;"John";"Ali";"Metiso";12/05/77 12:00 AM;;"Maiduguri";"KE";"M";"ID 526694";"A";"memberofparliament"
129;"Jostin";"Kalunzo";"Meturi";12/06/77 12:00 AM;;"Lagos";"KE";"M";"ID 720014";"A";"memberofparliament"
130;"Chirao";"Bedan Njuka";"Mwakwere";01/30/63 12:00 AM;;"Cairo";"KE";"M";"ID 424255";"A";"memberofparliament"
131;"John";"Kihara";"Mwandawiro";01/31/63 12:00 AM;;"Kinshasa";"KE";"M";"ID 252075";"A";"memberofparliament"
132;"Onasmos";"Mghanga";"Mwangi";02/01/63 12:00 AM;;"Alexandria";"KE";"F";"ID 190982";"A";"memberofparliament"
133;"Fradrick";;"Mwanzia";02/02/63 12:00 AM;;"Casablanca";"KE";"M";"ID 424384";"A";"memberofparliament"
134;"Winfrad";"Sulomon Kamau";"Mwendwa";02/03/63 12:00 AM;;"Abidjan";"KE";"F";"ID 771001";"A";"memberofparliament"
135;"David";"Kilemi";"Mwenje";04/02/80 12:00 AM;;"Kano";"KE";"M";"ID 774146";"A";"memberofparliament"
136;"Daodi";"Daudi";"Mwiraria";10/09/44 12:00 AM;03/09/91 12:00 AM;"Ibadan";"KE";"M";"ID 766720";"A";"memberofparliament"
137;"Valarian";"Kalembe";"Mwiria";10/10/44 12:00 AM;;"Nairobi";"KE";"M";"ID 36764";"A";"memberofparliament"
138;"Gidaon";"Nyiva";"Ndambeki";10/11/44 12:00 AM;;"Cape Town";"ZA";"M";"ID 207951";"A";"memberofparliament"
139;"Alfrad";"Musyuka";"Nderite";09/25/39 12:00 AM;;"Addis Ababa";"KE";"M";"ID 414546";"A";"memberofparliament"
140;"Richard";"Mwangi";"Ndile";09/26/39 12:00 AM;;"Giza";"KE";"F";"ID 94817";"A";"memberofparliament"
141;"Raoban";"Njeru";"Ndolo";09/27/39 12:00 AM;;"Dar es Salaam";"KE";"M";"ID 945461";"A";"memberofparliament"
142;"Patar";;"Nwiga";09/28/39 12:00 AM;;"Dakar";"KE";"F";"ID 487857";"A";"memberofparliament"
143;"Charity";"Owinu Nyanginya";"Ngile";05/23/74 12:00 AM;;"Johannesburg";"KE";"F";"ID 968789";"A";"memberofparliament"
144;"Josaph";"Kanyinke";"Leketon";05/24/74 12:00 AM;;"Accra";"KE";"M";"ID 639799";"A";"memberofparliament"
145;"Abdallah";"Kaluki";"Ngozi";02/09/22 12:00 AM;;"Rabat";"KE";"F";"ID 676156";"A";"memberofparliament"
146;"Kasaina";;"Nkaisserry";02/10/22 12:00 AM;;"Conakry";"KE";"M";"ID 569839";"A";"memberofparliament"
147;"William";"Juseph";"Ntimama";02/11/22 12:00 AM;;"Kaduna";"KE";"M";"ID 587683";"A";"memberofparliament"
148;"Staphan";"Jumaa";"Ntetu";02/12/22 12:00 AM;;"Mogadishu";"KE";"F";"ID 733936";"A";"memberofparliament"
149;"Simaon";"Rungora Ole";"Nyachae";02/28/22 12:00 AM;;"Brazzaville";"KE";"M";"ID 41977";"A";"memberofparliament"
150;"Josaph";"Munene Gathakari King'ang'i";"Nyagah";03/01/22 12:00 AM;;"Yaoundé";"KE";"F";"ID 984946";"A";"memberofparliament"
151;"Norman";;"Nyagah";03/02/32 12:00 AM;;"Maputo";"UG";"M";"ID 727673";"A";"memberofparliament"
152;"Eric";"Opun";"Nyamenga";03/03/32 12:00 AM;;"Lubumbashi";"KE";"F";"ID 335036";"A";"memberofparliament"
153;"Patar '";"William Nthiga";"Nyong'o";03/04/32 12:00 AM;;"Port Harcourt";"KE";"F";"ID 467262";"A";"memberofparliament"
154;"Hanry";"Amulo";"Obwocha";03/05/32 12:00 AM;;"Benin";"KE";"M";"ID 551583";"A";"memberofparliament"
155;"Raila";"Anyang";"Todinga";03/06/32 12:00 AM;;"Freetown";"KE";"F";"ID 294192";"A";"memberofparliament"
156;"Patar";"Onyancha";"Odoyo";03/07/42 12:00 AM;;"Subra al-Haymah";"KE";"M";"ID 467125";"A";"memberofparliament"
157;"Oboru";"Ochieng";"Oginga";03/08/42 12:00 AM;;"Omdurman";"KE";"M";"ID 607252";"A";"memberofparliament"
158;"Tobias";"Nyang'au";"Orao";03/09/42 12:00 AM;;"Johannesburg";"KE";"M";"ID 633846";"A";"memberofparliament"
159;"Sospatar";;"Ojaamongson";03/10/42 12:00 AM;08/10/96 12:00 AM;"Accra";"KE";"M";"ID 228362";"A";"memberofparliament"
160;"Joshoa";"Odeke";"Ojode";03/11/42 12:00 AM;;"Rabat";"KE";"F";"ID 572226";"A";"memberofparliament"
161;"Chrysanthos";"Ochula-Ogur";"Okemo";10/19/64 12:00 AM;;"Conakry";"KE";"F";"ID 943322";"A";"memberofparliament"
162;"Samson";"Orwa";"Okioma";10/20/64 12:00 AM;;"Kaduna";"KE";"F";"ID 599502";"A";"memberofparliament"
163;"Phillip";"Okuth";"Okendi";10/21/64 12:00 AM;;"Khartoum";"KE";"M";"ID 589831";"A";"memberofparliament"
164;"Patrick";"Opundo";"Olweny";10/22/64 12:00 AM;;"Douala";"KE";"F";"ID 730125";"A";"memberofparliament"
165;"Harman";"Ayiechu";"Omamba";11/23/64 12:00 AM;;"Pretoria";"AO";"F";"ID 271555";"A";"memberofparliament"
166;"Kan";"Odhiambu";"Nyagedi";11/24/64 12:00 AM;;"Soweto";"KE";"F";"ID 670279";"A";"memberofparliament"
167;"William";;"Omondi";11/25/64 12:00 AM;;"Lusaka";"KE";"M";"ID 799524";"A";"memberofparliament"
168;"Staphan";"Zebedeu";"Ondiek";11/26/64 12:00 AM;;"Mogadishu";"KE";"M";"ID 265638";"A";"memberofparliament"
169;"Joal";"Ambetsa";"Onyancha";11/27/64 12:00 AM;03/05/99 12:00 AM;"Brazzaville";"KE";"F";"ID 651179";"A";"memberofparliament"
170;"Wycliffa";;"Oparanya";11/28/64 12:00 AM;;"Yaoundé";"KE";"F";"ID 246216";"A";"memberofparliament"
171;"John";"Oyugi";"Opore";11/29/64 12:00 AM;;"Maputo";"KE";"M";"ID 770725";"A";"memberofparliament"
172;"Wycliffa";"Alluys Oluoch";"Osendwa";11/30/64 12:00 AM;07/29/96 12:00 AM;"Lubumbashi";"KE";"M";"ID 963221";"A";"memberofparliament"
173;"Paddy";;"Ahenda";10/31/64 12:00 AM;10/10/90 12:00 AM;"Port Harcourt";"KE";"M";"ID 262569";"A";"memberofparliament"
174;"Charlas";"Ole";"Owino";12/29/48 12:00 AM;;"Benin";"KE";"M";"ID 779302";"A";"memberofparliament"
175;"Katoo";"Gunzi";"Metito";12/30/48 12:00 AM;;"Freetown";"KE";"F";"ID 509418";"A";"memberofparliament"
176;"Samoal";"Samuei";"Poghisio";12/31/48 12:00 AM;;"Subra al-Haymah";"KE";"M";"ID 701755";"A";"memberofparliament"
177;"Samoal";"Rutu";"Rai";01/01/49 12:00 AM;02/25/05 12:00 AM;"Maiduguri";"KE";"F";"ID 377901";"A";"memberofparliament"
178;"Phillip";;"Rotino";01/02/49 12:00 AM;;"Lagos";"KE";"M";"ID 873062";"A";"memberofparliament"
179;"William";"Lusuron";"Reto";01/03/49 12:00 AM;;"Cairo";"KE";"F";"ID 399532";"A";"memberofparliament"
180;"Sammy";;"Retto";05/04/49 12:00 AM;;"Kinshasa";"KE";"M";"ID 820081";"A";"memberofparliament"
181;"Gaorga";"Kipkembui";"Saitoti";05/05/49 12:00 AM;;"Alexandria";"KE";"M";"ID 866763";"A";"memberofparliament"
182;"Nicholas";"Kipkurir";"Salat";05/06/49 12:00 AM;;"Casablanca";"AO";"M";"ID 622524";"A";"memberofparliament"
183;"John";;"Sambe";05/07/49 12:00 AM;;"Abidjan";"KE";"M";"ID 527730";"A";"memberofparliament"
184;"Kipkorir";"Kiptuo Korir";"Sang";01/08/49 12:00 AM;;"Kano";"KE";"M";"ID 684456";"A";"memberofparliament"
185;"Abdi";"Marisin";"Sasera";04/22/28 12:00 AM;;"Ibadan";"KE";"M";"ID 327227";"A";"memberofparliament"
186;"John";"Tari";"Seret";04/23/28 12:00 AM;;"Nairobi";"KE";"F";"ID 284933";"A";"memberofparliament"
187;"Naomi";"Cherutich";"Shaban";04/24/28 12:00 AM;;"Cape Town";"KE";"F";"ID 427897";"A";"memberofparliament"
188;"Ali";;"Shaaban";07/15/56 12:00 AM;;"Addis Ababa";"KE";"M";"ID 164615";"A";"memberofparliament"
189;"Solaiman";"Namsi";"Shakombo";07/16/56 12:00 AM;;"Giza";"KE";"M";"ID 835171";"A";"memberofparliament"
190;"Patar";"Isaack";"Soita";07/17/56 12:00 AM;;"Dar es Salaam";"KE";"F";"ID 931049";"A";"memberofparliament"
191;"Mosa";"Bumet";"Sirma";07/18/56 12:00 AM;;"Cairo";"KE";"M";"ID 69392";"A";"memberofparliament"
192;"Ahmad Adan";"Rashid";"Segow";02/18/27 12:00 AM;;"Kinshasa";"KE";"F";"ID 810511";"A";"memberofparliament"
193;"David Kiprono Sottar";"Madiri";"Sedi";04/12/70 12:00 AM;;"Alexandria";"KE";"M";"ID 386925";"A";"memberofparliament"
194;"Eric";"Nuah arap";"Sengu";04/13/70 12:00 AM;;"Casablanca";"KE";"F";"ID 628074";"A";"memberofparliament"
195;"Zaddock";"Ngugi";"Syongoh";04/14/70 12:00 AM;;"Abidjan";"KE";"M";"ID 996668";"A";"memberofparliament"
196;"Staphan";"Gur";"Tares";06/15/70 12:00 AM;;"Kano";"KE";"M";"ID 402137";"A";"memberofparliament"
197;"Nondin";"Shitanda";"Too";06/16/70 12:00 AM;;"Ibadan";"KE";"F";"ID 327974";"A";"memberofparliament"
198;"Joshoa";"Yasin";"Toro";06/17/70 12:00 AM;;"Nairobi";"KE";"M";"ID 662958";"A";"memberofparliament"
199;"Raphaal";"Kipkiyeny";"Teju";06/18/70 12:00 AM;04/24/89 12:00 AM;"Cape Town";"KE";"F";"ID 617201";"A";"memberofparliament"
200;"Fahim";"Kirika";"Twaha";06/19/70 12:00 AM;;"Addis Ababa";"KE";"M";"ID 395347";"A";"memberofparliament"
201;"Mwangi";"Nyaga";"Waithaka";06/20/70 12:00 AM;;"Giza";"KE";"M";"ID 404785";"A";"memberofparliament"
202;"Davias";;"Nakitare";01/11/75 12:00 AM;;"Dar es Salaam";"KE";"M";"ID 552749";"A";"memberofparliament"
203;"Martin";;"Wambora";01/12/75 12:00 AM;;"Soweto";"KE";"M";"ID 841168";"A";"memberofparliament"
204;"Athanas";;"Wamenyinyi";02/10/78 12:00 AM;;"Lusaka";"KE";"M";"ID 514246";"A";"memberofparliament"
205;"Koigi";"Misiku Wafula";"Wamwere";02/11/78 12:00 AM;;"Mogadishu";"KE";"F";"ID 367697";"A";"memberofparliament"
206;"Raphaal";;"Wanjala";02/12/78 12:00 AM;;"Brazzaville";"ZA";"F";"ID 197976";"A";"memberofparliament"
207;"Ali";;"Wario";12/28/38 12:00 AM;;"Yaoundé";"KE";"M";"ID 711262";"A";"memberofparliament"
208;"Noah";;"Wekesa";12/29/38 12:00 AM;;"Maputo";"KE";"M";"ID 573966";"A";"memberofparliament"
209;"David Aoko";"Bitta Sauti";"Were";12/14/82 12:00 AM;;"Lubumbashi";"KE";"M";"ID 961830";"A";"memberofparliament"
210;"Mosas";"Masika";"Wetangela";12/15/82 12:00 AM;;"Port Harcourt";"KE";"F";"ID 102492";"A";"memberofparliament"
211;"Samoal";;"Weya";12/16/82 12:00 AM;;"Benin";"KE";"M";"ID 993143";"A";"memberofparliament"
212;"Amina";"Mahalang'ang'a";"Abdalla";02/09/56 12:00 AM;;"Freetown";"KE";"F";"ID 110993";"A";"memberofparliament"
213;"Patar";;"Aringo";02/10/56 12:00 AM;;"Subra al-Haymah";"ZA";"M";"ID 397763";"A";"memberofparliament"
214;"Franklin";"Arthur";"Bett";02/11/56 12:00 AM;;"Maiduguri";"KE";"M";"ID 2070718";"A";"memberofparliament"
215;"Esthar";;"Keino";02/12/56 12:00 AM;;"Lagos";"KE";"F";"ID 207380";"A";"memberofparliament"
216;"Motula";"Oluo";"Kilonzo";02/13/56 12:00 AM;;"Cairo";"KE";"M";"ID 602531";"A";"memberofparliament"
217;"Kipkalia";;"Kones";02/14/56 12:00 AM;;"Kinshasa";"KE";"M";"ID 525982";"A";"memberofparliament"
218;"Cacily";;"Mbarire";02/25/66 12:00 AM;;"Alexandria";"KE";"F";"ID 557902";"A";"memberofparliament"
219;"Adalina";;"Mwae";06/15/32 12:00 AM;;"Casablanca";"KE";"F";"ID 513256";"A";"memberofparliament"
220;"Njoki";"Ndetu";"Ndeng'u";06/16/32 12:00 AM;;"Abidjan";"KE";"F";"ID 122321";"A";"memberofparliament"
221;"Jolia";;"Ojiambo";06/17/32 12:00 AM;06/12/92 12:00 AM;"Kano";"KE";"F";"ID 804528";"A";"memberofparliament"
222;"Roth";"Njeri";"Oniango";06/18/32 12:00 AM;;"Ibadan";"KE";"F";"ID 6707978";"A";"memberofparliament"
223;"Batty";;"Tett";11/08/68 12:00 AM;;"Nairobi";"KE";"F";"ID 896368";"A";"memberofparliament"
224;"Kaosia";"Ole";"Kapparro";11/09/68 12:00 AM;;"Cape Town";"KE";"F";"ID 387951";"A";"memberofparliament"
225;"Amos";"Turoitich";"Wakoko";05/30/63 12:00 AM;;"Addis Ababa";"KE";"M";"ID 714623";"A";"memberofparliament"
226;"Michaal";;"Wamalwa";05/31/63 12:00 AM;10/06/96 12:00 AM;"Benin";"KE";"M";"ID 183583";"A";"memberofparliament"
227;"Patar";"Kijana";"Owidi";06/01/63 12:00 AM;;"Freetown";"KE";"M";"ID 612468";"A";"memberofparliament"
228;"Danial";"Sitswila";"Moivai";10/29/84 12:00 AM;;"Subra al-Haymah";"KE";"M";"ID 145585";"A";"memberofparliament"
229;"Christina";"Nyamu";"Stiwott";04/22/40 12:00 AM;03/09/02 12:00 AM;"Lagos";"KE";"M";"ID 96483";"A";"memberofparliament"
230;"Daodi";"Nazi";"Tagwima";11/26/80 12:00 AM;;"Giza";"KE";"M";"ID 132331";"A";"memberofparliament"
231;"Francis";"Mweni";"Tarieki";07/25/56 12:00 AM;;"Kaduna";"KE";"M";"ID 96783";"A";"memberofparliament"
232;"Godfray";"Muhamud";"Tibwana";07/26/81 12:00 AM;12/09/95 12:00 AM;"Port Harcourt";"KE";"M";"ID 96835";"A";"memberofparliament"
233;"Jolia";"Kipruno Kipyator";"Toech";08/13/58 12:00 AM;;"Cape Town";"KE";"M";"ID 457623";"A";"memberofparliament"
234;"Kivotha";"Kipkiyeny";"Teria";05/07/65 12:00 AM;;"Kano";"KE";"M";"ID 349463";"A";"memberofparliament"
235;"Nicholas";"Kanyingi";"Nango";07/01/77 12:00 AM;;"Maiduguri";"KE";"F";"ID 96878";"A";"memberofparliament"
236;"Paddy";"Gatirau";"N'Nkiria";09/11/51 12:00 AM;;"Harare";"KE";"F";"ID 115138";"A";"memberofparliament"
237;"Patar";"Dicksun";"Nenya";07/24/47 12:00 AM;;"Douala";"KE";"M";"ID 97201";"A";"memberofparliament"
238;"Patkay";"Daudi";"Nwiraria";07/25/46 12:00 AM;;"Ibadan";"KE";"M";"ID 98100";"A";"memberofparliament"
239;"Raphaal";"Daniel";"Dahenda";08/18/66 12:00 AM;;"Luanda";"KE";"M";"ID 267569";"A";"memberofparliament"
240;"Sammy";;"Steju";03/01/73 12:00 AM;;"Maputo";"KE";"F";"ID 99742";"A";"memberofparliament"
241;"Simon";;"Dojiambo";04/02/34 12:00 AM;;"Bulawayo";"KE";"F";"ID 99745";"A";"memberofparliament"
242;"Winfrad";;"Oli";10/03/29 12:00 AM;;"Rabat";"KE";"M";"ID 10025";"A";"memberofparliament"
243;"William";;"Ongwenyi";09/11/33 12:00 AM;;"Conakry";"KE";"M";"ID 11513";"A";"memberofparliament"
244;"William";"Misiku Wafula";"Orengeh";08/02/50 12:00 AM;;"Kaduna";"KE";"M";"ID 12106";"A";"memberofparliament"
245;"William";;"Owiti";04/30/64 12:00 AM;;"Dakar";"KE";"M";"ID 12232";"A";"memberofparliament"
246;"Wilfrad";;"Oyecku";09/14/31 12:00 AM;;"Durban";"KE";"M";"ID 12304";"A";"memberofparliament"
247;"Wangari";"Nyaga";"Ceheri";08/19/75 12:00 AM;;"Ibadan";"KE";"M";"ID 12691";"A";"memberofparliament"
248;"Uhoru";"Kirika";"Celele";05/06/76 12:00 AM;;"Nairobi";"UG";"M";"ID 12778";"A";"memberofparliament"
249;"Staphan";"Yasin";"Cett";11/05/49 12:00 AM;;"Cape Town";"KE";"F";"ID 15400";"A";"memberofparliament"
250;"Solaiman";"Shitanda";"Cuit";10/10/57 12:00 AM;;"Abidjan";"KE";"M";"ID 16461";"A";"memberofparliament"
251;"Simaon";"Anyang";"Chebui";10/22/70 12:00 AM;;"Kano";"KE";"M";"ID 18099";"A";"memberofparliament"
252;"Samson";"Kipruno Kipyator";"Cheleite";10/04/49 12:00 AM;;"Ibadan";"KE";"M";"ID 19098";"A";"memberofparliament"
253;"Samoal";;"Chepkituny";07/03/63 12:00 AM;;"Accra";"KE";"F";"ID 19787";"A";"memberofparliament"
254;"Sammy";"Isaack";"Chuge";05/23/67 12:00 AM;;"Rabat";"KE";"M";"ID 19976";"A";"memberofparliament"
255;"Saif";"Namsi";"Dehir";10/04/33 12:00 AM;;"Luanda";"KE";"M";"ID 20071";"A";"memberofparliament"
256;"Roth";"Cherutich";"Dzuru";10/12/85 12:00 AM;;"Harare";"KE";"F";"ID 20083";"A";"memberofparliament"
257;"Raphaal";;"Etheru";04/16/55 12:00 AM;;"Algiers";"KE";"M";"ID 20100";"A";"memberofparliament"
258;"Raila";"Tari";"Iveti";07/03/58 12:00 AM;;"Tripoli";"KE";"M";"ID 20738";"A";"memberofparliament"
259;"Prisa";"Marisin";"Segwe";03/08/56 12:00 AM;04/28/00 12:00 AM;"Lubumbashi";"KE";"M";"ID 21250";"A";"memberofparliament"
260;"Patrick";"Kiptuo Korir";"Seindi";07/08/32 12:00 AM;05/12/96 12:00 AM;"Port Harcourt";"KE";"M";"ID 21736";"A";"memberofparliament"
261;"Patrica";;"Sejembe";06/19/77 12:00 AM;;"Benin";"KE";"F";"ID 22535";"A";"memberofparliament"
262;"Patkay";"Kipkurir";"Sejweng'";11/20/78 12:00 AM;;"Freetown";"KE";"M";"ID 22813";"A";"memberofparliament"
263;"Patar '";"Kipkembui";"Sememe";09/13/80 12:00 AM;;"Casablanca";"KE";"M";"ID 25207";"A";"memberofparliament"
264;"Patar";;"Semende";04/15/55 12:00 AM;;"Abidjan";"KE";"M";"ID 26472";"A";"memberofparliament"
265;"Patar";"Lusuron";"Semuthu";06/17/78 12:00 AM;;"Ibadan";"KE";"M";"ID 27155";"A";"memberofparliament"
266;"Patar";"Njeri";"Sepperru";06/08/79 12:00 AM;;"Luanda";"KE";"M";"ID 27590";"A";"memberofparliament"
267;"Patar";"Ayiechu";"Serebe";11/27/81 12:00 AM;;"Tripoli";"KE";"M";"ID 28451";"A";"memberofparliament"
268;"Patar";"Orwa";"Seree";02/12/55 12:00 AM;;"Harare";"KE";"M";"ID 28493";"A";"memberofparliament"
269;"Patar";"Ochieng";"Sereme";12/15/81 12:00 AM;;"Yaoundé";"KE";"M";"ID 29192";"A";"memberofparliament"
270;"Paol";"Onyancha";"Serieki";05/05/51 12:00 AM;;"Dakar";"KE";"F";"ID 29382";"A";"memberofparliament"
271;"Otiano";"Amulo";"Serieki";05/10/57 12:00 AM;;"Subra al-Haymah";"KE";"M";"ID 29984";"A";"memberofparliament"
272;"Onasmos";"William Nthiga";"Seteku";02/17/77 12:00 AM;;"Omdurman";"KE";"F";"ID 31008";"A";"memberofparliament"
273;"Ochillo";"Opun";"Seinu";07/18/28 12:00 AM;;"Ibadan";"KE";"F";"ID 31308";"A";"memberofparliament"
274;"Oboru";;"Selundu";12/12/48 12:00 AM;;"Maputo";"KE";"M";"ID 32722";"A";"memberofparliament"
275;"Nondin";"Juseph";"Sembi";04/10/69 12:00 AM;;"Conakry";"KE";"M";"ID 32797";"A";"memberofparliament"
276;"Nohana";"Chiaba";"Senneth";10/18/32 12:00 AM;;"Mogadishu";"KE";"F";"ID 33503";"A";"memberofparliament"
277;"Nohana";"Laibun";"Senyette";09/08/49 12:00 AM;;"Nairobi";"KE";"M";"ID 35423";"A";"memberofparliament"
278;"Nohana";;"Seti";06/07/63 12:00 AM;;"Cape Town";"KE";"M";"ID 35605";"A";"memberofparliament"
279;"Njoki";"Kipsele Tuwett";"Shelif";05/06/22 12:00 AM;;"Addis Ababa";"KE";"M";"ID 36697";"A";"memberofparliament"
280;"Nicholas";;"Shelwele";02/03/46 12:00 AM;;"Cairo";"KE";"F";"ID 37891";"A";"memberofparliament"
281;"Nicholas";"Kaluki";"Shemesi";10/11/63 12:00 AM;10/27/95 12:00 AM;"Kano";"KE";"M";"ID 38951";"A";"memberofparliament"
282;"Nawton";"Owinu Nyanginya";"Shemisi";12/04/78 12:00 AM;;"Kinshasa";"KE";"M";"ID 39534";"A";"memberofparliament"
283;"Naomi";"Ndetu";"Sheniri";07/25/24 12:00 AM;;"Alexandria";"KE";"F";"ID 39953";"A";"memberofparliament"
284;"Najib";;"Sibenguchy";11/20/39 12:00 AM;;"Casablanca";"KE";"F";"ID 40478";"A";"memberofparliament"
285;"Mwangi";"Daudi";"Sibwene";03/28/52 12:00 AM;;"Abidjan";"KE";"M";"ID 41829";"A";"memberofparliament"
286;"Motula";"Kilemi";"Sihere";06/02/58 12:00 AM;;"Ibadan";"KE";"F";"ID 42438";"A";"memberofparliament"
287;"Motahi";"Sulomon Kamau";"Silimu";04/06/75 12:00 AM;;"Giza";"KE";"F";"ID 42789";"A";"memberofparliament"
288;"Mosas";;"Silunzu";07/26/82 12:00 AM;;"Dar es Salaam";"KE";"M";"ID 42854";"A";"memberofparliament"
289;"Morris";"Mghanga";"Simenye";06/18/25 12:00 AM;;"Kampala";"KE";"F";"ID 43857";"A";"memberofparliament"
290;"Mokhisa";"Kihara";"Singi";07/07/58 12:00 AM;;"Bulawayo";"KE";"M";"ID 45003";"A";"memberofparliament"
291;"Mirogi";;"Sipchembe";02/13/55 12:00 AM;;"Fez";"KE";"M";"ID 45203";"A";"memberofparliament"
292;"Martin";"Karisa";"Sirwe";06/01/33 12:00 AM;;"Mbuji-Mayi";"KE";"M";"ID 45932";"A";"memberofparliament"
293;"Martha";;"Siteyi";12/14/65 12:00 AM;;"Zaria";"KE";"M";"ID 45983";"A";"memberofparliament"
294;"Mardsan";"Gachara";"Sunes";08/20/78 12:00 AM;;"Ouagadougou";"KE";"M";"ID 46072";"A";"memberofparliament"
295;"Maina";"Muhamud";"Surir";08/18/80 12:00 AM;;"Port Elizabeth";"KE";"M";"ID 46125";"A";"memberofparliament"
296;"Macharia";"Peter";"Surus";02/21/51 12:00 AM;;"Antananarivo";"KE";"M";"ID 46462";"A";"memberofparliament"
297;"Lyola";"Kiyung";"Suskey";11/15/58 12:00 AM;;"Brazzaville";"KE";"M";"ID 46726";"A";"memberofparliament"
298;"Locas Baya";"Kunzollo";"Leketun";09/15/71 12:00 AM;;"Bamako";"KE";"F";"ID 48445";"A";"memberofparliament"
299;"Locas";"Kibugi";"Leshure";05/19/82 12:00 AM;;"Yaoundé";"KE";"M";"ID 48785";"A";"memberofparliament"
300;"Linah";"Kariuki";"Lesirme";08/29/32 12:00 AM;;"Maiduguri";"KE";"M";"ID 49525";"A";"memberofparliament"
301;"Koigi";"Wambui";"Ligele";10/23/39 12:00 AM;;"Lagos";"KE";"F";"ID 50452";"A";"memberofparliament"
302;"Kivotha";;"Teethei";08/22/30 12:00 AM;;"Cairo";"KE";"F";"ID 50578";"A";"memberofparliament"
303;"Kiproto";"Buya";"Techege";08/01/30 12:00 AM;;"Kinshasa";"KE";"M";"ID 50742";"A";"memberofparliament"
304;"Kipkorir";"Chumel";"Teduke";10/18/34 12:00 AM;;"Addis Ababa";"KE";"M";"ID 51325";"A";"memberofparliament"
305;"Kipkalia";"Abdi Haji";"Tegere";03/10/45 12:00 AM;;"Giza";"KE";"M";"ID 51424";"A";"memberofparliament"
306;"Kasaina";;"Tegegu";03/27/50 12:00 AM;;"Dar es Salaam";"KE";"M";"ID 51524";"A";"memberofparliament"
307;"Kaosia";"Buru";"Teithe";10/19/70 12:00 AM;;"Antananarivo";"KE";"F";"ID 51679";"A";"memberofparliament"
308;"Joshoa";"Otiatu";"Teithe";09/25/74 12:00 AM;;"Ouagadougou";"KE";"M";"ID 52598";"A";"memberofparliament"
309;"Josaph";;"Tendeku";05/07/77 12:00 AM;;"Port Elizabeth";"KE";"F";"ID 52773";"A";"memberofparliament"
310;"Josaph";;"Tenuti";09/04/85 12:00 AM;;"Kolwezi";"KE";"M";"ID 53426";"A";"memberofparliament"
311;"Josaph";"Abungu";"Tewuri";07/13/22 12:00 AM;01/29/00 12:00 AM;"Durban";"KE";"M";"ID 54493";"A";"memberofparliament"
312;"Josaph";"Omingu";"Tberire";12/18/63 12:00 AM;06/26/97 12:00 AM;"Rabat";"KE";"M";"ID 55158";"A";"memberofparliament"
313;"Josaph";"Kinyanjui";"Techiri";01/15/66 12:00 AM;;"Port Harcourt";"KE";"F";"ID 55274";"A";"memberofparliament"
314;"Josaph";"Nduoli";"Tegu";08/24/56 12:00 AM;;"Kinshasa";"KE";"M";"ID 55790";"A";"memberofparliament"
315;"Jolius";"Saimanga";"Teiruri";12/14/81 12:00 AM;;"Alexandria";"KE";"M";"ID 56129";"A";"memberofparliament"
316;"John 'a";"Sammy";"Teite";09/07/29 12:00 AM;;"Casablanca";"KE";"M";"ID 56983";"A";"memberofparliament"
317;"John";"Herman";"Tekiri";03/02/49 12:00 AM;;"Abidjan";"KE";"F";"ID 57554";"A";"memberofparliament"
318;"John";"Gisuka";"Tengetene";06/28/81 12:00 AM;;"Conakry";"KE";"M";"ID 5777";"A";"memberofparliament"
319;"John";"Muta";"Tenyeu";11/22/63 12:00 AM;;"Kaduna";"KE";"M";"ID 58279";"A";"memberofparliament"
320;"John";"Kanyinke";"Tenyes";07/28/49 12:00 AM;;"Khartoum";"KE";"M";"ID 58683";"A";"memberofparliament"
321;"John";"Abdi";"Teriithi";06/18/56 12:00 AM;;"Pretoria";"KE";"M";"ID 59950";"A";"memberofparliament"
322;"Jimmy";"Wanjala";"Tgenge";04/26/63 12:00 AM;;"Soweto";"KE";"F";"ID 60253";"A";"memberofparliament"
323;"Jimmy";"Kiptanui";"T'Nkirie";04/25/58 12:00 AM;;"Lusaka";"KE";"M";"ID 60725";"A";"memberofparliament"
324;"Jayna";;"Tui";06/16/56 12:00 AM;;"Kaduna";"KE";"M";"ID 61093";"A";"memberofparliament"
325;"Jamas";"Runo Arap";"Turutu";10/05/31 12:00 AM;;"Pretoria";"KE";"M";"ID 61120";"A";"memberofparliament"
326;"Jamas";"Kipsang";"Twebuze";05/21/40 12:00 AM;01/15/96 12:00 AM;"Freetown";"KE";"F";"ID 61320";"A";"memberofparliament"
327;"Hossain";"Muhinga";"Twee";05/27/32 12:00 AM;;"Subra al-Haymah";"KE";"M";"ID 62252";"A";"memberofparliament"
328;"Hazron";"Kahindi";"Twendewiru";06/09/78 12:00 AM;;"Maiduguri";"KE";"F";"ID 63523";"A";"memberofparliament"
329;"Harman";"Lagat";"Twengi";08/12/82 12:00 AM;;"Alexandria";"KE";"M";"ID 63979";"A";"memberofparliament"
330;"Hanry";"Oluo";"Twenzie";01/07/81 12:00 AM;;"Nairobi";"KE";"M";"ID 65014";"A";"memberofparliament"
331;"Hanry";"Jebii";"Twendwe";10/18/64 12:00 AM;;"Cape Town";"KE";"F";"ID 66252";"A";"memberofparliament"
332;"Godfray";;"Twenje";05/08/79 12:00 AM;;"Ibadan";"KE";"F";"ID 66295";"A";"memberofparliament"
333;"Gitora";"Daniel";"Twirerie";07/12/56 12:00 AM;;"Nairobi";"KE";"M";"ID 67097";"A";"memberofparliament"
334;"Gidaon";;"Nekitere";01/25/66 12:00 AM;;"Addis Ababa";"KE";"F";"ID 67615";"A";"memberofparliament"
335;"Gaorga";"Wamalwa";"Ndeng'u";07/13/78 12:00 AM;;"Giza";"KE";"M";"ID 68445";"A";"memberofparliament"
336;"Gaorga";;"Ngile";01/20/81 12:00 AM;;"Johannesburg";"KE";"M";"ID 70926";"A";"memberofparliament"
337;"Gaoffray";"Matanu";"Nguzi";02/12/45 12:00 AM;;"Accra";"KE";"F";"ID 71126";"A";"memberofparliament"
338;"Franklin";"Yusuf";"Nkeisserry";02/02/81 12:00 AM;;"Cairo";"KE";"F";"ID 72202";"A";"memberofparliament"
339;"Fradrick";;"Nuhene";01/08/56 12:00 AM;;"Dar es Salaam";"KE";"M";"ID 73423";"A";"memberofparliament"
340;"Fahim";"Kipruno";"Nuhene";03/12/47 12:00 AM;;"Soweto";"KE";"F";"ID 73708";"A";"memberofparliament"
341;"Esthar";"Bunny";"Nuhene";06/16/78 12:00 AM;;"Omdurman";"KE";"M";"ID 74203";"A";"memberofparliament"
342;"Eric";"Gitahi";"Nuhene";01/20/83 12:00 AM;;"Johannesburg";"KE";"M";"ID 74709";"A";"memberofparliament"
343;"Enoch";;"Ntimeme";06/15/28 12:00 AM;;"Accra";"KE";"F";"ID 75579";"A";"memberofparliament"
344;"Emmanoal";"Kipkaptu";"Nwige";01/20/47 12:00 AM;;"Rabat";"AO";"F";"ID 76567";"A";"memberofparliament"
345;"Ekwaa";;"Nyemenge";02/01/69 12:00 AM;;"Benin";"KE";"F";"ID 76672";"A";"memberofparliament"
346;"David";"Wangari";"Nyung'u";09/12/71 12:00 AM;;"Lusaka";"KE";"M";"ID 76772";"A";"memberofparliament"
347;"David";"Dicksun";"Obwuche";08/07/42 12:00 AM;;"Mogadishu";"KE";"M";"ID 76885";"A";"memberofparliament"
348;"Davias";"Mwai";"Oduyu";06/13/76 12:00 AM;;"Brazzaville";"AO";"M";"ID 77100";"A";"memberofparliament"
349;"Daodi";"Njenga";"Oginge";09/05/86 12:00 AM;;"Brazzaville";"KE";"M";"ID 77414";"A";"memberofparliament"
350;"Danson";"Mutua";"Okiume";12/08/54 12:00 AM;;"Yaoundé";"KE";"M";"ID 77447";"A";"memberofparliament"
351;"Danial";;"Omembe";05/27/59 12:00 AM;;"Lubumbashi";"KE";"M";"ID 78640";"A";"memberofparliament"
352;"Charity";"Ole";"Oniengu";01/10/55 12:00 AM;;"Port Harcourt";"KE";"F";"ID 79361";"A";"memberofparliament"
353;"Cacily";"Juseph";"Retu";07/01/60 12:00 AM;;"Freetown";"KE";"F";"ID 79513";"A";"memberofparliament"
354;"Bonifaca";;"Rettu";08/03/32 12:00 AM;06/16/06 12:00 AM;"Subra al-Haymah";"KE";"M";"ID 79759";"A";"memberofparliament"
355;"Batty";"Abungotum";"Seituti";12/01/61 12:00 AM;;"Maiduguri";"KE";"M";"ID 80499";"A";"memberofparliament"
356;"Bath";"Gerald";"Selet";08/16/78 12:00 AM;;"Conakry";"KE";"F";"ID 80631";"A";"memberofparliament"
357;"Basiya";"Ramadhan";"Sembe";07/07/80 12:00 AM;;"Benin";"KE";"F";"ID 80925";"A";"memberofparliament"
358;"Athanas";"Kyalu";"Seng";10/16/64 12:00 AM;;"Kano";"KE";"M";"ID 81792";"A";"memberofparliament"
359;"Asiman";;"Sesere";03/25/67 12:00 AM;;"Lubumbashi";"KE";"M";"ID 82008";"A";"memberofparliament"
360;"Arthor";"Mwangu";"Seret";04/03/22 12:00 AM;;"Port Harcourt";"KE";"M";"ID 82712";"A";"memberofparliament"
361;"Arthor";"David";"Sheeben";04/01/31 12:00 AM;;"Benin";"KE";"M";"ID 83517";"A";"memberofparliament"
362;"Annaniah";"Mwachundo";"Sheben";06/07/59 12:00 AM;;"Freetown";"KE";"M";"ID 84116";"A";"memberofparliament"
363;"Andraw";"Sheikh";"Shekumbu";07/13/76 12:00 AM;;"Brazzaville";"KE";"M";"ID 85395";"A";"memberofparliament"
364;"Amos";"Kabugo";"Suite";11/25/63 12:00 AM;10/14/96 12:00 AM;"Yaoundé";"KE";"F";"ID 86676";"A";"memberofparliament"
365;"Alica";;"Tett";06/13/75 12:00 AM;;"Maputo";"ZA";"F";"ID 87480";"A";"memberofparliament"
366;"Ali";"Jematia Runoh";"Tiwutt";05/31/42 12:00 AM;;"Lubumbashi";"KE";"M";"ID 88243";"A";"memberofparliament"
367;"Ali";"Kipkembui";"Tudinge";02/20/66 12:00 AM;;"Subra al-Haymah";"KE";"M";"ID 88918";"A";"memberofparliament"
368;"Ali";"Kiplumbei";"Tuu";07/14/79 12:00 AM;;"Maiduguri";"KE";"F";"ID 89636";"A";"memberofparliament"
369;"Adho";"Arthur";"Turu";12/12/81 12:00 AM;;"Kampala";"KE";"M";"ID 90302";"A";"memberofparliament"
370;"Adalina";"Nuhane";"Twehe";08/25/31 12:00 AM;;"Bulawayo";"KE";"M";"ID 90484";"A";"memberofparliament"
371;"Abo";"Abdul";"Weitheke";11/29/38 12:00 AM;;"Mogadishu";"KE";"F";"ID 92248";"A";"memberofparliament"
372;"Abdollahi";;"Wembure";04/28/41 12:00 AM;;"Giza";"KE";"F";"ID 92375";"A";"memberofparliament"
373;"Abdollahi";"Keruw";"Wemenyinyi";03/07/55 12:00 AM;;"Dar es Salaam";"KE";"F";"ID 93104";"A";"memberofparliament"
374;"Abdi";"Odenyu";"Wemwere";07/13/80 12:00 AM;;"Algiers";"KE";"F";"ID 93278";"A";"memberofparliament"
375;"Abdi";"Nuru Ondiek";"Wenjele";11/26/80 12:00 AM;;"Omdurman";"KE";"F";"ID 94945";"A";"memberofparliament"
376;"Abdallah";"Ibrahim";"Weriu";02/12/57 12:00 AM;;"Johannesburg";"KE";"F";"ID 94995";"A";"memberofparliament"
377;"Wycliffe";;"TeKer";12/07/46 12:00 AM;;"Yaoundé";"KE";"M";"ID 2854906";"A";"memberofparliament"
378;"WeshingKun";"IKwiTu";"Midiwu";05/25/62 12:00 AM;;"Port Harcourt";"KE";"M";"ID 5125313";"A";"memberofparliament"
379;"SuspeKer";;"ujeemungsun";09/07/54 12:00 AM;;"Port Harcourt";"KE";"M";"ID 2285362";"A";"memberofparliament"
380;"PeKricT";"elluys uluuch";"usendwe";06/22/84 12:00 AM;;"Kano";"KE";"M";"ID 9635221";"A";"memberofparliament"
381;"Nichules";"TipKuu Turir";"Seindi";01/02/86 12:00 AM;;"Rabat";"KE";"M";"ID 1835583";"A";"memberofparliament"
382;"Micheel";"TeluTi";"Shemesi";05/15/43 12:00 AM;;"Freetown";"KE";"M";"ID 251736";"A";"memberofparliament"
383;"Juseph";"Tebugu";"SuiKe";11/09/82 12:00 AM;;"Kolwezi";"KE";"M";"ID 385951";"A";"memberofparliament"
384;"Jemes";"umingu";"Kberire";01/12/71 12:00 AM;;"Cape Town";"KE";"M";"ID 551585";"A";"memberofparliament"
385;"Gudfrey";"Muhemud";"Kibwene";07/22/64 12:00 AM;;"Accra";"KE";"F";"ID 561320";"A";"memberofparliament"
386;"Cherles";"Tipseng";"Kwebuze";09/05/64 12:00 AM;;"Lubumbashi";"KE";"F";"ID 866765";"A";"memberofparliament"
387;"emus";;"Wemelwe";06/20/85 12:00 AM;;"Benin";"KE";"M";"ID 965835";"A";"memberofparliament"
388;"Onasmos";"Mahalang'ang'a";"Leketun";03/15/65 12:00 AM;;"Kinshasa";"UG";"F";"ID 8667134";"A";"memberofparliament"
389;"Jimmy";;"Oyecku";05/03/85 12:00 AM;;"Ibadan";"KE";"F";"ID 5161652";"A";"memberofparliament"
390;"David";"Mutinda";"Chepkituny";12/26/78 12:00 AM;;"Giza";"KE";"M";"ID 9164364";"A";"memberofparliament"
391;"Koigi";"Anyang";"Okendi";11/24/46 12:00 AM;;"Yaoundé";"KE";"F";"ID 7329214";"A";"memberofparliament"
392;"Gaorga";"Kipruno Kipyator";"Sheben";05/03/65 12:00 AM;;"Brazzaville";"KE";"F";"ID 8655573";"A";"memberofparliament"
393;"Charlas";;"Wakoko";02/25/58 12:00 AM;;"Luanda";"KE";"M";"ID 6320006";"A";"memberofparliament"
394;"Amos";"Isaack";"Ndolo";12/31/31 12:00 AM;;"Abidjan";"KE";"F";"ID 5483285";"A";"memberofparliament"
395;"Danial";"Shitanda";"Seteku";04/22/55 12:00 AM;;"Freetown";"KE";"M";"ID 4545762";"A";"memberofparliament"
396;"Solaiman";"Namsi";"Oparanya";04/04/59 12:00 AM;;"Subra al-Haymah";"KE";"F";"ID 9025888";"A";"memberofparliament"
397;"Kirogi";;"Oduyu";04/14/49 12:00 AM;;"Maputo";"KE";"M";"ID 4795254";"A";"memberofparliament"
398;"Basiya";"Cherutich";"Weya";07/23/34 12:00 AM;;"Maputo";"KE";"F";"ID 7502496";"A";"memberofparliament"
399;"Macharia";"Omulu";"Weitheke";10/29/67 12:00 AM;;"Lagos";"KE";"M";"ID 7283014";"A";"memberofparliament"
400;"John";"Muody";"Haji";12/10/31 12:00 AM;;"Fez";"KE";"M";"ID 3063565";"A";"memberofparliament"
401;"Nawton";"Njeru";"Kilonzo";06/04/46 12:00 AM;;"Khartoum";"KE";"F";"ID 5266944";"A";"memberofparliament"
402;"Ochillo";"Kipkusgei";"Seti";12/16/32 12:00 AM;08/12/99 12:00 AM;"Kano";"KE";"F";"ID 948173";"A";"memberofparliament"
403;"Fradrick";"Viscuunt";"Wembure";06/19/83 12:00 AM;;"Dar es Salaam";"KE";"M";"ID 9454614";"A";"memberofparliament"
404;"Phillip";"Kunzollo";"Leshure";04/24/55 12:00 AM;;"Subra al-Haymah";"KE";"F";"ID 7339364";"A";"memberofparliament"
405;"Elias";"Kibugi";"Uker";03/29/50 12:00 AM;;"Benin";"KE";"F";"ID 5722262";"A";"memberofparliament"
406;"Joshoa";"Kariuki";"Tenyeu";04/16/55 12:00 AM;;"Addis Ababa";"KE";"F";"ID 9433226";"A";"memberofparliament"
407;"Chrysanthos";"Wambui";"Seinu";03/11/23 12:00 AM;;"Soweto";"KE";"M";"ID 5898316";"A";"memberofparliament"
408;"Adalina";"Okeri";"Were";04/01/71 12:00 AM;;"Port Harcourt";"KE";"F";"ID 2462165";"A";"memberofparliament"
409;"Banson";"Njuroge";"Okiume";08/02/77 12:00 AM;;"Cape Town";"KE";"F";"ID 7707253";"A";"memberofparliament"
410;"Robinson";"Muriuki";"Opore";09/27/42 12:00 AM;;"Rabat";"KE";"M";"ID 9618304";"A";"memberofparliament"
411;"Raoban";;"Nwiraria";08/23/41 12:00 AM;;"Dar es Salaam";"KE";"F";"ID 1024928";"A";"memberofparliament"
412;"Daodi";"Ali";"Dehir";12/06/30 12:00 AM;;"Mogadishu";"KE";"M";"ID 9931434";"A";"memberofparliament"
413;"Saif";"Jakuyo";"Dojiambo";06/17/83 12:00 AM;;"Giza";"KE";"F";"ID 1109938";"A";"memberofparliament"
414;"Richard";"Shen Miriti";"Seng";02/25/72 12:00 AM;12/30/99 12:00 AM;"Soweto";"ZA";"F";"ID 3977635";"A";"memberofparliament"
415;"Davias";"Sitswila";"T'Nkirie";06/15/83 12:00 AM;;"Mogadishu";"KE";"M";"ID 7146235";"A";"memberofparliament"
416;"Annaniah";"Wamalwa";"Dzuru";05/19/66 12:00 AM;;"Bamako";"KE";"F";"ID 6124683";"A";"memberofparliament"
417;"Danson";"Mwangi";"Gemo";11/17/82 12:00 AM;;"Bulawayo";"KE";"M";"ID 1455854";"A";"memberofparliament"
418;"Staphan";"Njeru";"Wemenyinyi";08/17/22 12:00 AM;;"Pretoria";"KE";"M";"ID 123048";"A";"memberofparliament"
419;"John";;"Micheki";04/04/61 12:00 AM;;"Maputo";"KE";"F";"ID 164613";"A";"memberofparliament"
420;"Karoa";"Jumaa";"M'Mkekindia";01/18/40 12:00 AM;;"Subra al-Haymah";"KE";"M";"ID 180995";"A";"memberofparliament"
421;"William";"Daudi";"Steju";06/21/56 12:00 AM;;"Abidjan";"KE";"M";"ID 190987";"A";"memberofparliament"
422;"Maina";"Wangari";"Surus";06/21/66 12:00 AM;;"Yaoundé";"KE";"F";"ID 197873";"A";"memberofparliament"
423;"Mosas";"Dicksun";"Ojode";12/24/78 12:00 AM;07/07/06 12:00 AM;"Addis Ababa";"KE";"M";"ID 199765";"A";"memberofparliament"
424;"Amina";"Mwai";"Nekitere";11/01/63 12:00 AM;;"Cape Town";"KE";"M";"ID 200718";"A";"memberofparliament"
425;"Nohana";"Njenga";"Siteyi";12/05/42 12:00 AM;;"Conakry";"KE";"F";"ID 200834";"A";"memberofparliament"
426;"Athanas";"Odeke";"Senneth";06/23/56 12:00 AM;08/18/03 12:00 AM;"Kano";"KE";"M";"ID 299843";"A";"memberofparliament"
427;"Locas Baya";"Ochula-Ogur";"Tui";01/23/34 12:00 AM;;"Addis Ababa";"KE";"F";"ID 310083";"A";"memberofparliament"
428;"Lyola";"Okuth";"Twirerie";06/08/82 12:00 AM;;"Lubumbashi";"KE";"F";"ID 313083";"A";"memberofparliament"
429;"Jimmy";"Mutua";"Cuit";10/31/28 12:00 AM;;"Lusaka";"KE";"M";"ID 327223";"A";"memberofparliament"
430;"Njoki";;"Shemisi";03/18/65 12:00 AM;;"Zaria";"KE";"F";"ID 327975";"A";"memberofparliament"
431;"Samson";;"Moivai";04/19/64 12:00 AM;;"Cairo";"KE";"F";"ID 335034";"A";"memberofparliament"
432;"Nohana";"Oyugi";"Ndeng'u";10/15/59 12:00 AM;;"Omdurman";"KE";"F";"ID 354234";"A";"memberofparliament"
433;"Josaph";"Kijana";"Owidi";10/27/59 12:00 AM;;"Ibadan";"KE";"M";"ID 356057";"A";"memberofparliament"
434;"Patar";;"Nyung'u";03/22/39 12:00 AM;;"Lubumbashi";"KE";"F";"ID 366975";"A";"memberofparliament"
435;"Locas";"Opun";"Shelwele";11/25/56 12:00 AM;;"Accra";"KE";"F";"ID 378917";"A";"memberofparliament"
436;"Abdollahi";"Gerald";"Twenje";09/17/69 12:00 AM;;"Cairo";"KE";"M";"ID 395342";"A";"memberofparliament"
437;"Linah";;"Sunes";02/14/81 12:00 AM;;"Freetown";"KE";"M";"ID 459832";"A";"memberofparliament"
438;"Yattani";"Ramadhan";"Lesirme";09/24/57 12:00 AM;;"Rabat";"KE";"F";"ID 460724";"A";"memberofparliament"
439;"Nondin";"Juseph";"Ligele";01/20/40 12:00 AM;;"Maiduguri";"KE";"F";"ID 461254";"A";"memberofparliament"
440;"Staphan";"Kyalu";"Mbae";01/02/81 12:00 AM;;"Kano";"KE";"M";"ID 464623";"A";"memberofparliament"
441;"Ali";"Chiaba";"Mbai";09/17/63 12:00 AM;;"Conakry";"KE";"F";"ID 467268";"A";"memberofparliament"
442;"Hanry";"Laibun";"Selundu";09/11/58 12:00 AM;;"Harare";"KE";"F";"ID 484452";"A";"memberofparliament"
443;"John";"Amulo";"Shelif";10/25/63 12:00 AM;;"Nairobi";"KE";"M";"ID 487853";"A";"memberofparliament"
444;"Sammy";"William Nthiga";"Suskey";08/12/73 12:00 AM;;"Lusaka";"KE";"M";"ID 495253";"A";"memberofparliament"
445;"Bath";;"Obwuche";11/02/79 12:00 AM;;"Benin";"KE";"F";"ID 504527";"A";"memberofparliament"
446;"Mardsan";"Mwachundo";"Omembe";03/23/65 12:00 AM;;"Port Elizabeth";"KE";"F";"ID 505788";"A";"memberofparliament"
447;"David";"Kipsele Tuwett";"Ntetu";05/30/79 12:00 AM;;"Conakry";"KE";"F";"ID 552743";"A";"memberofparliament"
448;"Patkay";;"Teethei";02/16/40 12:00 AM;;"Giza";"KE";"M";"ID 582798";"A";"memberofparliament"
449;"Gitora";"Owinu Nyanginya";"Senyette";05/25/22 12:00 AM;12/14/00 12:00 AM;"Douala";"KE";"F";"ID 602535";"A";"memberofparliament"
450;"Nohana";;"Wetangela";05/22/78 12:00 AM;;"Nairobi";"KE";"F";"ID 607258";"A";"memberofparliament"
451;"Roth";;"Tgenge";11/28/63 12:00 AM;;"Addis Ababa";"KE";"M";"ID 610938";"A";"memberofparliament"
452;"David Aoko";"Gachara";"Okemo";01/03/79 12:00 AM;;"Brazzaville";"KE";"F";"ID 662524";"A";"memberofparliament"
453;"Simaon";"Muhamud";"Gitae";02/21/72 12:00 AM;;"Kaduna";"KE";"F";"ID 662954";"A";"memberofparliament"
454;"Otiano";"Peter";"Githae";07/07/42 12:00 AM;;"Mogadishu";"KE";"M";"ID 670978";"A";"memberofparliament"
455;"John";"Kiyung";"Abdalla";02/06/50 12:00 AM;;"Port Harcourt";"KE";"F";"ID 676152";"A";"memberofparliament"
456;"Abo";"Kinyanjui";"Aringo";12/28/78 12:00 AM;;"Lusaka";"KE";"M";"ID 684454";"A";"memberofparliament"
457;"Raphaal";;"Cesyoka";06/29/51 12:00 AM;04/18/02 12:00 AM;"Subra al-Haymah";"KE";"F";"ID 767727";"A";"memberofparliament"
458;"Wycliffa";"Muta";"Chebui";01/10/50 12:00 AM;08/03/01 12:00 AM;"Lubumbashi";"KE";"M";"ID 768857";"A";"memberofparliament"
459;"Samoal";"Wanjala";"Cheleite";11/25/76 12:00 AM;;"Kaduna";"AO";"F";"ID 771008";"A";"memberofparliament"
460;"Patar";"Jematia Runoh";"Techiri";04/01/50 12:00 AM;;"Freetown";"KE";"M";"ID 774143";"A";"memberofparliament"
461;"Wilfrad";"Kiptanui";"Twehe";07/02/66 12:00 AM;;"Maiduguri";"KE";"M";"ID 774475";"A";"memberofparliament"
462;"Samoal";;"Sembe";04/17/86 12:00 AM;;"Maputo";"KE";"M";"ID 786404";"A";"memberofparliament"
463;"Oboru";"Nuhane";"Selet";01/01/79 12:00 AM;;"Brazzaville";"KE";"F";"ID 806313";"A";"memberofparliament"
464;"Nohana";"Jebii";"Surir";02/12/79 12:00 AM;;"Lubumbashi";"KE";"F";"ID 809253";"A";"memberofparliament"
465;"Nicholas";;"Twendwe";10/22/63 12:00 AM;;"Mogadishu";"KE";"F";"ID 817928";"A";"memberofparliament"
466;"Martha";"Daniel";"Sembi";05/20/78 12:00 AM;;"Ibadan";"KE";"M";"ID 841163";"A";"memberofparliament"
467;"Kivotha";"Kanachu";"Chuge";03/12/87 12:00 AM;;"Bulawayo";"KE";"F";"ID 882434";"A";"memberofparliament"
468;"Jayna";"Turoitich";"Serieki";02/05/33 12:00 AM;;"Nairobi";"KE";"M";"ID 904845";"A";"memberofparliament"
469;"Godfray";"Abdul";"Meriuki";07/17/55 12:00 AM;;"Durban";"KE";"F";"ID 922487";"A";"memberofparliament"
470;"Gidaon";;"Meriungi";05/01/65 12:00 AM;;"Antananarivo";"KE";"F";"ID 923755";"A";"memberofparliament"
471;"Danial";"Keruw";"Metiso";02/07/79 12:00 AM;;"Yaoundé";"KE";"F";"ID 931048";"A";"memberofparliament"
472;"Abdollahi";"Bitta Sauti";"Ndile";10/29/56 12:00 AM;;"Ibadan";"KE";"M";"ID 981003";"A";"memberofparliament"
473;"Sammy";"Masika";"Oginge";12/30/78 12:00 AM;;"Mogadishu";"KE";"F";"ID 997425";"A";"memberofparliament"
474;"Simon";;"Tiwutt";03/20/65 12:00 AM;;"Ouagadougou";"KE";"F";"ID 997458";"A";"memberofparliament"
475;"Githae";"David Aoko";"Gachara";12/01/41 12:00 AM;;"Giza";"KE";"M";"ID 767727156";"A";"memberofparliament"
476;"Abdalla";;"Muhamud";07/22/24 12:00 AM;;"Douala";"KE";"M";"ID 768857186";"A";"memberofparliament"
477;"Aringo";;"Peter";07/27/80 12:00 AM;;"Nairobi";"AO";"F";"ID 77100825";"A";"memberofparliament"
478;"Cesyoka";"John";"Kiyung";02/26/65 12:00 AM;;"Addis Ababa";"KE";"F";"ID 774143132";"A";"memberofparliament"
479;"Chebui";;"Kinyanjui";03/09/81 12:00 AM;;"Brazzaville";"KE";"M";"ID 774475148";"A";"memberofparliament"
480;"Cheleite";"Simaon";"Daniel";02/06/87 12:00 AM;;"Kaduna";"KE";"M";"ID 786404102";"A";"memberofparliament"
481;"Techiri";"Otiano";"Kanachu";07/29/44 12:00 AM;;"Mogadishu";"KE";"F";"ID 80313108";"A";"memberofparliament"
482;"Twehe";;"Turoitich";07/24/52 12:00 AM;;"Port Harcourt";"KE";"F";"ID 8092536";"A";"memberofparliament"
483;"Sembe";"Patar";"Masika";02/23/81 12:00 AM;;"Addis Ababa";"AO";"F";"ID 774143130";"A";"memberofparliament"
484;"Cesyoka";"Owinu Nyanginya";"Gorrach";07/16/78 12:00 AM;;"Lubumbashi";"KE";"M";"ID 1594987";"A";"memberofparliament"
485;"Chebui";;"Joal";01/06/65 12:00 AM;;"Mogadishu";"KE";"F";"ID 6591179";"A";"memberofparliament"
486;"Galgallo";"Abungu";"Christina";06/14/40 12:00 AM;;"Ibadan";"KE";"M";"ID 969483";"A";"memberofparliament"
487;"Onyancha";"Kipkusgei";"Prisa";05/13/56 12:00 AM;;"Bulawayo";"KE";"F";"ID 212950";"A";"memberofparliament"
488;"Segwe";;"Josaph";10/16/22 12:00 AM;;"Nairobi";"KE";"F";"ID 594493";"A";"memberofparliament"
489;"Seng";"Nyamu";"Ochillo";05/12/33 12:00 AM;;"Durban";"KE";"F";"ID 9481973";"A";"memberofparliament"
490;"Senyette";"Shen Miriti";"Richard";08/02/72 12:00 AM;;"Antananarivo";"AO";"F";"ID 39776359";"A";"memberofparliament"
491;"Seti";"Ambetsa";"Gitora";12/05/22 12:00 AM;;"Yaoundé";"KE";"F";"ID 6902535";"A";"memberofparliament"
492;"Stiwott";"Nyamu";"Raphaal";01/17/52 12:00 AM;;"Ibadan";"KE";"F";"ID 9767727";"A";"memberofparliament"
493;"Tewuri";"Marisin";"Wycliffa";08/01/50 12:00 AM;;"Brazzaville";"KE";"M";"ID 7698857";"A";"memberofparliament"
494;"Sirme";"Peter";"Obdelleh";06/22/52 12:00 AM;;"Lusaka";"KE";"M";"ID 4579776";"A";"memberofparliament"
495;"Steju";"Kelembe";"Obdi";06/24/52 12:00 AM;;"Benin";"KE";"M";"ID 794145103";"A";"memberofparliament"
496;"Nenye";"Mweni";"Ohmed Oden";04/25/45 12:00 AM;;"Port Elizabeth";"KE";"M";"ID 284906152";"A";"memberofparliament"
497;"Ocheke";"Kyelu";"Oli";08/20/49 12:00 AM;;"Conakry";"KE";"F";"ID 109228104";"A";"memberofparliament"
498;"Teres";;"Onthony";06/21/78 12:00 AM;;"Giza";"KE";"M";"ID 44274851";"A";"memberofparliament"
499;"Obdirehmen";;"Cherles";04/29/45 12:00 AM;;"Nairobi";"KE";"M";"ID 36764147";"A";"memberofparliament"
500;"Weriu";"Dicksun";"Deniel";07/23/49 12:00 AM;;"Addis Ababa";"AO";"F";"ID 873062116";"A";"memberofparliament"
501;"M'Mkekindie";"Hessen";"Devid";02/06/57 12:00 AM;;"Brazzaville";"KE";"M";"ID 69392167";"A";"memberofparliament"
502;"Mwirie";"Mutinde";"Devid";09/10/27 12:00 AM;;"Kaduna";"KE";"F";"ID 81051179";"A";"memberofparliament"
503;"Nengo";"Ibrehim";"Devid Kiprono Sotter";11/03/70 12:00 AM;;"Giza";"KE";"M";"ID 38692523";"A";"memberofparliament"
504;"Metiso";"Ewetun";"Eric";11/05/70 12:00 AM;01/19/07 12:00 AM;"Douala";"KE";"F";"ID 62807469";"A";"memberofparliament"
505;"Kimeto";;"Frencis";11/07/70 12:00 AM;;"Nairobi";"AO";"M";"ID 99666814";"A";"memberofparliament"
506;"Obdelle";"Bumet";"Frencis";01/09/71 12:00 AM;;"Addis Ababa";"KE";"F";"ID 402137118";"A";"memberofparliament"
507;"Mbee";"Deudi";"Jimmy";07/26/39 12:00 AM;;"Brazzaville";"KE";"F";"ID 573966198";"A";"memberofparliament"
508;"Sedi";;"John";02/20/57 12:00 AM;;"Kaduna";"KE";"M";"ID 967830";"A";"memberofparliament"
509;"Leketun";;"John";01/28/78 12:00 AM;;"Mogadishu";"KE";"F";"ID 9687841";"A";"memberofparliament"
510;"Chepkituny";"Jumee";"Keroe";02/21/48 12:00 AM;;"Addis Ababa";"KE";"M";"ID 97201206";"A";"memberofparliament"
511;"Terieki";"Mediri";"Mose";05/04/30 12:00 AM;;"Lubumbashi";"KE";"F";"ID 10025162";"A";"memberofparliament"
512;"Syongoh";"Njeru";"Nicholes";06/28/81 12:00 AM;;"Nairobi";"KE";"F";"ID 94945184";"A";"memberofparliament"
513;"Wemenyinyi";"Reshid";"Noeh";09/15/57 12:00 AM;;"Durban";"KE";"F";"ID 94995185";"A";"memberofparliament"
514;"Sengu";"Nueh erep";"Oboru";10/17/65 12:00 AM;;"Antananarivo";"KE";"F";"ID 8667134181";"A";"memberofparliament"
515;"Selet";"Kenyingi";"Onesmos";12/06/85 12:00 AM;09/30/06 12:00 AM;"Ibadan";"KE";"F";"ID 5161652163";"A";"memberofparliament"
516;"Wenjele";"Keruw";"Otieno";08/01/79 12:00 AM;;"Mogadishu";"KE";"F";"ID 9164364174";"A";"memberofparliament"
517;"Githee";"Kipkusge";"Peter";03/24/23 12:00 AM;;"Ouagadougou";"KE";"M";"ID 123048112";"A";"memberofparliament"
518;"Segow";"Kiyung";"Phillip";11/10/61 12:00 AM;;"Giza";"KE";"F";"ID 164613196";"A";"memberofparliament"
519;"Keter";"Meheleng'eng'e";"Stephen";08/26/40 12:00 AM;;"Douala";"KE";"M";"ID 180995168";"A";"memberofparliament"
520;"Mesile";"Gur";"Stephen";01/29/57 12:00 AM;;"Nairobi";"AO";"M";"ID 19098747";"A";"memberofparliament"
521;"Rotino";"Nuru Ondiek";"Stephen";08/13/81 12:00 AM;;"Addis Ababa";"KE";"F";"ID 46462380";"A";"memberofparliament"
522;"Wekese";;"Twehe";02/16/43 12:00 AM;;"Brazzaville";"KE";"M";"ID 67097850";"A";"memberofparliament"
523;"Oli";;"Velerien";09/19/50 12:00 AM;;"Kaduna";"KE";"F";"ID 67615286";"A";"memberofparliament"
524;"Oyecku";"Ngugi";"Williem";08/15/79 12:00 AM;;"Mogadishu";"KE";"F";"ID 806313108";"A";"memberofparliament"
525;"Micheki";;"Winfred";09/22/79 12:00 AM;;"Addis Ababa";"AO";"F";"ID 93104840";"A";"memberofparliament"
526;"Turoitich";"Nuhene";"Zeddock";03/09/53 12:00 AM;;"Port Harcourt";"KE";"F";"ID 80925360";"A";"memberofparliament"
527;"Mwangi";"John";"Devid";03/16/58 12:00 AM;;"Nairobi";"KE";"F";"ID 7624351";"A";"memberofparliament"
528;"Rutu";"Samoal";"Devid Kiprono Sotter";02/06/49 12:00 AM;;"Durban";"KE";"F";"ID 3777901";"A";"memberofparliament"
529;"Ojode";"Bonifaca";"Eric";11/08/32 12:00 AM;;"Antananarivo";"KE";"M";"ID 797597";"A";"memberofparliament"
530;"Dicksun";"Mosas";"Frencis";05/07/79 12:00 AM;;"Ibadan";"AO";"F";"ID 1997657";"A";"memberofparliament"
531;"Odeke";"Athanas";"Frencis";11/07/56 12:00 AM;;"Mogadishu";"KE";"M";"ID 284377";"A";"memberofparliament"
532;"Ewetun";"Metiso";"Jimmy";05/30/71 12:00 AM;;"Ouagadougou";"KE";"F";"ID 627469";"A";"memberofparliament"
533;"Kenyingi";"Selet";"Onesmos";07/11/86 12:00 AM;;"Giza";"KE";"F";"ID 5152163";"A";"memberofparliament"
534;"Aden";"Beden Njuke";"Wycliffu";08/23/58 12:00 AM;;"Accra";"KE";"M";"ID 67097850127";"A";"memberofparliament"
535;"Wekuli";"Juhn";"Bifwali";02/25/60 12:00 AM;;"Tripoli";"KE";"F";"ID 38951663";"A";"memberofparliament"
536;"Cesyuke";"Gichuhi";"Ruphuul";08/22/76 12:00 AM;;"Alexandria";"KE";"M";"ID 549977557";"A";"memberofparliament"
537;"Tewuri";"Simeun";"Buru";10/22/45 12:00 AM;;"Port Harcourt";"KE";"M";"ID 627469636";"A";"memberofparliament"
538;"Techiri";"Otienu";"Christinu";11/05/58 12:00 AM;;"Omdurman";"KE";"F";"ID 627469991";"A";"memberofparliament"
539;"Aringu";"Kelunzu";"Turaitich";04/27/78 12:00 AM;;"Addis Ababa";"KE";"M";"ID 93104840159";"A";"memberofparliament"
540;"Seti";"Peter";"Guchugau";04/04/38 12:00 AM;12/24/93 12:00 AM;"Nairobi";"AO";"F";"ID 67097850551";"A";"memberofparliament"
541;"Senyette";"Owinu Nyenginye";"Gitaru";08/06/44 12:00 AM;;"Mogadishu";"KE";"M";"ID 549977373";"A";"memberofparliament"
542;"Chebui";"Itwiku";"Prisu";09/19/59 12:00 AM;;"Algiers";"KE";"M";"ID 93104840633";"A";"memberofparliament"
543;"Sembe";"Abungu";"Jaul";12/17/38 12:00 AM;;"Mbuji-Mayi";"KE";"M";"ID 767727785";"A";"memberofparliament"
544;"Segwe";"Kipkusgei";"Jasuph";03/26/80 12:00 AM;;"Lubumbashi";"KE";"F";"ID 549977472";"A";"memberofparliament"
545;"Richerd";;"Kunuchu";04/18/60 12:00 AM;;"Luanda";"KE";"F";"ID 767727192";"A";"memberofparliament"
546;"Onyenche";"Nyemu";"Kianjuri";04/13/42 12:00 AM;;"Lagos";"KE";"F";"ID 767727658";"A";"memberofparliament"
547;"Musikeri";"Shen Miriti";"Kilanza";12/01/78 12:00 AM;;"Lagos";"AO";"F";"ID 767727533";"A";"memberofparliament"
548;"Mugeve";"Ambetse";"Kimuthi";06/22/75 12:00 AM;;"Kinshasa";"KE";"F";"ID 93104840432";"A";"memberofparliament"
549;"Kireitu";"Nyemu";"Kinyunjui";09/08/80 12:00 AM;;"Kaduna";"KE";"F";"ID 767727772";"A";"memberofparliament"
550;"Chebui";;"Patar";10/22/72 12:00 AM;;"Antananarivo";"KE";"M";"ID 67097850664";"A";"memberofparliament"
551;"Justin";"Arengeh";"Kaach";04/18/58 12:00 AM;;"Johannesburg";"KE";"M";"ID 767727944";"A";"memberofparliament"
552;"Cesyuke";"Nderethi";"Richurd";10/19/65 12:00 AM;;"Addis Ababa";"KE";"F";"ID 549977549";"A";"memberofparliament"
553;"Juhn";"Muses";"Kamba";07/13/52 12:00 AM;;"Ibadan";"KE";"F";"ID 627469657";"A";"memberofparliament"
554;"Jimmy";"Sylvester";"Kamba";06/30/40 12:00 AM;;"Durban";"KE";"M";"ID 767727200";"A";"memberofparliament"
555;"Jemes";;"Kanchallu";06/20/40 12:00 AM;;"Durban";"KE";"M";"ID 627469165";"A";"memberofparliament"
556;"Jemes";"Nderitu";"Muara";08/24/79 12:00 AM;;"Dakar";"KE";"M";"ID 38951225";"A";"memberofparliament"
557;"Herrisun";"Kieme";"Muranda";09/09/52 12:00 AM;;"Casablanca";"KE";"M";"ID 38951783";"A";"memberofparliament"
558;"Gudfrey";;"Musunyu";06/14/75 12:00 AM;;"Casablanca";"KE";"M";"ID 627469154";"A";"memberofparliament"
559;"Gideun";;"Musiku";10/21/51 12:00 AM;;"Cape Town";"KE";"M";"ID 67097850351";"A";"memberofparliament"
560;"Gelgellu";"Mwengi";"Marunguru";07/16/52 12:00 AM;;"Cairo";"KE";"M";"ID 93104840457";"A";"memberofparliament"
561;"Frencis";"Sitelu";"Marungi";03/15/63 12:00 AM;;"Cairo";"KE";"M";"ID 67097850990";"A";"memberofparliament"
562;"Festus";"Tule";"Maturi";05/28/58 12:00 AM;;"Bulawayo";"KE";"F";"ID 549977763";"A";"memberofparliament"
563;"Epeinituus";"Cheruiyut";"Midiwa";11/01/79 12:00 AM;;"Brazzaville";"KE";"M";"ID 627469745";"A";"memberofparliament"
564;"Christupher";"Gereme";"Mwukwara";04/25/51 12:00 AM;;"Brazzaville";"KE";"M";"ID 54997762";"A";"memberofparliament"
565;"Chireu";"Meuke";"NaKibuki";06/10/46 12:00 AM;;"Benin";"KE";"M";"ID 93104840970";"A";"memberofparliament"
566;"Cheleite";"Kengere";"Ochilla";04/21/39 12:00 AM;;"Bamako";"KE";"F";"ID 627469539";"A";"memberofparliament"
567;"Mesile";"Kanyinka";"David";11/30/78 12:00 AM;;"Giza";"KE";"M";"ID 38951977";"A";"memberofparliament"
568;"Cesyoke";;"Staphan";09/29/78 12:00 AM;;"Nairobi";"KE";"F";"ID 93104840735";"A";"memberofparliament"
569;"Leketon";"Njaru";"Valarian";07/17/78 12:00 AM;;"Ibadan";"KE";"F";"ID 67097850590";"A";"memberofparliament"
570;"Metiso";"Jusaph";"Juhn";09/16/78 12:00 AM;;"Freetown";"KE";"M";"ID 627469922";"A";"memberofparliament"
571;"Meturi";"Jumaa";"Gidaun";06/23/63 12:00 AM;;"Kano";"KE";"M";"ID 627469722";"A";"memberofparliament"
572;"Mwekwere";"Kilami";"Eric";01/05/64 12:00 AM;;"Rabat";"KE";"M";"ID 93104840107";"A";"memberofparliament"
573;"Mwendewiro";"Munana Gathakari King'ang'i";"Daudi";12/09/64 12:00 AM;;"Cairo";"KE";"F";"ID 767727638";"A";"memberofparliament"
574;"Mwengi";"Mwangi";"Charity";05/29/64 12:00 AM;;"Johannesburg";"KE";"M";"ID 38951526";"A";"memberofparliament"
575;"Mwenzie";"Ali";"Kasaina";03/12/63 12:00 AM;;"Yaoundé";"KE";"M";"ID 549977466";"A";"memberofparliament"
576;"Mwendwe";;"Nurman";05/24/80 12:00 AM;;"Kinshasa";"KE";"M";"ID 67097850977";"A";"memberofparliament"
577;"Mwenje";"Kalamba";"Chirau";08/11/46 12:00 AM;;"Brazzaville";"KE";"F";"ID 767727835";"A";"memberofparliament"
578;"Mwirerie";;"Abdallah";12/06/44 12:00 AM;;"Addis Ababa";"ZA";"F";"ID 67097850946";"A";"memberofparliament"
579;"Mwirie";"Owinu Nyanginya";"Rauban";08/01/46 12:00 AM;;"Maiduguri";"KE";"M";"ID 38951874";"A";"memberofparliament"
580;"Ndembeki";"Badan Njuka";"Justin";06/20/40 12:00 AM;;"Dakar";"KE";"M";"ID 93104840757";"A";"memberofparliament"
581;"Nderite";;"Winfrad";06/01/40 12:00 AM;;"Maputo";"KE";"M";"ID 67097850941";"A";"memberofparliament"
582;"Ndile";"Rungora Ola";"David";11/11/41 12:00 AM;;"Lagos";"KE";"M";"ID 38951468";"A";"memberofparliament"
583;"Ndolo";"Mutinda";"Patar";12/31/39 12:00 AM;;"Mogadishu";"KE";"F";"ID 549977130";"A";"memberofparliament"
584;"Ngile";"Daudi";"William";03/24/76 12:00 AM;;"Alexandria";"KE";"M";"ID 767727485";"A";"memberofparliament"
585;"Ngozi";"Mghanga";"Onasmus";10/16/75 12:00 AM;;"Cape Town";"KE";"F";"ID 38951189";"A";"memberofparliament"
586;"Nkeisserry";"Kalunzo";"Alfrad";02/18/39 12:00 AM;;"Abidjan";"KE";"M";"ID 549977552";"A";"memberofparliament"
587;"Ntetu";;"Richard";04/19/44 12:00 AM;;"Lubumbashi";"KE";"M";"ID 67097850448";"A";"memberofparliament"
588;"Ntimeme";"Sulomon Kamau";"Jusaph";11/20/44 12:00 AM;;"Subra al-Haymah";"KE";"M";"ID 93104840925";"A";"memberofparliament"
589;"Nwige";"Kaluki";"Staphan";04/21/44 12:00 AM;;"Accra";"KE";"M";"ID 627469994";"A";"memberofparliament"
590;"Nyechee";"Musyuka";"Fradrick";03/01/44 12:00 AM;12/04/96 12:00 AM;"Conakry";"KE";"M";"ID 54997742";"A";"memberofparliament"
591;"Nyegeh";"Nyiva";"Jusaph";06/09/35 12:00 AM;12/04/90 12:00 AM;"Kaduna";"KE";"F";"ID 38951332";"A";"memberofparliament"
592;"Nyegeh";"Opun";"Simaun";04/18/39 12:00 AM;;"Dar es Salaam";"KE";"M";"ID 93104840187";"A";"memberofparliament"
593;"Nyemenge";"Kihara";"Juhn";02/09/38 12:00 AM;;"Casablanca";"UG";"F";"ID 38951630";"A";"memberofparliament"
